,now,hex,type,r,t,alt_baro,gs,true_heading,squawk,lat,lon,nic,rc,seen_pos,version,nac_p,nac_v,sil,sil_type,sda,alert,spi,mlat,tisb,messages,seen,rssi,flight,emergency,category,track,baro_rate,alt_geom,nav_qnh,nav_altitude_mcp,nav_heading,nic_baro,gva,nav_modes,nav_altitude_fms
0,1669852799.492,ad6ff2,adsb_icao,N965NN,B738,ground,0.0,300.94,2162,38.853951,-77.040805,8,186,24.057,0,8.0,1.0,2.0,perhour,2.0,0.0,0.0,[],[],64987892,24.1,-13.8,,,,,,,,,,,,,
1,1669852829.492,ad6ff2,adsb_icao,N965NN,B738,ground,0.0,300.94,2162,38.853939,-77.040805,8,186,13.973,0,8.0,,2.0,perhour,,0.0,0.0,[],[],64987897,8.9,-13.8,AAL2695 ,none,A3,,,,,,,,,,
2,1669852859.492,ad6ff2,adsb_icao,N965NN,B738,ground,0.0,300.94,2162,38.853939,-77.040805,8,186,43.973,0,8.0,,2.0,perhour,,0.0,0.0,[],[],64987899,38.9,-13.9,AAL2695 ,none,A3,,,,,,,,,,
3,1669852889.492,ad6ff2,adsb_icao,N965NN,B738,ground,0.0,300.94,2162,38.853939,-77.040805,8,186,3.876,0,8.0,,2.0,perhour,,0.0,0.0,[],[],64987905,3.9,-13.7,AAL2695 ,,A3,,,,,,,,,,
4,1669852919.492,ad6ff2,adsb_icao,N965NN,B738,ground,0.0,300.94,2162,38.853941,-77.040802,8,186,18.99,0,8.0,,2.0,perhour,,0.0,0.0,[],[],64987913,17.2,-13.7,AAL2695 ,none,A3,,,,,,,,,,
5,1669852949.492,ad6ff2,adsb_icao,N965NN,B738,ground,0.0,300.94,2162,38.853941,-77.040802,8,186,48.99,2,9.0,1.0,3.0,perhour,2.0,0.0,0.0,[],[],64987924,8.8,-13.6,AAL2695 ,none,A3,,,,,,,,,,
6,1669853009.496,ad6ff2,adsb_icao,N965NN,B738,ground,0.0,300.94,2162,38.853941,-77.040802,8,186,3.641,2,9.0,1.0,3.0,perhour,2.0,0.0,0.0,[],[],64987940,0.7000000000000001,-12.6,AAL2695 ,none,A3,,,,,,,,,,
7,1669853039.492,ad6ff2,adsb_icao,N965NN,B738,ground,0.0,300.94,2162,38.853939,-77.04079,8,186,3.8200000000000003,2,9.0,1.0,3.0,perhour,2.0,0.0,0.0,[],[],64987948,3.8,-13.1,AAL2695 ,none,A3,,,,,,,,,,
8,1669853069.492,ad6ff2,adsb_icao,N965NN,B738,ground,0.0,300.94,2162,38.853939,-77.04079,8,186,3.841,2,,,,perhour,,0.0,0.0,[],[],64987965,0.0,-12.7,AAL2695 ,none,A3,,,,,,,,,,
9,1669853099.492,ad6ff2,adsb_icao,N965NN,B738,ground,0.0,300.94,2162,38.853941,-77.040787,8,186,13.776,2,,,,perhour,,0.0,0.0,[],[],64987978,6.4,-13.7,AAL2695 ,none,A3,,,,,,,,,,
10,1669853129.492,ad6ff2,adsb_icao,N965NN,B738,ground,0.0,300.94,2162,38.853941,-77.040787,8,186,43.776,2,9.0,1.0,3.0,perhour,2.0,0.0,0.0,[],[],64987984,8.7,-13.2,AAL2695 ,none,A3,,,,,,,,,,
11,1669853159.492,ad6ff2,adsb_icao,N965NN,B738,ground,0.0,300.94,2162,38.853939,-77.04079,8,186,4.248,2,9.0,1.0,3.0,perhour,2.0,0.0,0.0,[],[],64987997,1.9,-13.4,AAL2695 ,none,A3,,,,,,,,,,
12,1669853189.492,ad6ff2,adsb_icao,N965NN,B738,ground,0.0,300.94,2162,38.853939,-77.04079,8,186,29.092,2,9.0,1.0,3.0,perhour,2.0,0.0,0.0,[],[],64988005,4.5,-13.9,AAL2695 ,none,A3,,,,,,,,,,
13,1669853219.493,ad6ff2,adsb_icao,N965NN,B738,ground,0.0,300.94,2162,38.853939,-77.04079,8,186,24.003,2,9.0,1.0,3.0,perhour,2.0,0.0,0.0,[],[],64988013,0.5,-13.8,AAL2695 ,none,A3,,,,,,,,,,
14,1669853249.494,ad6ff2,adsb_icao,N965NN,B738,ground,0.0,300.94,2162,38.853941,-77.040787,8,186,8.5,2,9.0,1.0,3.0,perhour,2.0,0.0,0.0,[],[],64988024,4.0,-13.3,AAL2695 ,none,A3,,,,,,,,,,
15,1669853279.499,ad6ff2,adsb_icao,N965NN,B738,ground,0.0,300.94,2162,38.853941,-77.040787,8,186,38.505,2,9.0,1.0,3.0,perhour,2.0,0.0,0.0,[],[],64988033,5.6,-13.8,AAL2695 ,none,A3,,,,,,,,,,
16,1669853309.493,ad6ff2,adsb_icao,N965NN,B738,ground,0.0,300.94,2162,38.853939,-77.040805,8,186,8.444,2,9.0,1.0,3.0,perhour,2.0,0.0,0.0,[],[],64988052,0.2,-17.8,AAL2695 ,none,A3,,,,,,,,,,
17,1669853339.492,ad6ff2,adsb_icao,N965NN,B738,ground,0.0,300.94,2162,38.853941,-77.040787,8,186,8.507,2,9.0,1.0,3.0,perhour,2.0,0.0,0.0,[],[],64988069,0.4,-24.5,AAL2695 ,none,A3,,,,,,,,,,
18,1669853369.492,ad6ff2,adsb_icao,N965NN,B738,ground,0.0,300.94,2162,38.853939,-77.04079,8,186,3.713,2,9.0,1.0,3.0,perhour,2.0,0.0,0.0,[],[],64988074,3.7,-24.5,AAL2695 ,none,A3,,,,,,,,,,
19,1669853399.492,ad6ff2,adsb_icao,N965NN,B738,ground,0.0,300.94,2162,38.853939,-77.040805,8,186,3.669,2,9.0,1.0,3.0,perhour,2.0,0.0,0.0,[],[],64988090,0.5,-16.9,AAL2695 ,none,A3,,,,,,,,,,
20,1669853429.492,ad6ff2,adsb_icao,N965NN,B738,ground,0.0,300.94,2162,38.853939,-77.040805,8,186,14.022,2,9.0,1.0,3.0,perhour,2.0,0.0,0.0,[],[],64988108,5.6,-21.2,AAL2695 ,none,A3,,,,,,,,,,
21,1669853459.492,ad6ff2,adsb_icao,N965NN,B738,ground,0.0,300.94,2162,38.853941,-77.040802,8,186,8.64,2,9.0,1.0,3.0,perhour,2.0,0.0,0.0,[],[],64988127,0.6000000000000001,-18.4,AAL2695 ,none,A3,,,,,,,,,,
22,1669853489.492,ad6ff2,adsb_icao,N965NN,B738,ground,0.0,300.94,2162,38.853941,-77.040802,8,186,8.321,2,9.0,1.0,3.0,perhour,2.0,0.0,0.0,[],[],64988140,4.5,-16.2,AAL2695 ,none,A3,,,,,,,,,,
23,1669853519.492,ad6ff2,adsb_icao,N965NN,B738,ground,0.0,300.94,2162,38.853939,-77.040805,8,186,13.637,2,9.0,1.0,3.0,perhour,2.0,0.0,0.0,[],[],64988153,0.2,-15.9,AAL2695 ,none,A3,,,,,,,,,,
24,1669853549.492,ad6ff2,adsb_icao,N965NN,B738,ground,0.0,300.94,2162,38.853941,-77.040802,8,186,3.358,2,9.0,1.0,3.0,perhour,2.0,0.0,0.0,[],[],64988166,0.7000000000000001,-13.4,AAL2695 ,none,A3,,,,,,,,,,
25,1669853579.492,ad6ff2,adsb_icao,N965NN,B738,ground,0.0,300.94,2162,38.853941,-77.040802,8,186,3.563,2,9.0,1.0,3.0,perhour,2.0,0.0,0.0,[],[],64988181,0.6000000000000001,-24.2,AAL2695 ,none,A3,,,,,,,,,,
26,1669853609.492,ad6ff2,adsb_icao,N965NN,B738,ground,0.0,300.94,2162,38.853941,-77.040802,8,186,13.263,2,9.0,1.0,3.0,perhour,2.0,0.0,0.0,[],[],64988196,0.30000000000000004,-16.3,AAL2695 ,none,A3,,,,,,,,,,
27,1669853639.492,ad6ff2,adsb_icao,N965NN,B738,ground,0.0,300.94,2162,38.853941,-77.040802,8,186,43.263,2,9.0,1.0,3.0,perhour,2.0,0.0,0.0,[],[],64988208,0.6000000000000001,-17.7,AAL2695 ,none,A3,,,,,,,,,,
28,1669853669.492,ad6ff2,adsb_icao,N965NN,B738,ground,0.0,300.94,2162,38.853951,-77.04079,8,186,18.317,2,9.0,1.0,3.0,perhour,2.0,0.0,0.0,[],[],64988218,0.7000000000000001,-15.9,AAL2695 ,none,A3,,,,,,,,,,
29,1669853699.492,ad6ff2,adsb_icao,N965NN,B738,ground,0.0,300.94,2162,38.853939,-77.04079,8,186,4.076,2,9.0,1.0,3.0,perhour,2.0,0.0,0.0,[],[],64988233,0.2,-17.0,AAL2695 ,none,A3,,,,,,,,,,
30,1669853729.492,ad6ff2,adsb_icao,N965NN,B738,ground,0.0,300.94,2162,38.853939,-77.04079,8,186,34.076,2,9.0,1.0,3.0,perhour,2.0,0.0,0.0,[],[],64988244,8.7,-20.6,AAL2695 ,none,A3,,,,,,,,,,
31,1669853759.492,ad6ff2,adsb_icao,N965NN,B738,ground,0.0,300.94,2162,38.853941,-77.040787,8,186,4.715,2,9.0,1.0,3.0,perhour,2.0,0.0,0.0,[],[],64988262,0.9,-24.8,AAL2695 ,none,A3,,,,,,,,,,
32,1669853789.492,ad6ff2,adsb_icao,N965NN,B738,ground,0.0,303.75,2162,38.853928,-77.04076,8,186,4.737,2,9.0,1.0,3.0,perhour,2.0,0.0,0.0,[],[],64988277,1.0,-10.7,AAL2695 ,none,A3,,,,,,,,,,
33,1669853819.492,ad6ff2,adsb_icao,N965NN,B738,ground,0.6000000000000001,306.56,2162,38.853871,-77.040649,8,186,0.225,2,9.0,1.0,3.0,perhour,2.0,0.0,0.0,[],[],64988318,0.2,-6.6,AAL2695 ,none,A3,,,,,,,,,,
34,1669853849.492,ad6ff2,adsb_icao,N965NN,B738,ground,0.8,312.19,2162,38.853825,-77.040536,8,186,0.93,2,9.0,1.0,3.0,perhour,2.0,0.0,0.0,[],[],64988381,0.0,-6.2,AAL2695 ,none,A3,,,,,,,,,,
35,1669853879.492,ad6ff2,adsb_icao,N965NN,B738,ground,1.4,303.75,2162,38.853685,-77.040375,8,186,0.421,2,9.0,1.0,3.0,perhour,2.0,0.0,0.0,[],[],64988452,0.0,-5.5,AAL2695 ,none,A3,,,,,,,,,,
36,1669853909.492,ad6ff2,adsb_icao,N965NN,B738,ground,1.1,253.12,2162,38.853573,-77.040193,8,186,0.269,2,9.0,1.0,3.0,perhour,2.0,0.0,0.0,[],[],64988525,0.30000000000000004,-6.8,AAL2695 ,none,A3,,,,,,,,,,
37,1669853939.492,ad6ff2,adsb_icao,N965NN,B738,ground,1.1,202.5,2162,38.853607,-77.040014,8,186,0.514,2,9.0,1.0,3.0,perhour,2.0,0.0,0.0,[],[],64988596,0.5,-7.6,AAL2695 ,none,A3,,,,,,,,,,
38,1669853969.492,ad6ff2,adsb_icao,N965NN,B738,ground,1.1,168.75,2162,38.853733,-77.039939,8,186,1.35,2,9.0,1.0,3.0,perhour,2.0,0.0,0.0,[],[],64988656,0.0,-5.2,AAL2695 ,none,A3,,,,,,,,,,
39,1669853999.492,a23a02,adsb_icao,N24211,B738,ground,3.2,261.56,,38.851066,-77.040359,8,186,0.354,2,9.0,1.0,3.0,perhour,2.0,0.0,0.0,[],[],57197454,0.4,-21.4,UAL1598 ,,A3,,,,,,,,,,
40,1669853999.492,ad6ff2,adsb_icao,N965NN,B738,ground,0.0,165.94,2162,38.853848,-77.039969,8,186,0.333,2,9.0,1.0,3.0,perhour,2.0,0.0,0.0,[],[],64988716,0.30000000000000004,-6.4,AAL2695 ,none,A3,,,,,,,,,,
41,1669854030.492,ad6ff2,adsb_icao,N965NN,B738,ground,0.0,165.94,2162,38.853848,-77.039969,8,186,4.965,2,9.0,1.0,3.0,perhour,2.0,0.0,0.0,[],[],64988760,1.1,-7.9,AAL2695 ,none,A3,,,,,,,,,,
42,1669854030.492,a23a02,adsb_icao,N24211,B738,ground,1.9,230.62,0512,38.851159,-77.039841,8,186,1.221,2,9.0,1.0,3.0,perhour,2.0,0.0,0.0,[],[],57197509,1.2,-6.7,UAL1598 ,none,A3,,,,,,,,,,
43,1669854059.492,ad6ff2,adsb_icao,N965NN,B738,ground,0.0,165.94,2162,38.853848,-77.039963,8,186,4.083,2,9.0,1.0,3.0,perhour,2.0,0.0,0.0,[],[],64988796,0.0,-6.8,AAL2695 ,none,A3,,,,,,,,,,
44,1669854059.492,a23a02,adsb_icao,N24211,B738,ground,0.0,191.25,0512,38.851206,-77.039734,8,186,1.184,2,9.0,1.0,3.0,perhour,2.0,0.0,0.0,[],[],57197563,1.2,-4.6,UAL1598 ,none,A3,,,,,,,,,,
45,1669854089.492,ad6ff2,adsb_icao,N965NN,B738,ground,0.0,165.94,2162,38.853848,-77.039969,8,186,3.503,2,9.0,1.0,3.0,perhour,2.0,0.0,0.0,[],[],64988836,0.4,-8.5,AAL2695 ,none,A3,,,,,,,,,,
46,1669854089.492,a23a02,adsb_icao,N24211,B738,ground,0.0,191.25,0512,38.851206,-77.039734,8,186,7.874,2,9.0,1.0,3.0,perhour,2.0,0.0,0.0,[],[],57197587,3.3,-4.2,UAL1598 ,none,A3,,,,,,,,,,
47,1669854119.492,ad6ff2,adsb_icao,N965NN,B738,ground,0.0,165.94,2162,38.853848,-77.039963,8,186,3.067,2,9.0,1.0,3.0,perhour,2.0,0.0,0.0,[],[],64988870,0.0,-8.8,AAL2695 ,none,A3,,,,,,,,,,
48,1669854119.492,a23a02,adsb_icao,N24211,B738,ground,0.0,191.25,0512,38.851206,-77.039734,8,186,3.067,2,9.0,1.0,3.0,perhour,2.0,0.0,0.0,[],[],57197607,3.1,-5.0,UAL1598 ,none,A3,,,,,,,,,,
49,1669854149.492,ad6ff2,adsb_icao,N965NN,B738,ground,0.0,165.94,2162,38.853848,-77.039969,8,186,7.996,2,9.0,1.0,3.0,perhour,2.0,0.0,0.0,[],[],64988897,0.2,-7.5,AAL2695 ,none,A3,,,,,,,,,,
50,1669854149.492,a23a02,adsb_icao,N24211,B738,ground,0.0,191.25,0512,38.851204,-77.03973,8,186,3.364,2,9.0,1.0,3.0,perhour,2.0,0.0,0.0,[],[],57197622,0.5,-6.6,UAL1598 ,none,A3,,,,,,,,,,
51,1669854179.492,ad6ff2,adsb_icao,N965NN,B738,ground,0.0,165.94,2162,38.853848,-77.039978,8,186,2.343,2,9.0,1.0,3.0,perhour,2.0,0.0,0.0,[],[],64988928,0.4,-7.7,AAL2695 ,none,A3,,,,,,,,,,
52,1669854179.492,a23a02,adsb_icao,N24211,B738,ground,0.0,191.25,0512,38.851204,-77.03973,8,186,8.518,2,9.0,1.0,3.0,perhour,2.0,0.0,0.0,[],[],57197646,0.0,-5.1,UAL1598 ,none,A3,,,,,,,,,,
53,1669854209.492,ad6ff2,adsb_icao,N965NN,B738,ground,0.0,165.94,2162,38.853848,-77.039969,8,186,2.4,2,9.0,1.0,3.0,perhour,2.0,0.0,0.0,[],[],64988964,0.7000000000000001,-8.9,AAL2695 ,none,A3,,,,,,,,,,
54,1669854209.492,a23a02,adsb_icao,N24211,B738,ground,0.0,191.25,0512,38.851206,-77.039734,8,186,3.944,2,9.0,1.0,3.0,perhour,2.0,0.0,0.0,[],[],57197667,3.9,-7.4,UAL1598 ,none,A3,,,,,,,,,,
55,1669854239.492,a23a02,adsb_icao,N24211,B738,ground,0.0,191.25,0512,38.851204,-77.03973,8,186,4.189,2,9.0,1.0,3.0,perhour,2.0,0.0,0.0,[],[],57197684,0.5,-10.2,UAL1598 ,none,A3,,,,,,,,,,
56,1669854239.492,ad6ff2,adsb_icao,N965NN,B738,ground,7.2,126.56,2162,38.853371,-77.03952,8,186,0.466,2,9.0,1.0,3.0,perhour,2.0,0.0,0.0,[],[],64989040,0.5,-3.0,AAL2695 ,none,A3,,,,,,,,,,
57,1669854269.492,a23a02,adsb_icao,N24211,B738,ground,0.0,191.25,0512,38.851204,-77.03973,8,186,9.245,2,9.0,1.0,3.0,perhour,2.0,0.0,0.0,[],[],57197708,2.9,-10.7,UAL1598 ,none,A3,,,,,,,,,,
58,1669854269.492,ad6ff2,adsb_icao,N965NN,B738,ground,8.2,177.19,2162,38.852211,-77.039238,8,186,0.11,2,9.0,1.0,3.0,perhour,2.0,0.0,0.0,[],[],64989139,0.1,-3.2,AAL2695 ,none,A3,,,,,,,,,,
59,1669854299.492,a23a02,adsb_icao,N24211,B738,ground,0.0,191.25,0512,38.851192,-77.039745,8,186,4.53,2,9.0,1.0,3.0,perhour,2.0,0.0,0.0,[],[],57197738,4.3,-9.2,UAL1598 ,none,A3,,,,,,,,,,
60,1669854299.492,ad6ff2,adsb_icao,N965NN,B738,ground,10.2,177.19,2162,38.850973,-77.039108,8,186,0.171,2,9.0,1.0,3.0,perhour,2.0,0.0,0.0,[],[],64989234,0.2,-5.8,AAL2695 ,none,A3,,,,,,,,,,
61,1669854329.492,a23a02,adsb_icao,N24211,B738,ground,0.0,191.25,0512,38.851183,-77.039749,8,186,4.632,2,9.0,1.0,3.0,perhour,2.0,0.0,0.0,[],[],57197768,0.4,-6.1,UAL1598 ,none,A3,,,,,,,,,,
62,1669854329.492,ad6ff2,adsb_icao,N965NN,B738,ground,10.8,177.19,2162,38.849518,-77.038971,8,186,0.293,2,9.0,1.0,3.0,perhour,2.0,0.0,0.0,[],[],64989328,0.1,-7.6,AAL2695 ,none,A3,,,,,,,,,,
63,1669854359.492,a23a02,adsb_icao,N24211,B738,ground,6.2,146.25,0512,38.850758,-77.039387,8,186,0.262,2,9.0,1.0,3.0,perhour,2.0,0.0,0.0,[],[],57197830,0.30000000000000004,-5.3,UAL1598 ,none,A3,,,,,,,,,,
64,1669854359.492,ad6ff2,adsb_icao,N965NN,B738,ground,9.8,177.19,2162,38.847994,-77.038803,8,186,0.458,2,9.0,1.0,3.0,perhour,2.0,0.0,0.0,[],[],64989395,0.5,-6.2,AAL2695 ,none,A3,,,,,,,,,,
65,1669854389.492,a23a02,adsb_icao,N24211,B738,ground,9.2,177.19,0512,38.849716,-77.038999,8,186,0.8190000000000001,2,9.0,1.0,3.0,perhour,2.0,0.0,0.0,[],[],57197926,0.8,-9.5,UAL1598 ,none,A3,153.0,,,,,,,,,
66,1669854389.492,ad6ff2,adsb_icao,N965NN,B738,ground,11.8,174.38,2162,38.846455,-77.038655,8,186,0.357,2,9.0,1.0,3.0,perhour,2.0,0.0,0.0,[],[],64989469,0.4,-9.3,AAL2695 ,none,A3,174.0,,,,,,,,,
67,1669854419.492,a23a02,adsb_icao,N24211,B738,ground,11.8,177.19,0512,38.848296,-77.038849,8,186,0.612,2,9.0,1.0,3.0,perhour,2.0,0.0,0.0,[],[],57197991,0.6000000000000001,-6.2,UAL1598 ,none,A3,153.0,0.0,,,,,,,,
68,1669854419.492,ad6ff2,adsb_icao,N965NN,B738,ground,12.2,177.19,2162,38.844818,-77.038491,8,186,1.1219999999999999,2,9.0,1.0,3.0,perhour,2.0,0.0,0.0,[],[],64989546,1.0,-4.6,AAL2695 ,none,A3,174.0,0.0,,,,,,,,
69,1669854449.492,a23a02,adsb_icao,N24211,B738,ground,13.2,177.19,0512,38.846469,-77.038666,8,186,0.053,2,9.0,1.0,3.0,perhour,2.0,0.0,0.0,[],[],57198056,0.1,-11.0,UAL1598 ,none,A3,153.0,0.0,,,,,,,,
70,1669854449.492,ad6ff2,adsb_icao,N965NN,B738,ground,9.8,177.19,2162,38.843388,-77.038342,8,186,2.739,2,9.0,1.0,3.0,perhour,2.0,0.0,0.0,[],[],64989584,0.0,-6.5,AAL2695 ,none,A3,174.0,0.0,,,,,,,,
71,1669854479.492,a23a02,adsb_icao,N24211,B738,ground,11.2,177.19,0512,38.844758,-77.038498,8,186,0.527,2,9.0,1.0,3.0,perhour,2.0,0.0,0.0,[],[],57198137,0.5,-4.9,UAL1598 ,none,A3,,,,,,,,,,
72,1669854479.492,ad6ff2,adsb_icao,N965NN,B738,ground,4.2,149.06,2162,38.842415,-77.038103,8,186,0.002,2,9.0,1.0,3.0,perhour,2.0,0.0,0.0,[],[],64989635,0.0,-9.7,AAL2695 ,none,A3,174.0,0.0,,,,,,,,
73,1669854509.492,a23a02,adsb_icao,N24211,B738,ground,3.2,177.19,0512,38.843909,-77.038422,8,186,1.706,2,9.0,1.0,3.0,perhour,2.0,0.0,0.0,[],[],57198165,0.7000000000000001,-6.5,UAL1598 ,none,A3,176.0,0.0,,,,,,,,
74,1669854509.492,ad6ff2,adsb_icao,N965NN,B738,ground,8.8,123.75,2162,38.841866,-77.037118,8,186,0.0,2,9.0,1.0,3.0,perhour,2.0,0.0,0.0,[],[],64989686,0.0,-7.0,AAL2695 ,none,A3,124.0,0.0,,,,,,,,
75,1669854539.492,a23a02,adsb_icao,N24211,B738,ground,5.8,174.38,0512,38.843373,-77.038345,8,186,3.8040000000000003,2,9.0,1.0,3.0,perhour,2.0,0.0,0.0,[],[],57198211,1.4,-10.6,UAL1598 ,none,A3,176.0,0.0,,,,,,,,
76,1669854539.492,ad6ff2,adsb_icao,N965NN,B738,ground,0.2,357.19,2162,38.842105,-77.036819,8,186,0.58,2,9.0,1.0,3.0,perhour,2.0,0.0,0.0,[],[],64989774,0.4,-3.1,AAL2695 ,none,A3,124.0,0.0,,,,,,,,
77,1669854569.492,a23a02,adsb_icao,N24211,B738,ground,4.2,160.31,0512,38.842477,-77.038193,8,186,0.088,2,9.0,1.0,3.0,perhour,2.0,0.0,0.0,[],[],57198265,0.1,-8.8,UAL1598 ,none,A3,176.0,0.0,,,,,,,,
78,1669854569.492,ad6ff2,adsb_icao,N965NN,B738,-25,100.3,354.38,2162,38.848075,-77.037415,8,186,0.051000000000000004,2,9.0,1.0,3.0,perhour,2.0,0.0,0.0,[],[],64989883,0.1,-4.2,AAL2695 ,none,A3,355.43,64.0,-75.0,1014.4,4992.0,7.03,1.0,2.0,,
79,1669854599.492,ad6ff2,adsb_icao,N965NN,B738,650,154.4,354.38,2162,38.868347,-77.039238,8,186,0.185,2,9.0,1.0,3.0,perhour,2.0,0.0,0.0,[],[],64990097,0.0,-3.4,AAL2695 ,none,A3,352.18,2496.0,575.0,1014.4,4992.0,7.03,1.0,2.0,,
80,1669854599.492,a23a02,adsb_icao,N24211,B738,ground,0.0,126.56,0512,38.842268,-77.037933,8,186,1.75,2,9.0,1.0,3.0,perhour,2.0,0.0,0.0,[],[],57198322,0.7000000000000001,-14.1,UAL1598 ,none,A3,176.0,0.0,,,,,,,,
81,1669854629.492,ad6ff2,adsb_icao,N965NN,B738,1700,163.4,,2162,38.885177,-77.055603,8,186,0.439,2,9.0,1.0,3.0,perhour,2.0,0.0,0.0,[],[],64990390,0.30000000000000004,-5.4,AAL2695 ,none,A3,313.26,1984.0,1600.0,1014.4,4992.0,7.03,1.0,2.0,,
82,1669854629.492,a23a02,adsb_icao,N24211,B738,ground,6.2,78.75,0512,38.841977,-77.036865,8,186,0.042,2,9.0,1.0,3.0,perhour,2.0,0.0,0.0,[],[],57198382,0.0,-3.8,UAL1598 ,none,A3,100.0,0.0,,,,,,,,
83,1669854659.492,ad6ff2,adsb_icao,N965NN,B738,3025,178.6,,2162,38.901764,-77.078526,8,186,0.07100000000000001,2,9.0,1.0,3.0,perhour,2.0,0.0,0.0,[],[],64990679,0.0,-10.0,AAL2695 ,none,A3,311.37,3008.0,2900.0,1014.4,16992.0,319.92,1.0,2.0,,
84,1669854659.492,a23a02,adsb_icao,N24211,B738,ground,55.5,354.38,0512,38.843742,-77.036984,8,186,0.0,2,9.0,1.0,3.0,perhour,2.0,0.0,0.0,[],[],57198476,0.0,-5.3,UAL1598 ,none,A3,100.0,0.0,,,,,,,,
85,1669854689.492,ad6ff2,adsb_icao,N965NN,B738,3975,210.9,,2162,38.917969,-77.105992,8,186,0.032,2,9.0,1.0,3.0,perhour,2.0,0.0,0.0,[],[],64990965,0.0,-8.1,AAL2695 ,none,A3,312.69,1600.0,3825.0,1014.4,16992.0,312.19,1.0,2.0,,
86,1669854689.492,a23a02,adsb_icao,N24211,B738,600,162.1,354.38,0512,38.86232,-77.039001,8,186,0.0,2,9.0,1.0,3.0,perhour,2.0,0.0,0.0,[],[],57198660,0.0,-4.3,UAL1598 ,none,A3,353.27,5120.0,525.0,1014.4,4992.0,7.03,1.0,2.0,,
87,1669854719.492,ad6ff2,adsb_icao,N965NN,B738,5400,221.8,,2162,38.942949,-77.128479,8,186,0.164,2,9.0,1.0,3.0,perhour,2.0,0.0,0.0,[],[],64991258,0.0,-7.4,AAL2695 ,none,A3,328.46,4096.0,5175.0,1014.4,16992.0,336.09,1.0,2.0,,
88,1669854719.492,a23a02,adsb_icao,N24211,B738,2575,154.0,354.38,0512,38.879964,-77.052063,8,186,0.07200000000000001,2,9.0,1.0,3.0,perhour,2.0,0.0,0.0,[],[],57198933,0.0,-4.4,UAL1598 ,none,A3,298.73,3712.0,2450.0,1014.4,16992.0,7.03,1.0,2.0,,
89,1669854749.492,ad6ff2,adsb_icao,N965NN,B738,7000,222.0,,2162,38.967389,-77.152344,8,186,0.331,2,9.0,1.0,3.0,perhour,2.0,0.0,0.0,[],[],64991544,0.0,-9.5,AAL2695 ,none,A3,307.13,3200.0,6750.0,1014.4,16992.0,333.98,1.0,2.0,,
90,1669854749.492,a23a02,adsb_icao,N24211,B738,4250,176.5,,0512,38.897141,-77.070943,8,186,0.148,2,9.0,1.0,3.0,perhour,2.0,0.0,0.0,[],[],57199217,0.0,-4.0,UAL1598 ,none,A3,318.91,4480.0,4075.0,1014.4,16992.0,334.69,1.0,2.0,,
91,1669854779.492,ad6ff2,adsb_icao,N965NN,B738,8375,230.8,,2162,38.974837,-77.19165,8,186,0.211,2,9.0,1.0,3.0,perhour,2.0,0.0,0.0,[],[],64991824,0.0,-11.8,AAL2695 ,none,A3,278.97,2496.0,8125.0,1014.4,16992.0,288.98,1.0,2.0,,
92,1669854779.492,a23a02,adsb_icao,N24211,B738,5475,216.7,,0512,38.912829,-77.098267,8,186,0.291,2,9.0,1.0,3.0,perhour,2.0,0.0,0.0,[],[],57199503,0.1,-4.2,UAL1598 ,none,A3,305.23,1792.0,5300.0,1014.4,16992.0,317.81,1.0,2.0,,
93,1669854809.492,ad6ff2,adsb_icao,N965NN,B738,9750,241.4,,2162,38.980609,-77.232788,8,186,0.41500000000000004,2,9.0,1.0,3.0,perhour,2.0,0.0,0.0,[],[],64992085,0.1,-12.9,AAL2695 ,none,A3,280.98,3328.0,9450.0,1014.4,16992.0,288.98,1.0,2.0,,
94,1669854809.492,a23a02,adsb_icao,N24211,B738,7250,236.0,,0512,38.937456,-77.123474,8,186,0.222,2,9.0,1.0,3.0,perhour,2.0,0.0,0.0,[],[],57199793,0.0,-8.1,UAL1598 ,none,A3,328.87,4096.0,7025.0,1014.4,16992.0,317.81,1.0,2.0,,
95,1669854839.492,ad6ff2,adsb_icao,N965NN,B738,11050,261.8,,2162,38.987686,-77.276041,8,186,0.327,2,9.0,1.0,3.0,perhour,2.0,0.0,0.0,[],[],64992364,0.2,-3.6,AAL2695 ,none,A3,282.13,960.0,10750.0,1014.4,16992.0,288.98,1.0,2.0,,
96,1669854839.492,a23a02,adsb_icao,N24211,B738,8925,249.9,,0512,38.964569,-77.149041,8,186,0.244,2,9.0,1.0,3.0,perhour,2.0,0.0,0.0,[],[],57200071,0.0,-5.6,UAL1598 ,none,A3,304.9,3392.0,8675.0,1014.4,16992.0,310.78,1.0,2.0,,
97,1669854869.492,ad6ff2,adsb_icao,N965NN,B738,11825,293.1,,2162,38.992992,-77.326233,8,186,0.264,2,9.0,1.0,3.0,perhour,2.0,0.0,0.0,[],[],64992648,0.1,-6.8,AAL2695 ,none,A3,271.17,2944.0,11500.0,1014.4,16992.0,279.14,1.0,2.0,,
98,1669854869.492,a23a02,adsb_icao,N24211,B738,10825,245.7,,0512,38.97377,-77.190897,8,186,0.092,2,9.0,1.0,3.0,perhour,2.0,0.0,0.0,[],[],57200354,0.0,-7.8,UAL1598 ,none,A3,281.26,2688.0,10550.0,1014.4,16992.0,284.77,1.0,2.0,,
99,1669854899.492,ad6ff2,adsb_icao,N965NN,B738,13375,302.6,,2162,38.989655,-77.379097,8,186,0.20600000000000002,2,9.0,1.0,3.0,perhour,2.0,0.0,0.0,[],[],64992922,0.2,-6.2,AAL2695 ,none,A3,264.12,3328.0,13100.0,1014.4,16992.0,272.11,1.0,2.0,,
100,1669854899.492,a23a02,adsb_icao,N24211,B738,11500,293.2,,0512,38.981215,-77.237549,8,186,0.337,2,9.0,1.0,3.0,perhour,2.0,0.0,0.0,[],[],57200646,0.2,-10.7,UAL1598 ,none,A3,281.81,2304.0,11225.0,1014.4,16992.0,284.77,1.0,2.0,,
101,1669854929.493,ad6ff2,adsb_icao,N965NN,B738,14975,308.0,,2162,38.985172,-77.433838,8,186,0.0,2,9.0,1.0,3.0,perhour,2.0,0.0,0.0,[],[],64993207,0.0,-7.5,AAL2695 ,none,A3,263.47,3328.0,14675.0,1014.4,16992.0,272.11,1.0,2.0,,
102,1669854929.493,a23a02,adsb_icao,N24211,B738,13175,303.8,,0512,38.9897,-77.29049,8,186,0.0,2,9.0,1.0,3.0,perhour,2.0,0.0,0.0,[],[],57200917,0.0,-8.2,UAL1598 ,none,A3,281.2,3328.0,12925.0,1014.4,16992.0,286.17,1.0,2.0,,
103,1669854959.492,ad6ff2,adsb_icao,N965NN,B738,16600,312.1,,2162,38.980237,-77.487793,8,186,0.316,2,9.0,1.0,3.0,perhour,2.0,0.0,0.0,[],[],64993483,0.1,-8.7,AAL2695 ,none,A3,263.38,2368.0,16325.0,1014.4,16992.0,272.11,1.0,2.0,,
104,1669854959.492,a23a02,adsb_icao,N24211,B738,14925,305.9,,0512,38.991898,-77.343511,8,186,0.41400000000000003,2,9.0,1.0,3.0,perhour,2.0,0.0,0.0,[],[],57201194,0.1,-8.6,UAL1598 ,none,A3,265.5,3584.0,14675.0,1014.4,16992.0,272.81,1.0,2.0,,
105,1669854989.492,ad6ff2,adsb_icao,N965NN,B738,17200,311.1,,2162,38.975209,-77.543091,8,186,0.249,2,9.0,1.0,3.0,perhour,2.0,0.0,0.0,[],[],64993763,0.2,-7.0,AAL2695 ,none,A3,263.35,2240.0,16950.0,1014.4,27008.0,272.11,1.0,2.0,,
106,1669854989.492,a23a02,adsb_icao,N24211,B738,16475,310.7,,0512,38.987457,-77.398503,8,186,0.343,2,9.0,1.0,3.0,perhour,2.0,0.0,0.0,[],[],57201480,0.0,-7.9,UAL1598 ,none,A3,264.09,2432.0,16250.0,1014.4,16992.0,272.81,1.0,2.0,,
107,1669855019.492,ad6ff2,adsb_icao,N965NN,B738,18975,303.8,,2162,38.970415,-77.59729,8,186,0.268,2,9.0,1.0,3.0,perhour,2.0,0.0,0.0,[],[],64994050,0.0,-13.0,AAL2695 ,none,A3,263.76,4032.0,18700.0,1013.6,27008.0,272.11,1.0,2.0,,
108,1669855019.492,a23a02,adsb_icao,N24211,B738,16975,307.9,,0512,38.982844,-77.453796,8,186,0.0,2,9.0,1.0,3.0,perhour,2.0,0.0,0.0,[],[],57201764,0.0,-7.8,UAL1598 ,none,A3,263.66,64.0,16750.0,1014.4,16992.0,272.81,1.0,2.0,,
109,1669855049.492,ad6ff2,adsb_icao,N965NN,B738,20900,296.8,,2162,38.965759,-77.650651,8,186,0.0,2,9.0,1.0,3.0,perhour,2.0,0.0,0.0,[],[],64994326,0.0,-7.5,AAL2695 ,none,A3,263.62,3648.0,20675.0,1013.6,27008.0,272.11,1.0,2.0,,
110,1669855049.492,a23a02,adsb_icao,N24211,B738,16950,307.0,,0512,38.978165,-77.507351,8,186,0.353,2,9.0,1.0,3.0,perhour,2.0,0.0,0.0,[],[],57202041,0.30000000000000004,-5.6,UAL1598 ,none,A3,263.45,64.0,16725.0,1014.4,16992.0,272.81,1.0,2.0,,
111,1669855079.492,ad6ff2,adsb_icao,N965NN,B738,22275,304.8,,2162,38.961273,-77.703134,8,186,0.316,2,9.0,1.0,3.0,perhour,2.0,0.0,0.0,[],[],64994601,0.0,-6.9,AAL2695 ,none,A3,263.78,2496.0,22125.0,1013.6,27008.0,272.11,1.0,2.0,,
112,1669855079.492,a23a02,adsb_icao,N24211,B738,16975,307.9,,0512,38.973404,-77.562044,8,186,0.116,2,9.0,1.0,3.0,perhour,2.0,0.0,0.0,[],[],57202306,0.0,-10.1,UAL1598 ,none,A3,263.66,192.0,16750.0,1014.4,27008.0,272.81,1.0,2.0,,
113,1669855109.492,ad6ff2,adsb_icao,N965NN,B738,23425,316.8,,2162,38.956682,-77.758789,8,186,0.153,2,9.0,1.0,3.0,perhour,2.0,0.0,0.0,[],[],64994888,0.1,-9.8,AAL2695 ,none,A3,263.84,2304.0,23275.0,1013.6,27008.0,272.11,1.0,2.0,,
114,1669855109.492,a23a02,adsb_icao,N24211,B738,18425,290.7,,0512,38.968872,-77.615363,8,186,0.0,2,9.0,1.0,3.0,perhour,2.0,0.0,0.0,[],[],57202570,0.0,-9.4,UAL1598 ,none,A3,263.88,5696.0,18175.0,1013.6,27008.0,272.81,1.0,2.0,,
115,1669855139.492,ad6ff2,adsb_icao,N965NN,B738,24575,322.9,,2162,38.95184,-77.81488,8,186,0.361,2,9.0,1.0,3.0,perhour,2.0,0.0,0.0,[],[],64995164,0.0,-7.9,AAL2695 ,none,A3,263.78,2240.0,24450.0,1013.6,27008.0,272.11,1.0,2.0,,
116,1669855139.492,a23a02,adsb_icao,N24211,B738,20375,286.7,,0512,38.964642,-77.665588,8,186,0.145,2,9.0,1.0,3.0,perhour,2.0,0.0,0.0,[],[],57202850,0.0,-4.6,UAL1598 ,none,A3,263.79,3328.0,20150.0,1013.6,27008.0,272.81,1.0,2.0,,
117,1669855169.492,ad6ff2,adsb_icao,N965NN,B738,25750,330.3,,2162,38.949419,-77.873047,8,186,0.18,2,9.0,1.0,3.0,perhour,2.0,0.0,0.0,[],[],64995437,0.1,-10.0,AAL2695 ,none,A3,272.43,2304.0,25625.0,1013.6,34016.0,274.22,1.0,2.0,,
118,1669855169.492,a23a02,adsb_icao,N24211,B738,21825,295.7,,0512,38.960266,-77.717106,8,186,0.065,2,9.0,1.0,3.0,perhour,2.0,0.0,0.0,[],[],57203122,0.0,-6.3,UAL1598 ,none,A3,263.79,2432.0,21700.0,1013.6,27008.0,272.81,1.0,2.0,,
119,1669855199.492,ad6ff2,adsb_icao,N965NN,B738,26900,335.3,,2162,38.951431,-77.932235,8,186,0.16,2,9.0,1.0,3.0,perhour,2.0,0.0,0.0,[],[],64995714,0.0,-11.4,AAL2695 ,none,A3,272.22,2304.0,26775.0,1013.6,34016.0,279.14,1.0,2.0,,
120,1669855199.492,a23a02,adsb_icao,N24211,B738,23075,304.9,,0512,38.955704,-77.769775,8,186,0.28600000000000003,2,9.0,1.0,3.0,perhour,2.0,0.0,0.0,[],[],57203403,0.1,-9.0,UAL1598 ,none,A3,263.6,2496.0,22925.0,1013.6,27008.0,272.81,1.0,2.0,,
121,1669855229.492,ad6ff2,adsb_icao,N965NN,B738,28000,337.3,,2162,38.9534,-77.9926,8,186,0.015,2,9.0,1.0,3.0,perhour,2.0,0.0,0.0,[],[],64995968,0.0,-10.1,AAL2695 ,none,A3,272.38,1920.0,27925.0,1013.6,34016.0,279.14,1.0,2.0,,
122,1669855229.492,a23a02,adsb_icao,N24211,B738,24350,309.9,,0512,38.951019,-77.824163,8,186,0.23600000000000002,2,9.0,1.0,3.0,perhour,2.0,0.0,0.0,[],[],57203674,0.0,-6.1,UAL1598 ,none,A3,263.7,2560.0,24250.0,1013.6,34016.0,272.81,1.0,2.0,,
123,1669855229.492,ab5f87,adsb_icao,N8318F,B738,ground,0.0,61.88,,38.846558,-77.043358,8,186,2.225,0,8.0,,2.0,perhour,,,,[],[],45062625,2.2,-5.3,,,A3,,,,,,,,,,
124,1669855259.492,ad6ff2,adsb_icao,N965NN,B738,28825,340.3,,2162,38.955368,-78.052129,8,186,0.215,2,9.0,1.0,3.0,perhour,2.0,0.0,0.0,[],[],64996238,0.0,-6.8,AAL2695 ,none,A3,272.36,1536.0,28800.0,1013.6,34016.0,279.14,1.0,2.0,,
125,1669855259.492,a23a02,adsb_icao,N24211,B738,25625,316.3,,0512,38.949692,-77.880289,8,186,0.0,2,9.0,1.0,3.0,perhour,2.0,0.0,0.0,[],[],57203945,0.0,-7.2,UAL1598 ,none,A3,272.54,2432.0,25525.0,1013.6,34016.0,272.81,1.0,2.0,,
126,1669855259.492,ab5f87,adsb_icao,N8318F,B738,ground,0.0,61.88,,38.846558,-77.043358,8,186,32.225,0,8.0,,2.0,perhour,,,,[],[],45062625,32.2,-5.3,,,A3,,,,,,,,,,
127,1669855289.492,ad6ff2,adsb_icao,N965NN,B738,29550,345.3,,2162,38.957333,-78.113586,8,186,0.036000000000000004,2,9.0,1.0,3.0,perhour,2.0,0.0,0.0,[],[],64996495,0.0,-9.0,AAL2695 ,none,A3,272.49,1984.0,29550.0,1013.6,34016.0,279.14,1.0,2.0,,
128,1669855289.492,a23a02,adsb_icao,N24211,B738,26775,321.3,,0512,38.951514,-77.936523,8,186,0.054,2,9.0,1.0,3.0,perhour,2.0,0.0,0.0,[],[],57204202,0.1,-13.9,UAL1598 ,none,A3,272.5,2368.0,26725.0,1013.6,34016.0,277.73,1.0,2.0,,
129,1669855319.492,ad6ff2,adsb_icao,N965NN,B738,30550,344.3,,2162,38.959351,-78.174113,8,186,0.306,2,9.0,1.0,3.0,perhour,2.0,0.0,0.0,[],[],64996766,0.1,-8.3,AAL2695 ,none,A3,272.5,2240.0,30525.0,1013.6,34016.0,279.14,1.0,2.0,,
130,1669855319.492,a23a02,adsb_icao,N24211,B738,27900,323.3,,0512,38.953469,-77.993774,8,186,0.16,2,9.0,1.0,3.0,perhour,2.0,0.0,0.0,[],[],57204459,0.1,-8.7,UAL1598 ,none,A3,272.48,1920.0,27875.0,1013.6,34016.0,277.73,1.0,2.0,,
131,1669855349.492,ad6ff2,adsb_icao,N965NN,B738,31600,344.2,,2162,38.961802,-78.234619,8,186,0.436,2,9.0,1.0,3.0,perhour,2.0,0.0,0.0,[],[],64997037,0.0,-6.4,AAL2695 ,none,A3,274.83,1984.0,31600.0,1013.6,34016.0,279.14,1.0,2.0,,
132,1669855349.492,a23a02,adsb_icao,N24211,B738,28775,326.3,,0512,38.955414,-78.051473,8,186,0.101,2,9.0,1.0,3.0,perhour,2.0,0.0,0.0,[],[],57204723,0.0,-12.2,UAL1598 ,none,A3,272.46,1536.0,28775.0,1013.6,34016.0,277.73,1.0,2.0,,
133,1669855379.492,ad6ff2,adsb_icao,N965NN,B738,32600,339.2,,2162,38.965851,-78.295978,8,186,0.111,2,9.0,1.0,3.0,perhour,2.0,0.0,0.0,[],[],64997312,0.0,-10.9,AAL2695 ,none,A3,274.9,1984.0,32650.0,1013.6,34016.0,279.14,1.0,2.0,,
134,1669855379.492,a23a02,adsb_icao,N24211,B738,29525,332.3,,0512,38.957291,-78.110166,8,186,0.016,2,9.0,1.0,3.0,perhour,2.0,0.0,0.0,[],[],57205000,0.0,-8.9,UAL1598 ,none,A3,272.24,1408.0,29550.0,1013.6,34016.0,277.73,1.0,2.0,,
135,1669855409.492,ad6ff2,adsb_icao,N965NN,B738,33575,333.1,,2162,38.969788,-78.355567,8,186,0.032,2,9.0,1.0,3.0,perhour,2.0,0.0,0.0,[],[],64997586,0.0,-10.7,AAL2695 ,none,A3,274.65,1984.0,33600.0,1013.6,34016.0,279.14,1.0,2.0,,
136,1669855409.492,a23a02,adsb_icao,N24211,B738,30250,340.2,,0512,38.959195,-78.169678,8,186,0.085,2,9.0,1.0,3.0,perhour,2.0,0.0,0.0,[],[],57205255,0.0,-11.2,UAL1598 ,none,A3,272.19,1408.0,30275.0,1013.6,34016.0,277.73,1.0,2.0,,
137,1669855409.492,ab5f87,adsb_icao,N8318F,B738,ground,0.0,61.88,,38.846574,-77.043411,8,186,7.104,2,9.0,1.0,3.0,perhour,2.0,,,[],[],45062628,7.1,-5.7,,,A3,,,,,,,,,,
138,1669855439.492,ad6ff2,adsb_icao,N965NN,B738,34000,333.0,,2162,38.97345,-78.414559,8,186,0.046,2,9.0,1.0,3.0,perhour,2.0,0.0,0.0,[],[],64997854,0.0,-8.2,AAL2695 ,none,A3,274.48,0.0,34075.0,1013.6,38016.0,279.14,1.0,2.0,,
139,1669855439.492,a23a02,adsb_icao,N24211,B738,31000,347.2,,0512,38.961476,-78.230164,8,186,0.319,2,9.0,1.0,3.0,perhour,2.0,0.0,0.0,[],[],57205532,0.0,-7.3,UAL1598 ,none,A3,274.79,1472.0,31050.0,1013.6,34016.0,277.73,1.0,2.0,,
140,1669855439.492,ab5f87,adsb_icao,N8318F,B738,ground,1.4,59.06,5622,38.8465,-77.043522,8,186,13.103,2,9.0,1.0,3.0,perhour,2.0,0.0,0.0,[],[],45062632,13.1,-4.7,,none,A3,,,,,,,,,,
141,1669855469.492,ad6ff2,adsb_icao,N965NN,B738,34725,330.2,,2162,38.977112,-78.473073,8,186,0.159,2,9.0,1.0,3.0,perhour,2.0,0.0,0.0,[],[],64998115,0.2,-11.3,AAL2695 ,none,A3,274.86,2048.0,34775.0,1013.6,38016.0,279.14,1.0,2.0,,
142,1669855469.492,a23a02,adsb_icao,N24211,B738,32000,343.3,,0512,38.965527,-78.291199,8,186,0.387,2,9.0,1.0,3.0,perhour,2.0,0.0,0.0,[],[],57205795,0.30000000000000004,-7.8,UAL1598 ,none,A3,275.01,2112.0,32050.0,1013.6,34016.0,279.14,1.0,2.0,,
143,1669855469.492,ab5f87,adsb_icao,N8318F,B738,ground,1.9,70.31,5622,38.846363,-77.043775,8,186,14.669,2,,,,perhour,,0.0,0.0,[],[],45062635,14.7,-4.6,,none,A3,,,,,,,,,,
144,1669855499.492,ad6ff2,adsb_icao,N965NN,B738,35575,327.0,,2162,38.980889,-78.531677,8,186,0.123,2,9.0,1.0,3.0,perhour,2.0,0.0,0.0,[],[],64998379,0.1,-10.3,AAL2695 ,none,A3,274.56,1664.0,35675.0,1013.6,38016.0,279.14,1.0,2.0,,
145,1669855499.492,a23a02,adsb_icao,N24211,B738,33050,336.2,,0512,38.969623,-78.352295,8,186,0.0,2,9.0,1.0,3.0,perhour,2.0,0.0,0.0,[],[],57206072,0.0,-6.4,UAL1598 ,none,A3,274.78,1856.0,33125.0,1013.6,34016.0,279.14,1.0,2.0,,
146,1669855499.492,ab5f87,adsb_icao,N8318F,B738,ground,1.9,70.31,,38.846363,-77.043775,8,186,44.669,2,,,,perhour,,0.0,0.0,[],[],45062635,44.7,-4.6,,,A3,,,,,,,,,,
147,1669855529.492,ad6ff2,adsb_icao,N965NN,B738,36300,328.0,,2162,38.984528,-78.589982,8,186,0.0,2,9.0,1.0,3.0,perhour,2.0,0.0,0.0,[],[],64998654,0.0,-9.6,AAL2695 ,none,A3,274.55,1152.0,36400.0,1013.6,38016.0,279.14,1.0,2.0,,
148,1669855529.492,a23a02,adsb_icao,N24211,B738,33925,334.1,,0512,38.973358,-78.411036,8,186,0.184,2,9.0,1.0,3.0,perhour,2.0,0.0,0.0,[],[],57206345,0.0,-5.1,UAL1598 ,none,A3,274.64,1088.0,34000.0,1013.6,34016.0,279.14,1.0,2.0,,
149,1669855559.492,ad6ff2,adsb_icao,N965NN,B738,36800,334.1,,2162,38.988144,-78.648376,8,186,0.027,2,9.0,1.0,3.0,perhour,2.0,0.0,0.0,[],[],64998917,0.0,-10.1,AAL2695 ,none,A3,274.64,704.0,36925.0,1013.6,38016.0,279.14,1.0,2.0,,
150,1669855559.492,a23a02,adsb_icao,N24211,B738,34000,345.1,,0512,38.977025,-78.471497,8,186,0.126,2,9.0,1.0,3.0,perhour,2.0,0.0,0.0,[],[],57206594,0.0,-10.2,UAL1598 ,none,A3,274.49,-64.0,34100.0,1013.6,34016.0,279.14,1.0,2.0,,
151,1669855589.492,ad6ff2,adsb_icao,N965NN,B738,37125,340.0,,2162,38.991829,-78.70813,8,186,0.046,2,9.0,1.0,3.0,perhour,2.0,0.0,0.0,[],[],64999168,0.0,-11.4,AAL2695 ,none,A3,274.39,704.0,37250.0,1013.6,38016.0,279.14,1.0,2.0,,
152,1669855589.492,a23a02,adsb_icao,N24211,B738,34000,345.1,,0512,38.980957,-78.532244,8,186,0.294,2,9.0,1.0,3.0,perhour,2.0,0.0,0.0,[],[],57206844,0.0,-9.9,UAL1598 ,none,A3,274.65,0.0,34100.0,1013.6,34016.0,279.14,1.0,2.0,,
153,1669855619.492,ad6ff2,adsb_icao,N965NN,B738,37525,345.1,,2162,38.99556,-78.768987,8,186,0.0,2,9.0,1.0,3.0,perhour,2.0,0.0,0.0,[],[],64999424,0.0,-11.0,AAL2695 ,none,A3,274.49,768.0,37675.0,1013.6,38016.0,279.84,1.0,2.0,,
154,1669855619.492,a23a02,adsb_icao,N24211,B738,34000,346.1,,0512,38.984802,-78.594161,8,186,0.024,2,9.0,1.0,3.0,perhour,2.0,0.0,0.0,[],[],57207112,0.0,-12.1,UAL1598 ,none,A3,274.47,0.0,34100.0,1013.6,34016.0,279.14,1.0,2.0,,
155,1669855649.492,ad6ff2,adsb_icao,N965NN,B738,37975,350.0,,2162,38.999323,-78.830078,8,186,0.28700000000000003,2,9.0,1.0,3.0,perhour,2.0,0.0,0.0,[],[],64999677,0.1,-8.9,AAL2695 ,none,A3,274.42,640.0,38125.0,1013.6,38016.0,279.84,1.0,2.0,,
156,1669855649.492,a23a02,adsb_icao,N24211,B738,34000,347.2,,0512,38.988693,-78.655422,8,186,0.124,2,9.0,1.0,3.0,perhour,2.0,0.0,0.0,[],[],57207363,0.0,-10.4,UAL1598 ,none,A3,274.79,0.0,34075.0,1013.6,34016.0,279.14,1.0,2.0,,
157,1669855679.492,ad6ff2,adsb_icao,N965NN,B738,38000,355.1,,2162,39.003141,-78.893188,8,186,0.042,2,9.0,1.0,3.0,perhour,2.0,0.0,0.0,[],[],64999944,0.0,-10.0,AAL2695 ,none,A3,274.52,0.0,38125.0,1013.6,38016.0,279.84,1.0,2.0,,
158,1669855679.492,a23a02,adsb_icao,N24211,B738,34000,344.0,,0512,38.992493,-78.71626499999999,8,186,0.34900000000000003,2,9.0,1.0,3.0,perhour,2.0,0.0,0.0,[],[],57207633,0.1,-8.6,UAL1598 ,none,A3,274.33,64.0,34100.0,1013.6,34016.0,279.14,1.0,2.0,,
159,1669855679.492,ab5f87,adsb_icao,N8318F,B738,ground,5.8,120.94,,38.846341,-77.04425,8,186,5.926,2,,,,perhour,,,,[],[],45062636,5.9,-4.3,,,A3,,,,,,,,,,
160,1669855709.492,ad6ff2,adsb_icao,N965NN,B738,38000,355.4,,2162,39.007095,-78.956412,8,186,0.0,2,9.0,1.0,3.0,perhour,2.0,0.0,0.0,[],[],65000210,0.0,-15.2,AAL2695 ,none,A3,275.17,64.0,38125.0,1013.6,38016.0,281.25,1.0,2.0,,
161,1669855709.492,a23a02,adsb_icao,N24211,B738,34000,344.0,,0512,38.996109,-78.777884,8,186,0.046,2,9.0,1.0,3.0,perhour,2.0,0.0,0.0,[],[],57207887,0.0,-12.3,UAL1598 ,none,A3,274.33,0.0,34100.0,1013.6,34016.0,279.14,1.0,2.0,,
162,1669855709.492,ab5f87,adsb_icao,N8318F,B738,ground,10.8,78.75,,38.845759,-77.042419,8,186,0.495,2,9.0,1.0,3.0,perhour,2.0,0.0,0.0,[],[],45062644,0.5,-7.7,,,A3,,,,,,,,,,
163,1669855739.492,ad6ff2,adsb_icao,N965NN,B738,38000,356.5,,2162,39.011719,-79.018986,8,186,0.184,2,9.0,1.0,3.0,perhour,2.0,0.0,0.0,[],[],65000465,0.0,-14.4,AAL2695 ,none,A3,275.31,0.0,38150.0,1013.6,38016.0,281.25,1.0,2.0,,
164,1669855739.492,a23a02,adsb_icao,N24211,B738,34000,346.1,,0512,38.999771,-78.839264,8,186,0.0,2,9.0,1.0,3.0,perhour,2.0,0.0,0.0,[],[],57208149,0.0,-7.1,UAL1598 ,none,A3,274.47,-64.0,34075.0,1013.6,34016.0,279.14,1.0,2.0,,
165,1669855739.492,ab5f87,adsb_icao,N8318F,B738,ground,11.8,171.56,5622,38.844886,-77.041489,8,186,0.367,2,9.0,1.0,3.0,perhour,2.0,0.0,0.0,[],[],45062670,0.4,-6.3,,none,A3,,,,,,,,,,
166,1669855769.492,ad6ff2,adsb_icao,N965NN,B738,38000,353.5,,2162,39.015384,-79.081726,8,186,0.14400000000000002,2,9.0,1.0,3.0,perhour,2.0,0.0,0.0,[],[],65000717,0.1,-15.2,AAL2695 ,none,A3,272.92,0.0,38125.0,1013.6,38016.0,281.25,1.0,2.0,,
167,1669855769.492,a23a02,adsb_icao,N24211,B738,34000,346.1,,0512,39.003513,-78.900269,8,186,0.14400000000000002,2,9.0,1.0,3.0,perhour,2.0,0.0,0.0,[],[],57208412,0.0,-13.6,UAL1598 ,none,A3,274.47,0.0,34050.0,1013.6,34016.0,279.14,1.0,2.0,,
168,1669855769.492,ab5f87,adsb_icao,N8318F,B738,ground,9.8,87.19,5622,38.843816,-77.040588,8,186,0.34400000000000003,2,9.0,1.0,3.0,perhour,2.0,0.0,0.0,[],[],45062702,0.30000000000000004,-14.2,SWA2876 ,none,A3,,,,,,,,,,
169,1669855799.492,ad6ff2,adsb_icao,N965NN,B738,38000,349.6,,2162,39.017898,-79.143738,8,186,0.388,2,9.0,1.0,3.0,perhour,2.0,0.0,0.0,[],[],65000992,0.0,-12.9,AAL2695 ,none,A3,273.28,64.0,38125.0,1013.6,38016.0,281.25,1.0,2.0,,
170,1669855799.492,a23a02,adsb_icao,N24211,B738,34000,345.0,,0512,39.007233,-78.961547,8,186,0.154,2,9.0,1.0,3.0,perhour,2.0,0.0,0.0,[],[],57208656,0.0,-9.3,UAL1598 ,none,A3,274.32,64.0,34050.0,1013.6,34016.0,279.14,1.0,2.0,,
171,1669855799.492,ab5f87,adsb_icao,N8318F,B738,ground,9.8,98.44,5622,38.843857,-77.038909,8,186,4.855,2,9.0,1.0,3.0,perhour,2.0,0.0,0.0,[],[],45062740,1.2,-7.6,SWA2876 ,none,A3,,,,,,,,,,
172,1669855829.492,ad6ff2,adsb_icao,N965NN,B738,38000,348.2,,2162,39.021529,-79.206543,8,186,0.0,2,9.0,1.0,3.0,perhour,2.0,0.0,0.0,[],[],65001274,0.0,-17.4,AAL2695 ,none,A3,274.78,64.0,38150.0,1013.6,38016.0,281.25,1.0,2.0,,
173,1669855829.492,a23a02,adsb_icao,N24211,B738,34000,344.0,,0512,39.010775,-79.022217,8,186,0.34700000000000003,2,9.0,1.0,3.0,perhour,2.0,0.0,0.0,[],[],57208902,0.0,-15.2,UAL1598 ,none,A3,274.33,0.0,34050.0,1013.6,34016.0,279.14,1.0,2.0,,
174,1669855829.492,ab5f87,adsb_icao,N8318F,B738,ground,6.8,151.88,5622,38.843033,-77.038372,8,186,12.876,2,9.0,1.0,3.0,perhour,2.0,0.0,0.0,[],[],45062766,1.2,-5.9,SWA2876 ,none,A3,,,,,,,,,,
175,1669855859.492,ad6ff2,adsb_icao,N965NN,B738,38000,352.2,,2162,39.025543,-79.268626,8,186,0.0,2,9.0,1.0,3.0,perhour,2.0,0.0,0.0,[],[],65001540,0.0,-13.9,AAL2695 ,none,A3,274.72,-128.0,38175.0,1013.6,38016.0,281.25,1.0,2.0,,
176,1669855859.492,a23a02,adsb_icao,N24211,B738,34000,340.9,,0512,39.014328,-79.083053,8,186,0.28400000000000003,2,9.0,1.0,3.0,perhour,2.0,0.0,0.0,[],[],57209160,0.0,-11.9,UAL1598 ,none,A3,274.21,-64.0,34050.0,1013.6,34016.0,279.14,1.0,2.0,,
177,1669855859.492,ab5f87,adsb_icao,N8318F,B738,ground,9.2,98.44,5622,38.841965,-77.037323,8,186,1.009,2,9.0,1.0,3.0,perhour,2.0,0.0,0.0,[],[],45062799,1.0,-8.1,SWA2876 ,none,A3,,,,,,,,,,
178,1669855889.492,ad6ff2,adsb_icao,N965NN,B738,38000,360.3,,2162,39.029675,-79.331238,8,186,0.185,2,9.0,1.0,3.0,perhour,2.0,0.0,0.0,[],[],65001802,0.0,-16.4,AAL2695 ,none,A3,274.94,-64.0,38150.0,1013.6,38016.0,281.25,1.0,2.0,,
179,1669855889.492,a23a02,adsb_icao,N24211,B738,34000,339.9,,0512,39.017715,-79.143896,8,186,0.0,2,9.0,1.0,3.0,perhour,2.0,0.0,0.0,[],[],57209416,0.0,-9.3,UAL1598 ,none,A3,274.22,64.0,34050.0,1013.6,34016.0,279.14,1.0,2.0,,
180,1669855889.492,ab5f87,adsb_icao,N8318F,B738,-25,110.4,354.38,5622,38.84868,-77.037598,8,186,0.0,2,9.0,1.0,3.0,perhour,2.0,0.0,0.0,[],[],45062902,0.0,-5.3,SWA2876 ,none,A3,355.32,0.0,-75.0,1014.4,4992.0,331.17,1.0,2.0,,
181,1669855919.492,ad6ff2,adsb_icao,N965NN,B738,38000,363.2,,2162,39.03392,-79.395506,8,186,0.25,2,9.0,1.0,3.0,perhour,2.0,0.0,0.0,[],[],65002068,0.0,-14.2,AAL2695 ,none,A3,274.74,0.0,38150.0,1013.6,38016.0,279.84,1.0,2.0,,
182,1669855919.492,a23a02,adsb_icao,N24211,B738,34025,349.3,,0512,39.021343,-79.205078,8,186,0.036000000000000004,2,9.0,1.0,3.0,perhour,2.0,0.0,0.0,[],[],57209662,0.0,-15.9,UAL1598 ,none,A3,274.93,0.0,34100.0,1013.6,34016.0,279.14,1.0,2.0,,
183,1669855919.492,ab5f87,adsb_icao,N8318F,B738,1025,135.6,354.38,5622,38.86786,-77.039185,8,186,0.388,2,9.0,1.0,3.0,perhour,2.0,0.0,0.0,[],[],45063106,0.0,-6.1,SWA2876 ,none,A3,351.09,2944.0,925.0,1014.4,4992.0,331.17,1.0,2.0,,
184,1669855949.492,ad6ff2,adsb_icao,N965NN,B738,38000,365.2,,2162,39.03804,-79.460589,8,186,0.055,2,9.0,1.0,3.0,perhour,2.0,0.0,0.0,[],[],65002342,0.0,-13.2,AAL2695 ,none,A3,274.71,64.0,38125.0,1013.6,38016.0,279.84,1.0,2.0,,
185,1669855949.492,a23a02,adsb_icao,N24211,B738,34025,355.4,,0512,39.025589,-79.267134,8,186,0.149,2,9.0,1.0,3.0,perhour,2.0,0.0,0.0,[],[],57209940,0.1,-16.2,UAL1598 ,none,A3,275.0,-128.0,34125.0,1013.6,34016.0,279.14,1.0,2.0,,
186,1669855949.492,ab5f87,adsb_icao,N8318F,B738,1875,162.7,,5622,38.884479,-77.053284,8,186,0.021,2,9.0,1.0,3.0,perhour,2.0,0.0,0.0,[],[],45063364,0.0,-4.0,SWA2876 ,none,A3,316.49,1600.0,1750.0,1014.4,4992.0,331.17,1.0,2.0,,
187,1669855979.492,ad6ff2,adsb_icao,N965NN,B738,38000,366.2,,2162,39.042297,-79.525671,8,186,0.0,2,9.0,1.0,3.0,perhour,2.0,0.0,0.0,[],[],65002613,0.0,-9.4,AAL2695 ,none,A3,274.7,0.0,38125.0,1013.6,38016.0,279.84,1.0,2.0,,
188,1669855979.492,a23a02,adsb_icao,N24211,B738,34000,360.3,,0512,39.029862,-79.330261,8,186,0.326,2,9.0,1.0,3.0,perhour,2.0,0.0,0.0,[],[],57210203,0.1,-12.0,UAL1598 ,none,A3,274.94,-64.0,34050.0,1013.6,34016.0,279.14,1.0,2.0,,
189,1669855979.492,ab5f87,adsb_icao,N8318F,B738,3125,174.6,,5622,38.901352,-77.074466,8,186,0.437,2,9.0,1.0,3.0,perhour,2.0,0.0,0.0,[],[],45063644,0.0,-9.4,SWA2876 ,none,A3,307.79,2944.0,2950.0,1014.4,16992.0,331.17,1.0,2.0,,
190,1669856009.492,ad6ff2,adsb_icao,N965NN,B738,38000,365.1,,2162,39.046341,-79.589844,8,186,0.194,2,9.0,1.0,3.0,perhour,2.0,0.0,0.0,[],[],65002876,0.0,-8.5,AAL2695 ,none,A3,274.4,0.0,38100.0,1013.6,38016.0,279.84,1.0,2.0,,
191,1669856009.492,a23a02,adsb_icao,N24211,B738,34000,357.2,,0512,39.034103,-79.393954,8,186,0.393,2,9.0,1.0,3.0,perhour,2.0,0.0,0.0,[],[],57210458,0.0,-17.3,UAL1598 ,none,A3,274.66,64.0,34025.0,1013.6,34016.0,279.84,1.0,2.0,,
192,1669856009.492,ab5f87,adsb_icao,N8318F,B738,3875,215.2,,5622,38.914856,-77.1042,8,186,0.337,2,9.0,1.0,3.0,perhour,2.0,0.0,0.0,[],[],45063919,0.0,-5.5,SWA2876 ,none,A3,306.5,2048.0,3725.0,1014.4,16992.0,331.17,1.0,2.0,,
193,1669856039.492,ad6ff2,adsb_icao,N965NN,B738,38000,361.2,,2162,39.050252,-79.653992,8,186,0.291,2,9.0,1.0,3.0,perhour,2.0,0.0,0.0,[],[],65003134,0.1,-12.8,AAL2695 ,none,A3,274.61,-64.0,38075.0,1013.6,38016.0,279.84,1.0,2.0,,
194,1669856039.492,a23a02,adsb_icao,N24211,B738,34000,353.1,,0512,39.038148,-79.457275,8,186,0.195,2,9.0,1.0,3.0,perhour,2.0,0.0,0.0,[],[],57210725,0.0,-11.2,UAL1598 ,none,A3,274.55,0.0,34000.0,1013.6,34016.0,279.84,1.0,2.0,,
195,1669856039.492,ab5f87,adsb_icao,N8318F,B738,5400,229.7,,5622,38.940445,-77.128084,8,186,0.0,2,9.0,1.0,3.0,perhour,2.0,0.0,0.0,[],[],45064194,0.0,-6.1,SWA2876 ,none,A3,330.53,4608.0,5175.0,1014.4,16992.0,331.17,1.0,2.0,,
196,1669856069.492,ad6ff2,adsb_icao,N965NN,B738,38000,361.1,,2162,39.054291,-79.717812,8,186,0.356,2,9.0,1.0,3.0,perhour,2.0,0.0,0.0,[],[],65003402,0.2,-19.2,AAL2695 ,none,A3,274.45,0.0,38050.0,1013.6,38016.0,279.84,1.0,2.0,,
197,1669856069.492,a23a02,adsb_icao,N24211,B738,34000,350.0,,0512,39.042023,-79.519939,8,186,0.011,2,9.0,1.0,3.0,perhour,2.0,0.0,0.0,[],[],57210969,0.0,-18.7,UAL1598 ,none,A3,274.42,0.0,33975.0,1013.6,34016.0,279.84,1.0,2.0,,
198,1669856069.492,ab5f87,adsb_icao,N8318F,B738,7175,227.2,,5622,38.966225,-77.150879,8,186,0.0,2,9.0,1.0,3.0,perhour,2.0,0.0,0.0,[],[],45064470,0.0,-5.3,SWA2876 ,none,A3,308.03,3264.0,6900.0,1014.4,16992.0,331.17,1.0,2.0,,
199,1669856099.492,ad6ff2,adsb_icao,N965NN,B738,38000,362.2,,2162,39.058228,-79.782177,8,186,0.271,2,9.0,1.0,3.0,perhour,2.0,0.0,0.0,[],[],65003677,0.0,-9.0,AAL2695 ,none,A3,274.59,0.0,38050.0,1013.6,38016.0,279.84,1.0,2.0,,
200,1669856099.492,a23a02,adsb_icao,N24211,B738,34000,348.1,,0512,39.045783,-79.581299,8,186,0.396,2,9.0,1.0,3.0,perhour,2.0,0.0,0.0,[],[],57211224,0.0,-14.3,UAL1598 ,none,A3,274.61,0.0,33950.0,1013.6,34016.0,279.84,1.0,2.0,,
201,1669856099.492,ab5f87,adsb_icao,N8318F,B738,8525,236.6,,5622,38.974465,-77.190002,8,186,0.042,2,9.0,1.0,3.0,perhour,2.0,0.0,0.0,[],[],45064743,0.0,-18.3,SWA2876 ,none,A3,278.51,3264.0,8250.0,1014.4,16992.0,289.69,1.0,2.0,,
202,1669856129.492,ad6ff2,adsb_icao,N965NN,B738,38000,361.2,,2162,39.062256,-79.846722,8,186,0.066,2,9.0,1.0,3.0,perhour,2.0,0.0,0.0,[],[],65003950,0.1,-12.9,AAL2695 ,none,A3,274.76,0.0,38025.0,1013.6,38016.0,279.84,1.0,2.0,,
203,1669856129.492,a23a02,adsb_icao,N24211,B738,34000,345.1,,0512,39.049622,-79.642818,8,186,0.28500000000000003,2,9.0,1.0,3.0,perhour,2.0,0.0,0.0,[],[],57211488,0.2,-16.9,UAL1598 ,none,A3,274.65,0.0,33925.0,1013.6,34016.0,279.84,1.0,2.0,,
204,1669856129.492,ab5f87,adsb_icao,N8318F,B738,10225,243.8,,5622,38.980179,-77.231976,8,186,0.05,2,9.0,1.0,3.0,perhour,2.0,0.0,0.0,[],[],45065023,0.1,-6.6,SWA2876 ,none,A3,281.36,3712.0,9925.0,1014.4,16992.0,289.69,1.0,2.0,,
205,1669856159.492,ad6ff2,adsb_icao,N965NN,B738,38000,360.0,,2162,39.066219,-79.910461,8,186,0.194,2,9.0,1.0,3.0,perhour,2.0,0.0,0.0,[],[],65004209,0.0,-18.1,AAL2695 ,none,A3,274.3,0.0,38025.0,1013.6,38016.0,279.84,1.0,2.0,,
206,1669856159.492,a23a02,adsb_icao,N24211,B738,34000,344.1,,0512,39.053417,-79.704407,8,186,0.031,2,9.0,1.0,3.0,perhour,2.0,0.0,0.0,[],[],57211745,0.0,-15.7,UAL1598 ,none,A3,274.5,0.0,33925.0,1013.6,34016.0,279.84,1.0,2.0,,
207,1669856159.492,ab5f87,adsb_icao,N8318F,B738,11775,262.0,,5622,38.98722,-77.275146,8,186,0.28,2,9.0,1.0,3.0,perhour,2.0,0.0,0.0,[],[],45065276,0.0,-8.8,SWA2876 ,none,A3,281.22,2048.0,11475.0,1014.4,16992.0,289.69,1.0,2.0,,
208,1669856189.492,ad6ff2,adsb_icao,N965NN,B738,38000,358.9,,2162,39.069897,-79.974365,8,186,0.163,2,9.0,1.0,3.0,perhour,2.0,0.0,0.0,[],[],65004492,0.0,-13.5,AAL2695 ,none,A3,274.15,0.0,38025.0,1013.6,38016.0,279.84,1.0,2.0,,
209,1669856189.492,a23a02,adsb_icao,N24211,B738,34000,343.1,,0512,39.057175,-79.765519,8,186,0.0,2,9.0,1.0,3.0,perhour,2.0,0.0,0.0,[],[],57212007,0.0,-14.0,UAL1598 ,none,A3,274.51,0.0,33900.0,1013.6,34016.0,279.84,1.0,2.0,,
210,1669856189.492,ab5f87,adsb_icao,N8318F,B738,12775,292.1,,5622,38.992154,-77.32428,8,186,0.161,2,9.0,1.0,3.0,perhour,2.0,0.0,0.0,[],[],45065554,0.0,-6.0,SWA2876 ,none,A3,271.37,1984.0,12475.0,1014.4,16992.0,289.69,1.0,2.0,,
211,1669856219.492,ad6ff2,adsb_icao,N965NN,B738,38000,357.9,,2162,39.073481,-80.037598,8,186,0.225,2,9.0,1.0,3.0,perhour,2.0,0.0,0.0,[],[],65004764,0.0,-10.8,AAL2695 ,none,A3,274.17,0.0,38000.0,1013.6,38016.0,279.84,1.0,2.0,,
212,1669856219.492,a23a02,adsb_icao,N24211,B738,34000,342.1,,0512,39.060883,-79.825705,8,186,0.34600000000000003,2,9.0,1.0,3.0,perhour,2.0,0.0,0.0,[],[],57212273,0.0,-14.2,UAL1598 ,none,A3,274.53,0.0,33875.0,1013.6,34016.0,279.84,1.0,2.0,,
213,1669856219.492,ab5f87,adsb_icao,N8318F,B738,14300,306.5,,5622,38.98938,-77.377425,8,186,0.225,2,9.0,1.0,3.0,perhour,2.0,0.0,0.0,[],[],45065835,0.0,-7.6,SWA2876 ,none,A3,264.38,3008.0,14000.0,1014.4,16992.0,274.92,1.0,2.0,,
214,1669856249.493,ad6ff2,adsb_icao,N965NN,B738,38000,357.0,,2162,39.077225,-80.101139,8,186,0.224,2,9.0,1.0,3.0,perhour,2.0,0.0,0.0,[],[],65005020,0.0,-19.6,AAL2695 ,none,A3,274.34,0.0,38000.0,1013.6,38016.0,279.84,1.0,2.0,,
215,1669856249.493,a23a02,adsb_icao,N24211,B738,34000,340.0,,0512,39.064543,-79.886536,8,186,0.0,2,9.0,1.0,3.0,perhour,2.0,0.0,0.0,[],[],57212522,0.0,-15.8,UAL1598 ,none,A3,274.39,-64.0,33875.0,1013.6,34016.0,279.84,1.0,2.0,,
216,1669856249.493,ab5f87,adsb_icao,N8318F,B738,15575,311.0,,5622,38.984802,-77.432357,8,186,0.20500000000000002,2,9.0,1.0,3.0,perhour,2.0,0.0,0.0,[],[],45066117,0.0,-7.8,SWA2876 ,none,A3,263.54,1408.0,15300.0,1014.4,16992.0,274.92,1.0,2.0,,
217,1669856279.492,ad6ff2,adsb_icao,N965NN,B738,38000,356.0,,2162,39.080978,-80.164669,8,186,0.192,2,9.0,1.0,3.0,perhour,2.0,0.0,0.0,[],[],65005280,0.0,-15.7,AAL2695 ,none,A3,274.35,0.0,38000.0,1013.6,38016.0,279.84,1.0,2.0,,
218,1669856279.492,a23a02,adsb_icao,N24211,B738,34000,337.0,,0512,39.068024,-79.945778,8,186,0.393,2,9.0,1.0,3.0,perhour,2.0,0.0,0.0,[],[],57212771,0.2,-9.2,UAL1598 ,none,A3,274.42,0.0,33875.0,1013.6,34016.0,279.84,1.0,2.0,,
219,1669856279.492,ab5f87,adsb_icao,N8318F,B738,16125,305.9,,5622,38.979996,-77.486393,8,186,0.429,2,9.0,1.0,3.0,perhour,2.0,0.0,0.0,[],[],45066387,0.30000000000000004,-6.2,SWA2876 ,none,A3,263.62,960.0,15850.0,1014.4,19008.0,274.92,1.0,2.0,,
220,1669856309.492,ad6ff2,adsb_icao,N965NN,B738,38000,356.9,,2162,39.084607,-80.227966,8,186,0.261,2,9.0,1.0,3.0,perhour,2.0,0.0,0.0,[],[],65005549,0.1,-7.8,AAL2695 ,none,A3,274.02,0.0,38000.0,1013.6,38016.0,279.84,1.0,2.0,,
221,1669856309.492,a23a02,adsb_icao,N24211,B738,34000,336.0,,0512,39.071619,-80.005859,8,186,0.276,2,9.0,1.0,3.0,perhour,2.0,0.0,0.0,[],[],57213016,0.2,-10.9,UAL1598 ,none,A3,274.44,-64.0,33875.0,1013.6,34016.0,279.84,1.0,2.0,,
222,1669856309.492,ab5f87,adsb_icao,N8318F,B738,16850,303.8,,5622,38.975235,-77.541086,8,186,0.056,2,9.0,1.0,3.0,perhour,2.0,0.0,0.0,[],[],45066664,0.1,-7.4,SWA2876 ,none,A3,263.76,1536.0,16575.0,1014.4,19008.0,274.92,1.0,2.0,,
223,1669856339.492,ad6ff2,adsb_icao,N965NN,B738,38000,356.8,,2162,39.087982,-80.291728,8,186,0.007,2,9.0,1.0,3.0,perhour,2.0,0.0,0.0,[],[],65005818,0.0,-9.8,AAL2695 ,none,A3,273.86,0.0,38000.0,1013.6,38016.0,279.84,1.0,2.0,,
224,1669856339.492,a23a02,adsb_icao,N24211,B738,34000,334.0,,0512,39.075211,-80.065732,8,186,0.14100000000000001,2,9.0,1.0,3.0,perhour,2.0,0.0,0.0,[],[],57213276,0.0,-10.5,UAL1598 ,none,A3,274.46,0.0,33850.0,1013.6,34016.0,279.84,1.0,2.0,,
225,1669856339.492,ab5f87,adsb_icao,N8318F,B738,17600,303.8,,5622,38.970694,-77.594238,8,186,0.20500000000000002,2,9.0,1.0,3.0,perhour,2.0,0.0,0.0,[],[],45066946,0.0,-9.1,SWA2876 ,none,A3,263.76,1600.0,17325.0,1014.4,19008.0,274.92,1.0,2.0,,
226,1669856369.492,ad6ff2,adsb_icao,N965NN,B738,38000,357.0,,2162,39.091543,-80.354675,8,186,0.186,2,9.0,1.0,3.0,perhour,2.0,0.0,0.0,[],[],65006093,0.0,-17.6,AAL2695 ,none,A3,274.34,0.0,37975.0,1013.6,38016.0,279.84,1.0,2.0,,
227,1669856369.492,a23a02,adsb_icao,N24211,B738,34000,332.9,,0512,39.07869,-80.125202,8,186,0.0,2,9.0,1.0,3.0,perhour,2.0,0.0,0.0,[],[],57213539,0.0,-12.1,UAL1598 ,none,A3,274.13,0.0,33850.0,1013.6,34016.0,279.84,1.0,2.0,,
228,1669856369.492,ab5f87,adsb_icao,N8318F,B738,18350,297.7,,5622,38.966178,-77.6474,8,186,0.225,2,9.0,1.0,3.0,perhour,2.0,0.0,0.0,[],[],45067204,0.0,-9.7,SWA2876 ,none,A3,263.83,1472.0,18100.0,1013.6,19008.0,274.92,1.0,2.0,,
229,1669856399.492,ad6ff2,adsb_icao,N965NN,B738,38000,355.9,,2162,39.095128,-80.417725,8,186,0.34800000000000003,2,9.0,1.0,3.0,perhour,2.0,0.0,0.0,[],[],65006358,0.30000000000000004,-5.6,AAL2695 ,none,A3,274.03,0.0,37975.0,1013.6,38016.0,279.84,1.0,2.0,,
230,1669856399.492,a23a02,adsb_icao,N24211,B738,34000,333.9,,0512,39.082077,-80.184014,8,186,0.108,2,9.0,1.0,3.0,perhour,2.0,0.0,0.0,[],[],57213803,0.0,-10.3,UAL1598 ,none,A3,274.12,-64.0,33850.0,1013.6,34016.0,279.84,1.0,2.0,,
231,1669856399.492,ab5f87,adsb_icao,N8318F,B738,18925,304.9,,5622,38.961616,-77.700684,8,186,0.0,2,9.0,1.0,3.0,perhour,2.0,0.0,0.0,[],[],45067468,0.0,-7.9,SWA2876 ,none,A3,263.6,1216.0,18675.0,1013.6,19008.0,274.92,1.0,2.0,,
232,1669856429.492,ad6ff2,adsb_icao,N965NN,B738,38000,356.8,,2162,39.09848,-80.481506,8,186,0.14200000000000002,2,9.0,1.0,3.0,perhour,2.0,0.0,0.0,[],[],65006614,0.0,-15.6,AAL2695 ,none,A3,273.86,0.0,37975.0,1013.6,38016.0,279.84,1.0,2.0,"['vnav', 'althold', 'approach', 'tcas']",
233,1669856429.492,a23a02,adsb_icao,N24211,B738,34000,334.9,,0512,39.08551,-80.243603,8,186,0.0,2,9.0,1.0,3.0,perhour,2.0,0.0,0.0,[],[],57214075,0.0,-10.7,UAL1598 ,none,A3,274.11,64.0,33850.0,1013.6,34016.0,279.84,1.0,2.0,,
234,1669856429.492,ab5f87,adsb_icao,N8318F,B738,19025,322.9,,5622,38.956833,-77.756693,8,186,0.0,2,9.0,1.0,3.0,perhour,2.0,0.0,0.0,[],[],45067738,0.0,-8.0,SWA2876 ,none,A3,263.78,448.0,18800.0,1013.6,24000.0,274.92,1.0,2.0,,
235,1669856459.492,ad6ff2,adsb_icao,N965NN,B738,38000,364.6,,2162,39.105789,-80.544115,8,186,0.366,2,9.0,1.0,3.0,perhour,2.0,0.0,0.0,[],[],65006869,0.1,-5.6,AAL2695 ,none,A3,287.89,64.0,37975.0,1013.6,38016.0,279.84,1.0,2.0,"['vnav', 'althold', 'approach', 'tcas']",
236,1669856459.492,a23a02,adsb_icao,N24211,B738,34000,334.9,,0512,39.08889,-80.302734,8,186,0.234,2,9.0,1.0,3.0,perhour,2.0,0.0,0.0,[],[],57214359,0.0,-8.5,UAL1598 ,none,A3,274.11,0.0,33850.0,1013.6,34016.0,279.84,1.0,2.0,,
237,1669856459.492,ab5f87,adsb_icao,N8318F,B738,20025,327.0,,5622,38.952026,-77.813538,8,186,0.37,2,9.0,1.0,3.0,perhour,2.0,0.0,0.0,[],[],45068005,0.0,-7.6,SWA2876 ,none,A3,263.68,3136.0,19825.0,1013.6,24000.0,274.92,1.0,2.0,,
238,1669856489.492,ad6ff2,adsb_icao,N965NN,B738,38000,371.5,,2162,39.12939,-80.603455,8,186,0.0,2,9.0,1.0,3.0,perhour,2.0,0.0,0.0,[],[],65007135,0.0,-9.0,AAL2695 ,none,A3,298.98,0.0,37950.0,1013.6,38016.0,300.94,1.0,2.0,,
239,1669856489.492,a23a02,adsb_icao,N24211,B738,34000,333.8,,0512,39.092102,-80.362124,8,186,0.331,2,9.0,1.0,3.0,perhour,2.0,0.0,0.0,[],[],57214624,0.0,-7.5,UAL1598 ,none,A3,273.95,0.0,33850.0,1013.6,34016.0,279.84,1.0,2.0,,
240,1669856489.492,ab5f87,adsb_icao,N8318F,B738,21200,334.2,,5622,38.949326,-77.872131,8,186,0.311,2,9.0,1.0,3.0,perhour,2.0,0.0,0.0,[],[],45068257,0.2,-8.4,SWA2876 ,none,A3,271.89,1408.0,21000.0,1013.6,24000.0,274.92,1.0,2.0,,
241,1669856519.493,ad6ff2,adsb_icao,N965NN,B738,38000,371.5,,2162,39.154203,-80.660706,8,186,0.168,2,9.0,1.0,3.0,perhour,2.0,0.0,0.0,[],[],65007402,0.0,-12.9,AAL2695 ,none,A3,298.98,0.0,37950.0,1013.6,36000.0,300.94,1.0,2.0,,
242,1669856519.493,a23a02,adsb_icao,N24211,B738,34000,332.8,,0512,39.095314,-80.421753,8,186,0.106,2,9.0,1.0,3.0,perhour,2.0,0.0,0.0,[],[],57214884,0.0,-8.9,UAL1598 ,none,A3,273.96,0.0,33850.0,1013.6,34016.0,279.84,1.0,2.0,,
243,1669856519.493,ab5f87,adsb_icao,N8318F,B738,22125,339.3,,5622,38.95134,-77.932653,8,186,0.009000000000000001,2,9.0,1.0,3.0,perhour,2.0,0.0,0.0,[],[],45068519,0.0,-8.8,SWA2876 ,none,A3,272.53,2048.0,21925.0,1013.6,27008.0,274.92,1.0,2.0,,
244,1669856549.492,ad6ff2,adsb_icao,N965NN,B738,37600,366.3,,2162,39.179077,-80.718284,8,186,0.218,2,9.0,1.0,3.0,perhour,2.0,0.0,0.0,[],[],65007678,0.2,-16.5,AAL2695 ,none,A3,299.43,-960.0,37575.0,1013.6,36000.0,300.94,1.0,2.0,,
245,1669856549.492,a23a02,adsb_icao,N24211,B738,34000,332.8,,0512,39.09848,-80.480652,8,186,0.295,2,9.0,1.0,3.0,perhour,2.0,0.0,0.0,[],[],57215138,0.2,-12.2,UAL1598 ,none,A3,273.96,0.0,33850.0,1013.6,34016.0,279.84,1.0,2.0,,
246,1669856549.492,ab5f87,adsb_icao,N8318F,B738,23050,334.3,,5622,38.953376,-77.992249,8,186,0.386,2,9.0,1.0,3.0,perhour,2.0,0.0,0.0,[],[],45068783,0.30000000000000004,-6.7,SWA2876 ,none,A3,272.57,1792.0,22900.0,1013.6,27008.0,274.92,1.0,2.0,,
247,1669856579.492,ad6ff2,adsb_icao,N965NN,B738,37125,358.6,,2162,39.203548,-80.773865,8,186,0.439,2,9.0,1.0,3.0,perhour,2.0,0.0,0.0,[],[],65007943,0.0,-12.4,AAL2695 ,none,A3,299.21,-960.0,37050.0,1013.6,36000.0,300.94,1.0,2.0,,
248,1669856579.492,a23a02,adsb_icao,N24211,B738,34000,332.7,,0512,39.101599,-80.539551,8,186,0.32,2,9.0,1.0,3.0,perhour,2.0,0.0,0.0,[],[],57215396,0.0,-7.4,UAL1598 ,none,A3,273.62,0.0,33850.0,1013.6,34016.0,279.84,1.0,2.0,,
249,1669856579.492,ab5f87,adsb_icao,N8318F,B738,23975,327.3,,5622,38.955368,-78.050875,8,186,0.183,2,9.0,1.0,3.0,perhour,2.0,0.0,0.0,[],[],45069042,0.0,-12.5,SWA2876 ,none,A3,272.45,1856.0,23825.0,1013.6,27008.0,279.84,1.0,2.0,,
250,1669856609.492,ad6ff2,adsb_icao,N965NN,B738,36625,350.9,,2162,39.227709,-80.830139,8,186,0.10200000000000001,2,9.0,1.0,3.0,perhour,2.0,0.0,0.0,[],[],65008214,0.0,-11.0,AAL2695 ,none,A3,298.98,-1024.0,36525.0,1013.6,36000.0,300.94,1.0,2.0,,
251,1669856609.492,a23a02,adsb_icao,N24211,B738,34000,332.7,,0512,39.104599,-80.599047,8,186,0.161,2,9.0,1.0,3.0,perhour,2.0,0.0,0.0,[],[],57215646,0.0,-8.2,UAL1598 ,none,A3,273.79,0.0,33825.0,1013.6,34016.0,279.84,1.0,2.0,,
252,1669856609.492,ab5f87,adsb_icao,N8318F,B738,24950,329.3,,5622,38.957199,-78.109031,8,186,0.321,2,9.0,1.0,3.0,perhour,2.0,0.0,0.0,[],[],45069297,0.0,-6.9,SWA2876 ,none,A3,272.26,2048.0,24825.0,1013.6,27008.0,279.84,1.0,2.0,,
253,1669856639.492,ad6ff2,adsb_icao,N965NN,B738,36150,340.2,,2162,39.250854,-80.883557,8,186,0.23800000000000002,2,9.0,1.0,3.0,perhour,2.0,0.0,0.0,[],[],65008483,0.1,-11.8,AAL2695 ,none,A3,299.2,-1024.0,36025.0,1013.6,36000.0,300.94,1.0,2.0,,
254,1669856639.492,a23a02,adsb_icao,N24211,B738,34000,332.8,,0512,39.107697,-80.658569,8,186,0.0,2,9.0,1.0,3.0,perhour,2.0,0.0,0.0,[],[],57215902,0.0,-8.4,UAL1598 ,none,A3,273.96,0.0,33825.0,1013.6,34016.0,279.84,1.0,2.0,,
255,1669856639.492,ab5f87,adsb_icao,N8318F,B738,25775,332.3,,5622,38.959122,-78.168202,8,186,0.015,2,9.0,1.0,3.0,perhour,2.0,0.0,0.0,[],[],45069566,0.0,-9.4,SWA2876 ,none,A3,272.41,2112.0,25650.0,1013.6,32000.0,279.84,1.0,2.0,,
256,1669856669.492,ad6ff2,adsb_icao,N965NN,B738,35975,338.2,,2162,39.273514,-80.937175,8,186,0.0,2,9.0,1.0,3.0,perhour,2.0,0.0,0.0,[],[],65008750,0.0,-10.9,AAL2695 ,none,A3,298.23,64.0,35800.0,1013.6,36000.0,298.83,1.0,2.0,,
257,1669856669.492,a23a02,adsb_icao,N24211,B738,34000,332.7,,0512,39.110816,-80.717285,8,186,0.013000000000000001,2,9.0,1.0,3.0,perhour,2.0,0.0,0.0,[],[],57216155,0.0,-7.5,UAL1598 ,none,A3,273.79,0.0,33825.0,1013.6,34016.0,279.84,1.0,2.0,,
258,1669856669.492,ab5f87,adsb_icao,N8318F,B738,26850,338.0,,5622,38.961273,-78.226836,8,186,0.428,2,9.0,1.0,3.0,perhour,2.0,0.0,0.0,[],[],45069827,0.0,-7.7,SWA2876 ,none,A3,274.41,1920.0,26775.0,1013.6,32000.0,279.84,1.0,2.0,,
259,1669856699.493,ad6ff2,adsb_icao,N965NN,B738,36000,337.9,,2162,39.295675,-80.989624,8,186,0.22,2,9.0,1.0,3.0,perhour,2.0,0.0,0.0,[],[],65009014,0.0,-9.1,AAL2695 ,none,A3,298.84,0.0,35825.0,1013.6,36000.0,298.83,1.0,2.0,,
260,1669856699.493,a23a02,adsb_icao,N24211,B738,34000,332.7,,0512,39.113842,-80.776245,8,186,0.10400000000000001,2,9.0,1.0,3.0,perhour,2.0,0.0,0.0,[],[],57216403,0.0,-6.3,UAL1598 ,none,A3,273.79,0.0,33825.0,1013.6,34016.0,279.84,1.0,2.0,,
261,1669856699.493,ab5f87,adsb_icao,N8318F,B738,27825,341.2,,5622,38.965256,-78.28732,8,186,0.264,2,9.0,1.0,3.0,perhour,2.0,0.0,0.0,[],[],45070079,0.0,-10.8,SWA2876 ,none,A3,274.88,1856.0,27750.0,1013.6,32000.0,279.84,1.0,2.0,,
262,1669856729.492,ad6ff2,adsb_icao,N965NN,B738,36000,340.7,,2162,39.318604,-81.042799,8,186,0.152,2,9.0,1.0,3.0,perhour,2.0,0.0,0.0,[],[],65009283,0.0,-7.8,AAL2695 ,none,A3,299.35,0.0,35800.0,1013.6,36000.0,298.83,1.0,2.0,,
263,1669856729.492,a23a02,adsb_icao,N24211,B738,34000,333.7,,0512,39.116776,-80.835492,8,186,0.243,2,9.0,1.0,3.0,perhour,2.0,0.0,0.0,[],[],57216665,0.0,-11.7,UAL1598 ,none,A3,273.61,-64.0,33825.0,1013.6,34016.0,279.84,1.0,2.0,,
264,1669856729.492,ab5f87,adsb_icao,N8318F,B738,28750,342.2,,5622,38.969284,-78.348342,8,186,0.017,2,9.0,1.0,3.0,perhour,2.0,0.0,0.0,[],[],45070337,0.0,-5.6,SWA2876 ,none,A3,274.86,1728.0,28700.0,1013.6,32000.0,279.84,1.0,2.0,,
265,1669856759.493,ad6ff2,adsb_icao,N965NN,B738,36000,343.4,,2162,39.341901,-81.096497,8,186,0.0,2,9.0,1.0,3.0,perhour,2.0,0.0,0.0,[],[],65009543,0.0,-12.1,AAL2695 ,none,A3,299.1,-64.0,35800.0,1013.6,36000.0,298.83,1.0,2.0,,
266,1669856759.493,a23a02,adsb_icao,N24211,B738,34000,334.7,,0512,39.119751,-80.89514,8,186,0.059000000000000004,2,9.0,1.0,3.0,perhour,2.0,0.0,0.0,[],[],57216916,0.0,-9.6,UAL1598 ,none,A3,273.77,0.0,33825.0,1013.6,34016.0,279.84,1.0,2.0,,
267,1669856759.493,ab5f87,adsb_icao,N8318F,B738,29775,338.1,,5622,38.973115,-78.40802,8,186,0.356,2,9.0,1.0,3.0,perhour,2.0,0.0,0.0,[],[],45070590,0.2,-8.2,SWA2876 ,none,A3,274.58,2304.0,29725.0,1013.6,32992.0,279.84,1.0,2.0,,
268,1669856789.492,ad6ff2,adsb_icao,N965NN,B738,36000,344.1,,2162,39.364898,-81.150024,8,186,0.031,2,9.0,1.0,3.0,perhour,2.0,0.0,0.0,[],[],65009817,0.0,-7.8,AAL2695 ,none,A3,298.65,0.0,35800.0,1013.6,36000.0,298.83,1.0,2.0,,
269,1669856789.492,a23a02,adsb_icao,N24211,B738,34000,335.7,,0512,39.122733,-80.953979,8,186,0.513,2,9.0,1.0,3.0,perhour,2.0,0.0,0.0,[],[],57217174,0.0,-18.5,UAL1598 ,none,A3,273.59,0.0,33825.0,1013.6,34016.0,279.84,1.0,2.0,,
270,1669856789.492,ab5f87,adsb_icao,N8318F,B738,30800,336.1,,5622,38.976885,-78.467834,8,186,0.23800000000000002,2,9.0,1.0,3.0,perhour,2.0,0.0,0.0,[],[],45070837,0.1,-9.3,SWA2876 ,none,A3,274.61,1856.0,30775.0,1013.6,32992.0,279.84,1.0,2.0,,
271,1669856819.492,ad6ff2,adsb_icao,N965NN,B738,36000,346.0,,2162,39.387955,-81.20431,8,186,0.0,2,9.0,1.0,3.0,perhour,2.0,0.0,0.0,[],[],65010091,0.0,-10.1,AAL2695 ,none,A3,298.86,0.0,35800.0,1013.6,36000.0,298.83,1.0,2.0,,
272,1669856819.492,a23a02,adsb_icao,N24211,B738,34000,335.6,,0512,39.12561,-81.014139,8,186,0.41100000000000003,2,9.0,1.0,3.0,perhour,2.0,0.0,0.0,[],[],57217435,0.0,-19.6,UAL1598 ,none,A3,273.42,0.0,33825.0,1013.6,34016.0,279.84,1.0,2.0,,
273,1669856819.492,ab5f87,adsb_icao,N8318F,B738,31725,335.1,,5622,38.980637,-78.527467,8,186,0.215,2,9.0,1.0,3.0,perhour,2.0,0.0,0.0,[],[],45071073,0.2,-9.4,SWA2876 ,none,A3,274.62,1792.0,31750.0,1013.6,32992.0,279.84,1.0,2.0,,
274,1669856849.492,ad6ff2,adsb_icao,N965NN,B738,36000,347.7,,2162,39.410892,-81.258179,8,186,0.178,2,9.0,1.0,3.0,perhour,2.0,0.0,0.0,[],[],65010361,0.1,-10.6,AAL2695 ,none,A3,298.7,0.0,35800.0,1013.6,36000.0,298.83,1.0,2.0,,
275,1669856849.492,a23a02,adsb_icao,N24211,B738,34000,336.7,,0512,39.129181,-81.07337,8,186,0.453,2,9.0,1.0,3.0,perhour,2.0,0.0,0.0,[],[],57217691,0.1,-12.6,UAL1598 ,none,A3,279.57,-64.0,33825.0,1013.6,34016.0,305.86,1.0,2.0,,
276,1669856849.492,ab5f87,adsb_icao,N8318F,B738,32650,336.1,,5622,38.984344,-78.587116,8,186,0.14400000000000002,2,9.0,1.0,3.0,perhour,2.0,0.0,0.0,[],[],45071324,0.0,-6.1,SWA2876 ,none,A3,274.61,1984.0,32675.0,1013.6,32992.0,279.84,1.0,2.0,,
277,1669856879.492,ad6ff2,adsb_icao,N965NN,B738,36000,350.0,,2162,39.434261,-81.31311,8,186,0.115,2,9.0,1.0,3.0,perhour,2.0,0.0,0.0,[],[],65010644,0.0,-9.9,AAL2695 ,none,A3,298.69,0.0,35775.0,1013.6,36000.0,298.83,1.0,2.0,,
278,1669856879.492,a23a02,adsb_icao,N24211,B738,34000,349.4,,0512,39.145265,-81.130981,8,186,0.305,2,9.0,1.0,3.0,perhour,2.0,0.0,0.0,[],[],57217958,0.0,-11.9,UAL1598 ,none,A3,298.18,0.0,33800.0,1013.6,34016.0,300.94,1.0,2.0,,
279,1669856879.492,ab5f87,adsb_icao,N8318F,B738,33000,335.1,,5622,38.988144,-78.647003,8,186,0.011,2,9.0,1.0,3.0,perhour,2.0,0.0,0.0,[],[],45071574,0.0,-15.4,SWA2876 ,none,A3,274.62,-64.0,33050.0,1013.6,32992.0,279.84,1.0,2.0,,
280,1669856909.492,ad6ff2,adsb_icao,N965NN,B738,36000,350.4,,2162,39.457677,-81.367798,8,186,0.262,2,9.0,1.0,3.0,perhour,2.0,0.0,0.0,[],[],65010939,0.0,-11.9,AAL2695 ,none,A3,298.83,0.0,35775.0,1013.6,36000.0,298.83,1.0,2.0,,
281,1669856909.492,a23a02,adsb_icao,N24211,B738,34000,349.8,,0512,39.167796,-81.186279,8,186,0.199,2,9.0,1.0,3.0,perhour,2.0,0.0,0.0,[],[],57218215,0.0,-11.6,UAL1598 ,none,A3,297.59,0.0,33800.0,1013.6,34016.0,298.12,1.0,2.0,,
282,1669856909.492,ab5f87,adsb_icao,N8318F,B738,32975,331.9,,5622,38.99176,-78.706055,8,186,0.019,2,9.0,1.0,3.0,perhour,2.0,0.0,0.0,[],[],45071840,0.0,-13.2,SWA2876 ,none,A3,274.32,64.0,33025.0,1013.6,32992.0,279.84,1.0,2.0,,
283,1669856939.492,ad6ff2,adsb_icao,N965NN,B738,36000,350.8,,2162,39.480813,-81.422485,8,186,0.46,2,9.0,1.0,3.0,perhour,2.0,0.0,0.0,[],[],65011215,0.1,-6.7,AAL2695 ,none,A3,298.61,0.0,35775.0,1013.6,36000.0,298.83,1.0,1.0,,
284,1669856939.492,a23a02,adsb_icao,N24211,B738,34000,351.1,,0512,39.19043,-81.241747,8,186,0.121,2,9.0,1.0,3.0,perhour,2.0,0.0,0.0,[],[],57218479,0.0,-11.1,UAL1598 ,none,A3,297.66,0.0,33800.0,1013.6,34016.0,298.12,1.0,2.0,,
285,1669856939.492,ab5f87,adsb_icao,N8318F,B738,33000,330.9,,5622,38.99518,-78.764221,8,186,0.34900000000000003,2,9.0,1.0,3.0,perhour,2.0,0.0,0.0,[],[],45072091,0.0,-11.4,SWA2876 ,none,A3,274.33,64.0,33075.0,1013.6,32992.0,279.84,1.0,2.0,,
286,1669856969.492,ad6ff2,adsb_icao,N965NN,B738,36000,352.2,,2162,39.50441,-81.47849,8,186,0.061,2,9.0,1.0,3.0,perhour,2.0,0.0,0.0,[],[],65011477,0.1,-8.4,AAL2695 ,none,A3,298.68,0.0,35750.0,1013.6,36000.0,298.83,1.0,1.0,,
287,1669856969.492,a23a02,adsb_icao,N24211,B738,34000,352.1,,0512,39.213272,-81.297395,8,186,0.0,2,9.0,1.0,3.0,perhour,2.0,0.0,0.0,[],[],57218745,0.0,-8.4,UAL1598 ,none,A3,297.95,0.0,33800.0,1013.6,34016.0,298.12,1.0,2.0,,
288,1669856969.492,ab5f87,adsb_icao,N8318F,B738,33000,336.0,,5622,38.99881,-78.823919,8,186,0.0,2,9.0,1.0,3.0,perhour,2.0,0.0,0.0,[],[],45072350,0.0,-12.5,SWA2876 ,none,A3,274.44,-64.0,33050.0,1013.6,32992.0,279.84,1.0,2.0,,
289,1669856999.492,ad6ff2,adsb_icao,N965NN,B738,36000,353.5,,2162,39.52739,-81.533183,8,186,0.506,2,9.0,1.0,3.0,perhour,2.0,0.0,0.0,[],[],65011754,0.4,-10.8,AAL2695 ,none,A3,298.38,0.0,35750.0,1013.6,36000.0,298.83,1.0,1.0,,
290,1669856999.492,a23a02,adsb_icao,N24211,B738,34000,353.4,,0512,39.235855,-81.352661,8,186,0.163,2,9.0,1.0,3.0,perhour,2.0,0.0,0.0,[],[],57219023,0.1,-8.6,UAL1598 ,none,A3,297.65,0.0,33775.0,1013.6,34016.0,298.12,1.0,2.0,,
291,1669856999.492,ab5f87,adsb_icao,N8318F,B738,33000,337.1,,5622,39.002442,-78.882874,8,186,0.376,2,9.0,1.0,3.0,perhour,2.0,0.0,0.0,[],[],45072583,0.1,-10.2,SWA2876 ,none,A3,274.59,0.0,33025.0,1013.6,32992.0,279.84,1.0,2.0,,
292,1669857029.492,ad6ff2,adsb_icao,N965NN,B738,36000,354.4,,2162,39.551376,-81.590026,8,186,0.0,2,9.0,1.0,3.0,perhour,2.0,0.0,0.0,[],[],65012037,0.0,-13.4,AAL2695 ,none,A3,298.66,0.0,35725.0,1013.6,36000.0,298.83,1.0,1.0,,
293,1669857029.492,a23a02,adsb_icao,N24211,B738,34000,354.7,,0512,39.258666,-81.408752,8,186,0.151,2,9.0,1.0,3.0,perhour,2.0,0.0,0.0,[],[],57219281,0.0,-6.6,UAL1598 ,none,A3,297.72,64.0,33775.0,1013.6,34016.0,298.12,1.0,2.0,,
294,1669857029.492,ab5f87,adsb_icao,N8318F,B738,33000,336.0,,5622,39.006074,-78.942688,8,186,0.28300000000000003,2,9.0,1.0,3.0,perhour,2.0,0.0,0.0,[],[],45072845,0.0,-15.3,SWA2876 ,none,A3,274.44,64.0,33000.0,1013.6,32992.0,279.84,1.0,2.0,,
295,1669857059.492,ad6ff2,adsb_icao,N965NN,B738,36000,354.8,,2162,39.574814,-81.645495,8,186,0.11,2,9.0,1.0,3.0,perhour,2.0,0.0,0.0,[],[],65012310,0.0,-10.5,AAL2695 ,none,A3,298.44,0.0,35725.0,1013.6,36000.0,298.83,1.0,1.0,,
296,1669857059.492,a23a02,adsb_icao,N24211,B738,34000,356.5,,0512,39.281709,-81.465088,8,186,0.0,2,9.0,1.0,3.0,perhour,2.0,0.0,0.0,[],[],57219540,0.0,-7.9,UAL1598 ,none,A3,297.93,0.0,33750.0,1013.6,34016.0,298.12,1.0,2.0,,
297,1669857059.492,ab5f87,adsb_icao,N8318F,B738,33000,334.9,,5622,39.009567,-79.002447,8,186,0.097,2,9.0,1.0,3.0,perhour,2.0,0.0,0.0,[],[],45073084,0.1,-11.3,SWA2876 ,none,A3,274.28,0.0,33025.0,1013.6,32992.0,279.84,1.0,2.0,,
298,1669857089.492,ad6ff2,adsb_icao,N965NN,B738,36000,355.3,,2162,39.598311,-81.701416,8,186,0.183,2,9.0,1.0,3.0,perhour,2.0,0.0,0.0,[],[],65012577,0.0,-9.8,AAL2695 ,none,A3,298.58,0.0,35725.0,1013.6,36000.0,298.83,1.0,1.0,,
299,1669857089.492,a23a02,adsb_icao,N24211,B738,34000,357.8,,0512,39.304596,-81.521122,8,186,0.183,2,9.0,1.0,3.0,perhour,2.0,0.0,0.0,[],[],57219790,0.0,-9.6,UAL1598 ,none,A3,297.64,0.0,33750.0,1013.6,34016.0,298.12,1.0,2.0,,
300,1669857089.492,ab5f87,adsb_icao,N8318F,B738,33000,331.9,,5622,39.013056,-79.061829,8,186,0.0,2,9.0,1.0,3.0,perhour,2.0,0.0,0.0,[],[],45073337,0.0,-8.1,SWA2876 ,none,A3,274.32,-64.0,33025.0,1013.6,32992.0,279.84,1.0,2.0,,
301,1669857119.492,ad6ff2,adsb_icao,N965NN,B738,36000,354.8,,2162,39.621872,-81.757806,8,186,0.0,2,9.0,1.0,3.0,perhour,2.0,0.0,0.0,[],[],65012842,0.0,-7.4,AAL2695 ,none,A3,298.44,0.0,35725.0,1013.6,36000.0,298.83,1.0,1.0,,
302,1669857119.492,a23a02,adsb_icao,N24211,B738,34000,359.2,,0512,39.32761,-81.577759,8,186,0.259,2,9.0,1.0,3.0,perhour,2.0,0.0,0.0,[],[],57220050,0.0,-8.2,UAL1598 ,none,A3,297.71,0.0,33750.0,1013.6,34016.0,298.12,1.0,2.0,,
303,1669857119.492,ab5f87,adsb_icao,N8318F,B738,33000,325.9,,5622,39.016455,-79.120056,8,186,0.0,2,9.0,1.0,3.0,perhour,2.0,0.0,0.0,[],[],45073583,0.0,-9.5,SWA2876 ,none,A3,274.22,0.0,33025.0,1013.6,32992.0,279.84,1.0,2.0,,
304,1669857149.492,ad6ff2,adsb_icao,N965NN,B738,36000,355.2,,2162,39.645081,-81.813991,8,186,0.0,2,9.0,1.0,3.0,perhour,2.0,0.0,0.0,[],[],65013112,0.0,-9.4,AAL2695 ,none,A3,297.86,0.0,35700.0,1013.6,36000.0,298.83,1.0,1.0,,
305,1669857149.492,a23a02,adsb_icao,N24211,B738,34000,361.0,,0512,39.350693,-81.634687,8,186,0.182,2,9.0,1.0,3.0,perhour,2.0,0.0,0.0,[],[],57220307,0.0,-7.4,UAL1598 ,none,A3,297.56,0.0,33725.0,1013.6,34016.0,298.12,1.0,2.0,,
306,1669857149.492,ab5f87,adsb_icao,N8318F,B738,33000,332.8,,5622,39.01962,-79.177673,8,186,0.17300000000000001,2,9.0,1.0,3.0,perhour,2.0,0.0,0.0,[],[],45073820,0.0,-8.7,SWA2876 ,none,A3,273.96,64.0,33025.0,1013.6,32992.0,279.84,1.0,1.0,,
307,1669857179.492,ad6ff2,adsb_icao,N965NN,B738,36000,354.4,,2162,39.668289,-81.869878,8,186,0.045,2,9.0,1.0,3.0,perhour,2.0,0.0,0.0,[],[],65013379,0.0,-7.7,AAL2695 ,none,A3,298.66,0.0,35700.0,1013.6,36000.0,298.83,1.0,1.0,,
308,1669857179.492,a23a02,adsb_icao,N24211,B738,34000,359.6,,0512,39.37379,-81.691833,8,186,0.222,2,9.0,1.0,3.0,perhour,2.0,0.0,0.0,[],[],57220560,0.0,-8.0,UAL1598 ,none,A3,297.49,0.0,33725.0,1013.6,34016.0,298.12,1.0,2.0,,
309,1669857179.492,ab5f87,adsb_icao,N8318F,B738,33025,341.4,,5622,39.023575,-79.237936,8,186,0.187,2,9.0,1.0,3.0,perhour,2.0,0.0,0.0,[],[],45074068,0.1,-13.3,SWA2876 ,none,A3,275.21,0.0,33100.0,1013.6,32992.0,279.84,1.0,1.0,,
310,1669857209.492,ad6ff2,adsb_icao,N965NN,B738,36000,354.0,,2162,39.691818,-81.926004,8,186,0.0,2,9.0,1.0,3.0,perhour,2.0,0.0,0.0,[],[],65013651,0.0,-6.1,AAL2695 ,none,A3,298.52,0.0,35700.0,1013.6,36000.0,298.83,1.0,1.0,,
311,1669857209.492,a23a02,adsb_icao,N24211,B738,34000,357.4,,0512,39.396647,-81.74823,8,186,0.357,2,9.0,1.0,3.0,perhour,2.0,0.0,0.0,[],[],57220814,0.2,-11.5,UAL1598 ,none,A3,297.5,0.0,33725.0,1013.6,34016.0,298.12,1.0,2.0,,
312,1669857209.492,ab5f87,adsb_icao,N8318F,B738,33300,341.3,,5622,39.027767,-79.298279,8,186,0.429,2,9.0,1.0,3.0,perhour,2.0,0.0,0.0,[],[],45074312,0.0,-9.4,SWA2876 ,none,A3,275.04,2880.0,33325.0,1013.6,40000.0,279.84,1.0,1.0,,
313,1669857239.492,ad6ff2,adsb_icao,N965NN,B738,36000,353.0,,2162,39.715027,-81.981533,8,186,0.147,2,9.0,1.0,3.0,perhour,2.0,0.0,0.0,[],[],65013924,0.1,-7.8,AAL2695 ,none,A3,298.23,0.0,35675.0,1013.6,36000.0,298.83,1.0,1.0,,
314,1669857239.492,a23a02,adsb_icao,N24211,B738,34000,358.7,,0512,39.419403,-81.805155,8,186,0.34800000000000003,2,9.0,1.0,3.0,perhour,2.0,0.0,0.0,[],[],57221087,0.1,-10.1,UAL1598 ,none,A3,297.21,0.0,33700.0,1013.6,34016.0,298.12,1.0,2.0,,
315,1669857239.492,ab5f87,adsb_icao,N8318F,B738,34550,332.1,,5622,39.031677,-79.35791,8,186,0.258,2,9.0,1.0,3.0,perhour,2.0,0.0,0.0,[],[],45074566,0.0,-14.6,SWA2876 ,none,A3,274.66,1856.0,34575.0,1013.6,40000.0,279.84,1.0,1.0,,
316,1669857269.492,ad6ff2,adsb_icao,N965NN,B738,36000,352.1,,2162,39.738107,-82.037354,8,186,0.155,2,9.0,1.0,3.0,perhour,2.0,0.0,0.0,[],[],65014192,0.0,-6.7,AAL2695 ,none,A3,298.31,-64.0,35675.0,1013.6,36000.0,298.83,1.0,1.0,,
317,1669857269.492,a23a02,adsb_icao,N24211,B738,34000,358.8,,0512,39.442734,-81.862793,8,186,0.0,2,9.0,1.0,3.0,perhour,2.0,0.0,0.0,[],[],57221340,0.0,-10.9,UAL1598 ,none,A3,297.92,0.0,33700.0,1013.6,34016.0,298.12,1.0,2.0,,
318,1669857269.492,ab5f87,adsb_icao,N8318F,B738,35325,331.1,,5622,39.035401,-79.417053,8,186,0.083,2,9.0,1.0,3.0,perhour,2.0,0.0,0.0,[],[],45074819,0.0,-13.8,SWA2876 ,none,A3,274.68,1152.0,35350.0,1013.6,40000.0,279.84,1.0,1.0,,
319,1669857299.492,ad6ff2,adsb_icao,N965NN,B738,36000,352.1,,2162,39.761384,-82.093445,8,186,0.0,2,9.0,1.0,3.0,perhour,2.0,0.0,0.0,[],[],65014454,0.0,-8.4,AAL2695 ,none,A3,298.31,0.0,35675.0,1013.6,36000.0,298.83,1.0,2.0,,
320,1669857299.492,a23a02,adsb_icao,N24211,B738,34000,357.4,,0512,39.465637,-81.91872,8,186,0.437,2,9.0,1.0,3.0,perhour,2.0,0.0,0.0,[],[],57221597,0.2,-7.2,UAL1598 ,none,A3,297.5,0.0,33700.0,1013.6,34016.0,298.12,1.0,2.0,,
321,1669857299.492,ab5f87,adsb_icao,N8318F,B738,35800,338.1,,5622,39.039047,-79.475336,8,186,0.639,2,9.0,1.0,3.0,perhour,2.0,0.0,0.0,[],[],45075076,0.0,-10.8,SWA2876 ,none,A3,274.58,1024.0,35850.0,1013.6,40000.0,279.84,1.0,1.0,,
322,1669857329.492,ad6ff2,adsb_icao,N965NN,B738,36000,351.2,,2162,39.784332,-82.148656,8,186,0.152,2,9.0,1.0,3.0,perhour,2.0,0.0,0.0,[],[],65014729,0.0,-10.0,AAL2695 ,none,A3,298.39,0.0,35675.0,1013.6,36000.0,298.83,1.0,2.0,,
323,1669857329.492,a23a02,adsb_icao,N24211,B738,34000,354.2,,0512,39.488401,-81.976196,8,186,0.057,2,9.0,1.0,3.0,perhour,2.0,0.0,0.0,[],[],57221865,0.1,-10.3,UAL1598 ,none,A3,296.85,-64.0,33700.0,1013.6,34016.0,298.12,1.0,2.0,,
324,1669857329.492,ab5f87,adsb_icao,N8318F,B738,36175,347.1,,5622,39.042892,-79.536418,8,186,0.49,2,9.0,1.0,3.0,perhour,2.0,0.0,0.0,[],[],45075334,0.2,-8.7,SWA2876 ,none,A3,274.63,704.0,36225.0,1013.6,40000.0,279.84,1.0,1.0,,
325,1669857359.492,ad6ff2,adsb_icao,N965NN,B738,36000,350.4,,2162,39.807377,-82.203491,8,186,0.447,2,9.0,1.0,3.0,perhour,2.0,0.0,0.0,[],[],65014996,0.0,-8.3,AAL2695 ,none,A3,298.47,64.0,35650.0,1013.6,36000.0,298.83,1.0,2.0,,
326,1669857359.492,a23a02,adsb_icao,N24211,B738,34000,350.2,,0512,39.510406,-82.032106,8,186,0.256,2,9.0,1.0,3.0,perhour,2.0,0.0,0.0,[],[],57222128,0.0,-13.1,UAL1598 ,none,A3,297.0,0.0,33700.0,1013.6,34016.0,298.12,1.0,2.0,,
327,1669857359.492,ab5f87,adsb_icao,N8318F,B738,36575,353.1,,5622,39.046807,-79.598938,8,186,0.276,2,9.0,1.0,3.0,perhour,2.0,0.0,0.0,[],[],45075575,0.0,-13.0,SWA2876 ,none,A3,274.55,832.0,36600.0,1013.6,40000.0,279.84,1.0,1.0,,
328,1669857389.492,ad6ff2,adsb_icao,N965NN,B738,36000,348.9,,2162,39.830338,-82.259415,8,186,0.214,2,9.0,1.0,3.0,perhour,2.0,0.0,0.0,[],[],65015279,0.0,-5.4,AAL2695 ,none,A3,297.67,0.0,35650.0,1013.6,36000.0,298.83,1.0,2.0,,
329,1669857389.492,a23a02,adsb_icao,N24211,B738,34000,348.0,,0512,39.532626,-82.08783,8,186,0.106,2,9.0,1.0,3.0,perhour,2.0,0.0,0.0,[],[],57222385,0.0,-14.2,UAL1598 ,none,A3,297.38,0.0,33675.0,1013.6,34016.0,298.12,1.0,2.0,,
330,1669857389.492,ab5f87,adsb_icao,N8318F,B738,37050,356.2,,5622,39.05081,-79.661682,8,186,0.319,2,9.0,1.0,3.0,perhour,2.0,0.0,0.0,[],[],45075823,0.0,-14.0,SWA2876 ,none,A3,274.67,960.0,37100.0,1013.6,40000.0,279.84,1.0,1.0,,
331,1669857419.492,ad6ff2,adsb_icao,N965NN,B738,36000,349.4,,2162,39.852676,-82.314705,8,186,0.497,2,9.0,1.0,3.0,perhour,2.0,0.0,0.0,[],[],65015541,0.0,-6.4,AAL2695 ,none,A3,297.81,64.0,35650.0,1013.6,36000.0,298.83,1.0,2.0,,
332,1669857419.492,a23a02,adsb_icao,N24211,B738,34000,347.5,,0512,39.554785,-82.143311,8,186,0.027,2,9.0,1.0,3.0,perhour,2.0,0.0,0.0,[],[],57222656,0.0,-7.0,UAL1598 ,none,A3,297.23,0.0,33675.0,1013.6,34016.0,298.12,1.0,2.0,,
333,1669857419.492,ab5f87,adsb_icao,N8318F,B738,37500,360.1,,5622,39.054794,-79.725395,8,186,0.17400000000000002,2,9.0,1.0,3.0,perhour,2.0,0.0,0.0,[],[],45076086,0.2,-12.1,SWA2876 ,none,A3,274.46,640.0,37550.0,1013.6,40000.0,279.84,1.0,1.0,,
334,1669857449.492,ad6ff2,adsb_icao,N965NN,B738,36000,349.4,,2162,39.875856,-82.370911,8,186,0.0,2,9.0,1.0,3.0,perhour,2.0,0.0,0.0,[],[],65015805,0.0,-7.9,AAL2695 ,none,A3,298.18,-64.0,35650.0,1013.6,36000.0,298.83,1.0,2.0,,
335,1669857449.492,a23a02,adsb_icao,N24211,B738,34000,346.6,,0512,39.576711,-82.198364,8,186,0.078,2,9.0,1.0,3.0,perhour,2.0,0.0,0.0,[],[],57222920,0.0,-9.8,UAL1598 ,none,A3,297.3,0.0,33675.0,1013.6,34016.0,298.12,1.0,2.0,,
336,1669857449.492,ab5f87,adsb_icao,N8318F,B738,38050,360.1,,5622,39.058724,-79.78949,8,186,0.306,2,9.0,1.0,3.0,perhour,2.0,0.0,0.0,[],[],45076346,0.30000000000000004,-11.3,SWA2876 ,none,A3,274.46,1536.0,38100.0,1013.6,40000.0,279.84,1.0,1.0,,
337,1669857479.492,ad6ff2,adsb_icao,N965NN,B738,36000,348.5,,2162,39.898759,-82.426453,8,186,0.02,2,9.0,1.0,3.0,perhour,2.0,0.0,0.0,[],[],65016066,0.0,-5.5,AAL2695 ,none,A3,298.26,0.0,35625.0,1013.6,36000.0,298.83,1.0,2.0,,
338,1669857479.492,a23a02,adsb_icao,N24211,B738,34000,345.3,,0512,39.598709,-82.253564,8,186,0.108,2,9.0,1.0,3.0,perhour,2.0,0.0,0.0,[],[],57223190,0.0,-10.2,UAL1598 ,none,A3,297.23,0.0,33675.0,1013.6,34016.0,298.12,1.0,2.0,,
339,1669857479.492,ab5f87,adsb_icao,N8318F,B738,38750,355.0,,5622,39.062576,-79.85335,8,186,0.014,2,9.0,1.0,3.0,perhour,2.0,0.0,0.0,[],[],45076588,0.0,-15.2,SWA2876 ,none,A3,274.36,1216.0,38800.0,1013.6,40000.0,279.84,1.0,2.0,,
340,1669857509.492,ad6ff2,adsb_icao,N965NN,B738,36000,347.6,,2162,39.921337,-82.481079,8,186,0.318,2,9.0,1.0,3.0,perhour,2.0,0.0,0.0,[],[],65016351,0.0,-5.2,AAL2695 ,none,A3,297.97,0.0,35625.0,1013.6,36000.0,298.83,1.0,2.0,,
341,1669857509.492,a23a02,adsb_icao,N24211,B738,34000,344.8,,0512,39.62059,-82.308854,8,186,0.001,2,9.0,1.0,3.0,perhour,2.0,0.0,0.0,[],[],57223459,0.0,-7.6,UAL1598 ,none,A3,297.09,0.0,33650.0,1013.6,34016.0,298.12,1.0,2.0,,
342,1669857509.492,ab5f87,adsb_icao,N8318F,B738,39225,355.0,,5622,39.066312,-79.915894,8,186,0.122,2,9.0,1.0,3.0,perhour,2.0,0.0,0.0,[],[],45076838,0.1,-10.2,SWA2876 ,none,A3,274.36,576.0,39300.0,1013.6,40000.0,279.84,1.0,2.0,,
343,1669857539.492,ad6ff2,adsb_icao,N965NN,B738,36000,348.0,,2162,39.943636,-82.536163,8,186,0.559,2,9.0,1.0,3.0,perhour,2.0,0.0,0.0,[],[],65016636,0.0,-7.7,AAL2695 ,none,A3,297.74,0.0,35625.0,1013.6,36000.0,298.83,1.0,2.0,,
344,1669857539.492,a23a02,adsb_icao,N24211,B738,34000,346.2,,0512,39.642197,-82.363487,8,186,0.26,2,9.0,1.0,3.0,perhour,2.0,0.0,0.0,[],[],57223735,0.1,-7.3,UAL1598 ,none,A3,297.16,0.0,33650.0,1013.6,34016.0,298.12,1.0,2.0,,
345,1669857539.492,ab5f87,adsb_icao,N8318F,B738,39525,358.0,,5622,39.070129,-79.979394,8,186,0.042,2,9.0,1.0,3.0,perhour,2.0,0.0,0.0,[],[],45077084,0.0,-10.9,SWA2876 ,none,A3,274.33,832.0,39625.0,1013.6,40000.0,279.84,1.0,2.0,,
346,1669857569.492,ad6ff2,adsb_icao,N965NN,B738,36000,346.7,,2162,39.966385,-82.591797,8,186,0.316,2,9.0,1.0,3.0,perhour,2.0,0.0,0.0,[],[],65016888,0.1,-12.9,AAL2695 ,none,A3,298.04,0.0,35625.0,1013.6,36000.0,298.83,1.0,2.0,,
347,1669857569.492,a23a02,adsb_icao,N24211,B738,34000,347.1,,0512,39.664078,-82.418657,8,186,0.435,2,9.0,1.0,3.0,perhour,2.0,0.0,0.0,[],[],57224000,0.2,-5.6,UAL1598 ,none,A3,297.08,0.0,33625.0,1013.6,34016.0,298.12,1.0,2.0,,
348,1669857569.492,ab5f87,adsb_icao,N8318F,B738,39975,356.0,,5622,39.073837,-80.042565,8,186,0.18,2,9.0,1.0,3.0,perhour,2.0,0.0,0.0,[],[],45077331,0.2,-13.4,SWA2876 ,none,A3,274.35,704.0,40075.0,1013.6,40000.0,279.84,1.0,2.0,,
349,1669857599.492,ad6ff2,adsb_icao,N965NN,B738,36000,345.3,,2162,39.988745,-82.646963,8,186,0.309,2,9.0,1.0,3.0,perhour,2.0,0.0,0.0,[],[],65017160,0.0,-6.0,AAL2695 ,none,A3,297.6,-64.0,35625.0,1013.6,36000.0,298.83,1.0,2.0,,
350,1669857599.492,a23a02,adsb_icao,N24211,B738,34000,346.1,,0512,39.686155,-82.474915,8,186,0.082,2,9.0,1.0,3.0,perhour,2.0,0.0,0.0,[],[],57224274,0.0,-5.1,UAL1598 ,none,A3,296.79,0.0,33625.0,1013.6,34016.0,298.12,1.0,2.0,,
351,1669857599.492,ab5f87,adsb_icao,N8318F,B738,40000,363.7,,5622,39.077957,-80.106453,8,186,0.18,2,9.0,1.0,3.0,perhour,2.0,0.0,0.0,[],[],45077573,0.0,-5.9,SWA2876 ,none,A3,275.52,-64.0,40100.0,1013.6,40000.0,279.84,1.0,2.0,,
352,1669857629.492,ad6ff2,adsb_icao,N965NN,B738,36000,349.4,,2162,40.011063,-82.702271,8,186,0.403,2,9.0,1.0,3.0,perhour,2.0,0.0,0.0,[],[],65017444,0.0,-6.8,AAL2695 ,none,A3,297.81,0.0,35600.0,1013.6,36000.0,298.83,1.0,2.0,,
353,1669857629.492,a23a02,adsb_icao,N24211,B738,34000,345.7,,0512,39.707886,-82.530372,8,186,0.038,2,9.0,1.0,3.0,perhour,2.0,0.0,0.0,[],[],57224553,0.0,-5.4,UAL1598 ,none,A3,297.01,0.0,33625.0,1013.6,34016.0,298.12,1.0,2.0,,
354,1669857629.492,ab5f87,adsb_icao,N8318F,B738,40000,364.8,,5622,39.083024,-80.170776,8,186,0.28700000000000003,2,9.0,1.0,3.0,perhour,2.0,0.0,0.0,[],[],45077829,0.30000000000000004,-6.9,SWA2876 ,none,A3,275.66,0.0,40100.0,1013.6,40000.0,279.84,1.0,2.0,,
355,1669857659.492,ad6ff2,adsb_icao,N965NN,B738,36000,350.7,,2162,40.033813,-82.758179,8,186,0.43,2,9.0,1.0,3.0,perhour,2.0,0.0,0.0,[],[],65017723,0.1,-6.9,AAL2695 ,none,A3,297.88,0.0,35600.0,1013.6,36000.0,298.83,1.0,2.0,,
356,1669857659.492,a23a02,adsb_icao,N24211,B738,34000,345.7,,0512,39.729728,-82.585632,8,186,0.031,2,9.0,1.0,3.0,perhour,2.0,0.0,0.0,[],[],57224819,0.0,-6.2,UAL1598 ,none,A3,297.01,0.0,33625.0,1013.6,34016.0,298.12,1.0,2.0,,
357,1669857659.492,ab5f87,adsb_icao,N8318F,B738,40000,364.7,,5622,39.087936,-80.235125,8,186,0.395,2,9.0,1.0,3.0,perhour,2.0,0.0,0.0,[],[],45078075,0.2,-11.8,SWA2876 ,none,A3,275.51,-64.0,40100.0,1013.6,40000.0,279.84,1.0,2.0,,
358,1669857689.492,ad6ff2,adsb_icao,N965NN,B738,36000,351.1,,2162,40.056571,-82.814442,8,186,0.316,2,9.0,1.0,3.0,perhour,2.0,0.0,0.0,[],[],65018005,0.0,-7.3,AAL2695 ,none,A3,297.66,0.0,35575.0,1013.6,36000.0,298.83,1.0,2.0,,
359,1669857689.492,a23a02,adsb_icao,N24211,B738,34000,345.7,,0512,39.751236,-82.640235,8,186,0.398,2,9.0,1.0,3.0,perhour,2.0,0.0,0.0,[],[],57225085,0.1,-3.3,UAL1598 ,none,A3,297.01,0.0,33625.0,1013.6,34016.0,298.12,1.0,2.0,,
360,1669857689.492,ab5f87,adsb_icao,N8318F,B738,40000,364.5,,5622,39.092614,-80.300476,8,186,0.073,2,9.0,1.0,3.0,perhour,2.0,0.0,0.0,[],[],45078333,0.0,-7.8,SWA2876 ,none,A3,275.19,0.0,40100.0,1013.6,40000.0,279.84,1.0,2.0,,
361,1669857719.492,ad6ff2,adsb_icao,N965NN,B738,36000,350.2,,2162,40.079382,-82.871246,8,186,0.0,2,9.0,1.0,3.0,perhour,2.0,0.0,0.0,[],[],65018277,0.0,-7.8,AAL2695 ,none,A3,297.74,0.0,35575.0,1013.6,36000.0,298.83,1.0,2.0,,
362,1669857719.492,a23a02,adsb_icao,N24211,B738,34000,346.1,,0512,39.773022,-82.696106,8,186,0.233,2,9.0,1.0,3.0,perhour,2.0,0.0,0.0,[],[],57225369,0.0,-7.1,UAL1598 ,none,A3,296.79,0.0,33600.0,1013.6,34016.0,298.12,1.0,2.0,,
363,1669857719.492,ab5f87,adsb_icao,N8318F,B738,40000,363.5,,5622,39.097176,-80.364868,8,186,0.138,2,9.0,1.0,3.0,perhour,2.0,0.0,0.0,[],[],45078593,0.1,-10.7,SWA2876 ,none,A3,275.21,0.0,40075.0,1013.6,40000.0,279.84,1.0,2.0,,
364,1669857749.492,ad6ff2,adsb_icao,N965NN,B738,36000,349.4,,2162,40.101913,-82.92674,8,186,0.15,2,9.0,1.0,3.0,perhour,2.0,0.0,0.0,[],[],65018542,0.1,-9.5,AAL2695 ,none,A3,297.81,0.0,35550.0,1013.6,36000.0,298.83,1.0,2.0,,
365,1669857749.492,a23a02,adsb_icao,N24211,B738,34000,347.9,,0512,39.794998,-82.751949,8,186,0.10200000000000001,2,9.0,1.0,3.0,perhour,2.0,0.0,0.0,[],[],57225635,0.1,-7.0,UAL1598 ,none,A3,297.01,-64.0,33575.0,1013.6,34016.0,298.12,1.0,2.0,,
366,1669857749.492,ab5f87,adsb_icao,N8318F,B738,40000,364.5,,5622,39.101669,-80.429475,8,186,0.127,2,9.0,1.0,3.0,perhour,2.0,0.0,0.0,[],[],45078847,0.0,-10.3,SWA2876 ,none,A3,275.19,0.0,40075.0,1013.6,40000.0,279.84,1.0,2.0,,
367,1669857779.492,ad6ff2,adsb_icao,N965NN,B738,36000,348.5,,2162,40.124313,-82.982361,8,186,0.209,2,9.0,1.0,3.0,perhour,2.0,0.0,0.0,[],[],65018816,0.0,-7.5,AAL2695 ,none,A3,297.89,0.0,35550.0,1013.6,36000.0,298.83,1.0,2.0,,
368,1669857779.492,a23a02,adsb_icao,N24211,B738,34000,345.7,,0512,39.816595,-82.80719,8,186,0.315,2,9.0,1.0,3.0,perhour,2.0,0.0,0.0,[],[],57225910,0.1,-5.3,UAL1598 ,none,A3,296.64,0.0,33575.0,1013.6,34016.0,298.12,1.0,2.0,,
369,1669857779.492,ab5f87,adsb_icao,N8318F,B738,40000,365.5,,5622,39.10611,-80.493363,8,186,0.464,2,9.0,1.0,3.0,perhour,2.0,0.0,0.0,[],[],45079108,0.0,-8.3,SWA2876 ,none,A3,275.18,0.0,40075.0,1013.6,40000.0,279.84,1.0,2.0,,
370,1669857809.492,ad6ff2,adsb_icao,N965NN,B738,36000,348.4,,2162,40.146929,-83.038476,8,186,0.138,2,9.0,1.0,3.0,perhour,2.0,0.0,0.0,[],[],65019089,0.1,-6.6,AAL2695 ,none,A3,297.52,0.0,35550.0,1013.6,36000.0,298.83,1.0,2.0,,
371,1669857809.492,a23a02,adsb_icao,N24211,B738,34000,343.5,,0512,39.837982,-82.862589,8,186,0.374,2,9.0,1.0,3.0,perhour,2.0,0.0,0.0,[],[],57226179,0.0,-12.5,UAL1598 ,none,A3,296.64,0.0,33575.0,1013.6,34016.0,298.12,1.0,2.0,,
372,1669857809.492,ab5f87,adsb_icao,N8318F,B738,40000,366.5,,5622,39.110641,-80.557967,8,186,0.624,2,9.0,1.0,3.0,perhour,2.0,0.0,0.0,[],[],45079366,0.4,-10.5,SWA2876 ,none,A3,275.17,0.0,40075.0,1013.6,40000.0,279.84,1.0,2.0,,
373,1669857839.492,ad6ff2,adsb_icao,N965NN,B738,36000,349.3,,2162,40.169083,-83.093872,8,186,0.34800000000000003,2,9.0,1.0,3.0,perhour,2.0,0.0,0.0,[],[],65019353,0.0,-7.3,AAL2695 ,none,A3,297.45,64.0,35550.0,1013.6,36000.0,298.83,1.0,2.0,,
374,1669857839.492,a23a02,adsb_icao,N24211,B738,34000,342.1,,0512,39.859268,-82.917699,8,186,0.425,2,9.0,1.0,3.0,perhour,2.0,0.0,0.0,[],[],57226445,0.1,-10.5,UAL1598 ,none,A3,296.57,0.0,33575.0,1013.6,34016.0,298.12,1.0,2.0,,
375,1669857839.492,ab5f87,adsb_icao,N8318F,B738,40000,367.4,,5622,39.115192,-80.624146,8,186,0.126,2,9.0,1.0,3.0,perhour,2.0,0.0,0.0,[],[],45079626,0.0,-8.4,SWA2876 ,none,A3,275.0,0.0,40075.0,1013.6,40000.0,279.84,1.0,2.0,,
376,1669857869.492,ad6ff2,adsb_icao,N965NN,B738,36000,349.8,,2162,40.191559,-83.150024,8,186,0.28700000000000003,2,9.0,1.0,3.0,perhour,2.0,0.0,0.0,[],[],65019625,0.1,-5.8,AAL2695 ,none,A3,297.59,0.0,35525.0,1013.6,36000.0,298.83,1.0,2.0,,
377,1669857869.492,a23a02,adsb_icao,N24211,B738,34000,340.3,,0512,39.880829,-82.973049,8,186,0.0,2,9.0,1.0,3.0,perhour,2.0,0.0,0.0,[],[],57226723,0.0,-6.2,UAL1598 ,none,A3,296.72,0.0,33550.0,1013.6,34016.0,298.12,1.0,2.0,,
378,1669857869.492,ab5f87,adsb_icao,N8318F,B738,40000,367.5,,5622,39.119705,-80.689744,8,186,0.0,2,9.0,1.0,3.0,perhour,2.0,0.0,0.0,[],[],45079883,0.0,-13.7,SWA2876 ,none,A3,275.15,0.0,40075.0,1013.6,40000.0,279.84,1.0,2.0,,
379,1669857899.492,ad6ff2,adsb_icao,N965NN,B738,36000,348.4,,2162,40.214035,-83.20636,8,186,0.128,2,9.0,1.0,3.0,perhour,2.0,0.0,0.0,[],[],65019871,0.0,-6.9,AAL2695 ,none,A3,297.52,0.0,35525.0,1013.6,36000.0,298.83,1.0,2.0,,
380,1669857899.492,a23a02,adsb_icao,N24211,B738,34000,338.5,,0512,39.901566,-83.026966,8,186,0.428,2,9.0,1.0,3.0,perhour,2.0,0.0,0.0,[],[],57226997,0.0,-17.8,UAL1598 ,none,A3,296.49,0.0,33550.0,1013.6,34016.0,298.12,1.0,2.0,,
381,1669857899.492,ab5f87,adsb_icao,N8318F,B738,40000,368.5,,5622,39.124283,-80.755005,8,186,0.0,2,9.0,1.0,3.0,perhour,2.0,0.0,0.0,[],[],45080133,0.0,-9.4,SWA2876 ,none,A3,275.14,0.0,40050.0,1013.6,40000.0,279.84,1.0,2.0,,
382,1669857929.492,ad6ff2,adsb_icao,N965NN,B738,36000,346.7,,2162,40.236077,-83.261636,8,186,0.28800000000000003,2,9.0,1.0,3.0,perhour,2.0,0.0,0.0,[],[],65020124,0.1,-5.9,AAL2695 ,none,A3,297.67,0.0,35525.0,1013.6,36000.0,298.83,1.0,2.0,,
383,1669857929.492,a23a02,adsb_icao,N24211,B738,34000,338.1,,0512,39.922827,-83.082171,8,186,0.055,2,9.0,1.0,3.0,perhour,2.0,0.0,0.0,[],[],57227271,0.0,-12.6,UAL1598 ,none,A3,296.72,0.0,33550.0,1013.6,34016.0,298.12,1.0,2.0,,
384,1669857929.492,ab5f87,adsb_icao,N8318F,B738,40000,367.3,,5622,39.128739,-80.819824,8,186,0.185,2,9.0,1.0,3.0,perhour,2.0,0.0,0.0,[],[],45080387,0.0,-8.7,SWA2876 ,none,A3,274.84,0.0,40050.0,1013.6,40000.0,279.84,1.0,2.0,,
385,1669857959.492,ad6ff2,adsb_icao,N965NN,B738,36000,345.7,,2162,40.258347,-83.317993,8,186,0.0,2,9.0,1.0,3.0,perhour,2.0,0.0,0.0,[],[],65020399,0.0,-9.3,AAL2695 ,none,A3,297.38,0.0,35525.0,1013.6,36000.0,298.83,1.0,2.0,,
386,1669857959.492,a23a02,adsb_icao,N24211,B738,34000,338.1,,0512,39.943771,-83.13623,8,186,0.269,2,9.0,1.0,3.0,perhour,2.0,0.0,0.0,[],[],57227549,0.0,-8.7,UAL1598 ,none,A3,296.72,0.0,33525.0,1013.6,34016.0,298.12,1.0,2.0,,
387,1669857959.492,ab5f87,adsb_icao,N8318F,B738,40000,366.4,,5622,39.133026,-80.884273,8,186,0.425,2,9.0,1.0,3.0,perhour,2.0,0.0,0.0,[],[],45080641,0.1,-14.8,SWA2876 ,none,A3,275.01,0.0,40050.0,1013.6,40000.0,279.84,1.0,2.0,,
388,1669857989.492,ad6ff2,adsb_icao,N965NN,B738,36000,347.1,,2162,40.280365,-83.373291,8,186,0.10300000000000001,2,9.0,1.0,3.0,perhour,2.0,0.0,0.0,[],[],65020674,0.0,-7.2,AAL2695 ,none,A3,297.45,0.0,35525.0,1013.6,36000.0,298.83,1.0,2.0,,
389,1669857989.492,a23a02,adsb_icao,N24211,B738,34000,336.3,,0512,39.964691,-83.190369,8,186,0.28800000000000003,2,9.0,1.0,3.0,perhour,2.0,0.0,0.0,[],[],57227811,0.1,-12.0,UAL1598 ,none,A3,296.49,0.0,33525.0,1013.6,34016.0,298.12,1.0,2.0,,
390,1669857989.492,ab5f87,adsb_icao,N8318F,B738,40000,366.3,,5622,39.137421,-80.949773,8,186,0.171,2,9.0,1.0,3.0,perhour,2.0,0.0,0.0,[],[],45080895,0.0,-8.7,SWA2876 ,none,A3,274.85,0.0,40050.0,1013.6,40000.0,279.84,1.0,2.0,,
391,1669858019.492,ad6ff2,adsb_icao,N965NN,B738,36000,348.9,,2162,40.30246,-83.428678,8,186,0.47600000000000003,2,9.0,1.0,3.0,perhour,2.0,0.0,0.0,[],[],65020919,0.1,-15.0,AAL2695 ,none,A3,297.67,64.0,35525.0,1013.6,36000.0,298.83,1.0,2.0,,
392,1669858019.492,a23a02,adsb_icao,N24211,B738,34000,336.8,,0512,39.985565,-83.24469,8,186,0.321,2,9.0,1.0,3.0,perhour,2.0,0.0,0.0,[],[],57228076,0.0,-8.3,UAL1598 ,none,A3,296.64,0.0,33525.0,1013.6,34016.0,298.12,1.0,2.0,,
393,1669858019.492,ab5f87,adsb_icao,N8318F,B738,40000,366.3,,5622,39.141773,-81.015137,8,186,0.0,2,9.0,1.0,3.0,perhour,2.0,0.0,0.0,[],[],45081153,0.0,-8.7,SWA2876 ,none,A3,274.85,64.0,40050.0,1013.6,40000.0,279.84,1.0,2.0,,
394,1669858049.492,ad6ff2,adsb_icao,N965NN,B738,36000,349.7,,2162,40.324992,-83.485045,8,186,0.366,2,9.0,1.0,3.0,perhour,2.0,0.0,0.0,[],[],65021194,0.0,-10.3,AAL2695 ,none,A3,297.22,0.0,35525.0,1013.6,36000.0,298.83,1.0,2.0,,
395,1669858049.492,a23a02,adsb_icao,N24211,B738,34000,336.3,,0512,40.006202,-83.298902,8,186,0.446,2,9.0,1.0,3.0,perhour,2.0,0.0,0.0,[],[],57228333,0.1,-8.8,UAL1598 ,none,A3,296.11,0.0,33525.0,1013.6,34016.0,298.12,1.0,2.0,,
396,1669858049.492,ab5f87,adsb_icao,N8318F,B738,40000,366.3,,5622,39.146103,-81.080139,8,186,0.0,2,9.0,1.0,3.0,perhour,2.0,0.0,0.0,[],[],45081420,0.0,-10.1,SWA2876 ,none,A3,274.85,0.0,40025.0,1013.6,40000.0,279.84,1.0,2.0,,
397,1669858079.492,ad6ff2,adsb_icao,N965NN,B738,36000,350.6,,2162,40.34715,-83.541537,8,186,0.34400000000000003,2,9.0,1.0,3.0,perhour,2.0,0.0,0.0,[],[],65021453,0.0,-8.9,AAL2695 ,none,A3,297.15,0.0,35525.0,1013.6,36000.0,298.12,1.0,2.0,,
398,1669858079.492,a23a02,adsb_icao,N24211,B738,34000,336.8,,0512,40.026901,-83.353577,8,186,0.389,2,9.0,1.0,3.0,perhour,2.0,0.0,0.0,[],[],57228593,0.0,-7.3,UAL1598 ,none,A3,296.26,0.0,33525.0,1013.6,34016.0,298.12,1.0,2.0,,
399,1669858079.492,ab5f87,adsb_icao,N8318F,B738,40000,367.1,,5622,39.150146,-81.144781,8,186,0.226,2,9.0,1.0,3.0,perhour,2.0,0.0,0.0,[],[],45081672,0.2,-8.6,SWA2876 ,none,A3,274.53,0.0,40050.0,1013.6,40000.0,279.84,1.0,2.0,,
400,1669858109.492,ad6ff2,adsb_icao,N965NN,B738,36000,352.0,,2162,40.369589,-83.598591,8,186,0.07,2,9.0,1.0,3.0,perhour,2.0,0.0,0.0,[],[],65021718,0.1,-10.7,AAL2695 ,none,A3,297.22,0.0,35525.0,1013.6,36000.0,298.12,1.0,2.0,,
401,1669858109.492,a23a02,adsb_icao,N24211,B738,34000,339.4,,0512,40.048099,-83.409015,8,186,0.0,2,9.0,1.0,3.0,perhour,2.0,0.0,0.0,[],[],57228875,0.0,-10.5,UAL1598 ,none,A3,296.79,0.0,33525.0,1013.6,34016.0,298.12,1.0,2.0,,
402,1669858109.492,ab5f87,adsb_icao,N8318F,B738,40000,368.3,,5622,39.154342,-81.210571,8,186,0.029,2,9.0,1.0,3.0,perhour,2.0,0.0,0.0,[],[],45081935,0.0,-10.5,SWA2876 ,none,A3,274.83,0.0,40025.0,1013.6,40000.0,279.84,1.0,2.0,,
403,1669858139.492,ad6ff2,adsb_icao,N965NN,B738,36000,353.8,,2162,40.392197,-83.655823,8,186,0.018000000000000002,2,9.0,1.0,3.0,perhour,2.0,0.0,0.0,[],[],65021998,0.0,-8.4,AAL2695 ,none,A3,297.43,-64.0,35525.0,1013.6,36000.0,298.12,1.0,2.0,,
404,1669858139.492,a23a02,adsb_icao,N24211,B738,34000,340.3,,0512,40.069153,-83.462952,8,186,0.302,2,9.0,1.0,3.0,perhour,2.0,0.0,0.0,[],[],57229140,0.1,-11.8,UAL1598 ,none,A3,296.72,0.0,33525.0,1013.6,34016.0,298.12,1.0,2.0,,
405,1669858139.492,ab5f87,adsb_icao,N8318F,B738,40000,368.3,,5622,39.158625,-81.274902,8,186,0.523,2,9.0,1.0,3.0,perhour,2.0,0.0,0.0,[],[],45082193,0.30000000000000004,-10.1,SWA2876 ,none,A3,274.83,0.0,40050.0,1013.6,40000.0,279.84,1.0,2.0,,
406,1669858169.492,ad6ff2,adsb_icao,N965NN,B738,36000,356.5,,2162,40.414418,-83.712137,8,186,0.431,2,9.0,1.0,3.0,perhour,2.0,0.0,0.0,[],[],65022269,0.1,-7.7,AAL2695 ,none,A3,297.21,0.0,35525.0,1013.6,36000.0,298.12,1.0,2.0,,
407,1669858169.492,a23a02,adsb_icao,N24211,B738,34000,340.8,,0512,40.090042,-83.517692,8,186,0.419,2,9.0,1.0,3.0,perhour,2.0,0.0,0.0,[],[],57229419,0.1,-6.8,UAL1598 ,none,A3,296.11,0.0,33550.0,1013.6,34016.0,298.12,1.0,2.0,,
408,1669858169.492,ab5f87,adsb_icao,N8318F,B738,40000,368.1,,5622,39.162872,-81.341281,8,186,0.075,2,9.0,1.0,3.0,perhour,2.0,0.0,0.0,[],[],45082459,0.1,-8.9,SWA2876 ,none,A3,274.52,0.0,40025.0,1013.6,40000.0,279.84,1.0,2.0,,
409,1669858199.492,ad6ff2,adsb_icao,N965NN,B738,36000,357.3,,2162,40.43692,-83.770142,8,186,0.289,2,9.0,1.0,3.0,perhour,2.0,0.0,0.0,[],[],65022538,0.1,-6.3,AAL2695 ,none,A3,296.78,0.0,35500.0,1013.6,36000.0,298.12,1.0,2.0,,
410,1669858199.492,a23a02,adsb_icao,N24211,B738,34000,343.9,,0512,40.111037,-83.573685,8,186,0.295,2,9.0,1.0,3.0,perhour,2.0,0.0,0.0,[],[],57229682,0.1,-9.6,UAL1598 ,none,A3,296.04,0.0,33550.0,1013.6,34016.0,298.12,1.0,2.0,,
411,1669858199.492,ab5f87,adsb_icao,N8318F,B738,40000,368.1,,5622,39.166725,-81.405823,8,186,0.439,2,9.0,1.0,3.0,perhour,2.0,0.0,0.0,[],[],45082721,0.1,-9.8,SWA2876 ,none,A3,274.52,0.0,40025.0,1013.6,40000.0,279.84,1.0,2.0,,
412,1669858229.492,ad6ff2,adsb_icao,N965NN,B738,35675,358.2,,2162,40.459625,-83.828674,8,186,0.158,2,9.0,1.0,3.0,perhour,2.0,0.0,0.0,[],[],65022805,0.0,-8.0,AAL2695 ,none,A3,297.07,-1024.0,35175.0,1013.6,34016.0,298.12,1.0,2.0,,
413,1669858229.492,a23a02,adsb_icao,N24211,B738,34000,347.5,,0512,40.132187,-83.630005,8,186,0.167,2,9.0,1.0,3.0,perhour,2.0,0.0,0.0,[],[],57229952,0.1,-6.4,UAL1598 ,none,A3,296.12,0.0,33550.0,1013.6,34016.0,298.12,1.0,2.0,,
414,1669858229.492,ab5f87,adsb_icao,N8318F,B738,40000,368.2,,5622,39.170837,-81.471505,8,186,0.303,2,9.0,1.0,3.0,perhour,2.0,0.0,0.0,[],[],45082974,0.0,-11.4,SWA2876 ,none,A3,274.67,0.0,40025.0,1013.6,40000.0,279.84,1.0,2.0,,
415,1669858259.492,ad6ff2,adsb_icao,N965NN,B738,35175,351.1,,2162,40.481919,-83.885359,8,186,0.339,2,9.0,1.0,3.0,perhour,2.0,0.0,0.0,[],[],65023084,0.0,-7.4,AAL2695 ,none,A3,296.93,-896.0,34650.0,1013.6,34016.0,298.12,1.0,2.0,,
416,1669858259.492,a23a02,adsb_icao,N24211,B738,34000,347.5,,0512,40.153447,-83.685982,8,186,0.426,2,9.0,1.0,3.0,perhour,2.0,0.0,0.0,[],[],57230212,0.0,-8.4,UAL1598 ,none,A3,296.49,0.0,33525.0,1013.6,34016.0,298.12,1.0,2.0,,
417,1669858259.492,ab5f87,adsb_icao,N8318F,B738,40000,368.1,,5622,39.174965,-81.536682,8,186,0.539,2,9.0,1.0,3.0,perhour,2.0,0.0,0.0,[],[],45083242,0.1,-7.6,SWA2876 ,none,A3,274.52,0.0,40025.0,1013.6,40000.0,279.84,1.0,2.0,,
418,1669858289.492,ad6ff2,adsb_icao,N965NN,B738,34700,340.4,,2162,40.503891,-83.941101,8,186,0.252,2,9.0,1.0,3.0,perhour,2.0,0.0,0.0,[],[],65023357,0.0,-8.1,AAL2695 ,none,A3,297.47,-896.0,34150.0,1013.6,34016.0,298.12,1.0,2.0,,
419,1669858289.492,a23a02,adsb_icao,N24211,B738,34000,346.6,,0512,40.175034,-83.742798,8,186,0.093,2,9.0,1.0,3.0,perhour,2.0,0.0,0.0,[],[],57230480,0.0,-10.0,UAL1598 ,none,A3,296.2,0.0,33525.0,1013.6,34016.0,298.12,1.0,2.0,,
420,1669858289.492,ab5f87,adsb_icao,N8318F,B738,40000,368.1,,5622,39.179062,-81.603149,8,186,0.062,2,9.0,1.0,3.0,perhour,2.0,0.0,0.0,[],[],45083517,0.1,-9.0,SWA2876 ,none,A3,274.52,0.0,40025.0,1013.6,40000.0,279.84,1.0,2.0,,
421,1669858319.492,ad6ff2,adsb_icao,N965NN,B738,34225,335.9,,2162,40.525452,-83.996094,8,186,0.18,2,9.0,1.0,3.0,perhour,2.0,0.0,0.0,[],[],65023627,0.2,-11.6,AAL2695 ,none,A3,297.1,-896.0,33650.0,1013.6,34016.0,298.12,1.0,2.0,,
422,1669858319.492,a23a02,adsb_icao,N24211,B738,34000,347.5,,0512,40.196368,-83.799279,8,186,0.025,2,9.0,1.0,3.0,perhour,2.0,0.0,0.0,[],[],57230750,0.0,-8.5,UAL1598 ,none,A3,296.12,0.0,33525.0,1013.6,34016.0,298.12,1.0,2.0,,
423,1669858319.492,ab5f87,adsb_icao,N8318F,B738,40000,367.1,,5622,39.183014,-81.668423,8,186,0.146,2,9.0,1.0,3.0,perhour,2.0,0.0,0.0,[],[],45083770,0.1,-11.6,SWA2876 ,none,A3,274.37,0.0,40025.0,1013.6,40000.0,279.84,1.0,2.0,,
424,1669858349.492,ad6ff2,adsb_icao,N965NN,B738,34000,323.8,,2162,40.546022,-84.048968,8,186,0.18,2,9.0,1.0,3.0,perhour,2.0,0.0,0.0,[],[],65023890,0.0,-7.9,AAL2695 ,none,A3,296.8,0.0,33400.0,1013.6,34016.0,298.12,1.0,2.0,,
425,1669858349.492,a23a02,adsb_icao,N24211,B738,34000,348.8,,0512,40.217606,-83.855835,8,186,0.01,2,9.0,1.0,3.0,perhour,2.0,0.0,0.0,[],[],57231023,0.0,-10.1,UAL1598 ,none,A3,296.2,0.0,33525.0,1013.6,34016.0,298.12,1.0,2.0,,
426,1669858349.492,ab5f87,adsb_icao,N8318F,B738,40000,367.1,,5622,39.186789,-81.733459,8,186,0.212,2,9.0,1.0,3.0,perhour,2.0,0.0,0.0,[],[],45084022,0.0,-13.1,SWA2876 ,none,A3,274.37,0.0,40025.0,1013.6,40000.0,279.84,1.0,2.0,,
427,1669858379.492,ad6ff2,adsb_icao,N965NN,B738,34000,323.8,,2162,40.566039,-84.101528,8,186,0.381,2,9.0,1.0,3.0,perhour,2.0,0.0,0.0,[],[],65024159,0.1,-9.5,AAL2695 ,none,A3,296.41,64.0,33375.0,1013.6,34016.0,298.12,1.0,2.0,,
428,1669858379.492,a23a02,adsb_icao,N24211,B738,34000,348.4,,0512,40.238823,-83.912263,8,186,0.075,2,9.0,1.0,3.0,perhour,2.0,0.0,0.0,[],[],57231287,0.0,-8.8,UAL1598 ,none,A3,296.05,0.0,33500.0,1013.6,34016.0,298.12,1.0,2.0,,
429,1669858379.492,ab5f87,adsb_icao,N8318F,B738,40000,367.1,,5622,39.190659,-81.798766,8,186,0.217,2,9.0,1.0,3.0,perhour,2.0,0.0,0.0,[],[],45084281,0.2,-10.5,SWA2876 ,none,A3,274.37,0.0,40000.0,1013.6,40000.0,279.84,1.0,2.0,,
430,1669858409.492,ad6ff2,adsb_icao,N965NN,B738,34000,325.1,,2162,40.586382,-84.154774,8,186,0.084,2,9.0,1.0,3.0,perhour,2.0,0.0,0.0,[],[],65024433,0.0,-7.3,AAL2695 ,none,A3,296.88,0.0,33375.0,1013.6,34016.0,298.12,1.0,2.0,,
431,1669858409.492,a23a02,adsb_icao,N24211,B738,34000,346.6,,0512,40.260098,-83.968818,8,186,0.191,2,9.0,1.0,3.0,perhour,2.0,0.0,0.0,[],[],57231559,0.1,-8.5,UAL1598 ,none,A3,296.2,0.0,33500.0,1013.6,34016.0,298.12,1.0,2.0,,
432,1669858409.492,ab5f87,adsb_icao,N8318F,B738,40000,367.1,,5622,39.194504,-81.863609,8,186,0.41000000000000003,2,9.0,1.0,3.0,perhour,2.0,0.0,0.0,[],[],45084541,0.0,-14.9,SWA2876 ,none,A3,274.37,0.0,40025.0,1013.6,40000.0,279.84,1.0,2.0,,
433,1669858439.492,ad6ff2,adsb_icao,N965NN,B738,34000,326.9,,2162,40.607005,-84.207833,8,186,0.012,2,9.0,1.0,3.0,perhour,2.0,0.0,0.0,[],[],65024695,0.0,-16.7,AAL2695 ,none,A3,297.11,0.0,33375.0,1013.6,34016.0,298.12,1.0,2.0,,
434,1669858439.492,a23a02,adsb_icao,N24211,B738,34000,346.8,,0512,40.281279,-84.024374,8,186,0.447,2,9.0,1.0,3.0,perhour,2.0,0.0,0.0,[],[],57231845,0.0,-7.7,UAL1598 ,none,A3,298.41,0.0,33500.0,1013.6,34016.0,298.12,1.0,2.0,,
435,1669858439.492,ab5f87,adsb_icao,N8318F,B738,40000,367.0,,5622,39.198288,-81.929199,8,186,0.311,2,9.0,1.0,3.0,perhour,2.0,0.0,0.0,[],[],45084792,0.0,-9.6,SWA2876 ,none,A3,274.22,0.0,40000.0,1013.6,40000.0,279.84,1.0,2.0,,
436,1669858469.492,ad6ff2,adsb_icao,N965NN,B738,34000,326.5,,2162,40.627441,-84.260315,8,186,0.291,2,9.0,1.0,3.0,perhour,2.0,0.0,0.0,[],[],65024957,0.1,-8.4,AAL2695 ,none,A3,296.96,0.0,33375.0,1013.6,34016.0,298.12,1.0,2.0,,
437,1669858469.492,a23a02,adsb_icao,N24211,B738,34000,352.8,,0512,40.309164,-84.077058,8,186,0.077,2,9.0,1.0,3.0,perhour,2.0,0.0,0.0,[],[],57232116,0.0,-9.3,UAL1598 ,none,A3,308.79,0.0,33500.0,1013.6,34016.0,305.16,1.0,2.0,,
438,1669858469.492,ab5f87,adsb_icao,N8318F,B738,40000,367.0,,5622,39.202012,-81.994385,8,186,0.359,2,9.0,1.0,3.0,perhour,2.0,0.0,0.0,[],[],45085038,0.0,-9.9,SWA2876 ,none,A3,274.22,0.0,40000.0,1013.6,40000.0,279.84,1.0,2.0,,
439,1669858499.492,ad6ff2,adsb_icao,N965NN,B738,34000,326.9,,2162,40.647785,-84.313202,8,186,0.374,2,9.0,1.0,3.0,perhour,2.0,0.0,0.0,[],[],65025218,0.0,-12.6,AAL2695 ,none,A3,296.72,0.0,33375.0,1013.6,34016.0,298.12,1.0,2.0,,
440,1669858499.492,a23a02,adsb_icao,N24211,B738,34000,350.1,,0512,40.339188,-84.126343,8,186,0.47600000000000003,2,9.0,1.0,3.0,perhour,2.0,0.0,0.0,[],[],57232386,0.2,-11.5,UAL1598 ,none,A3,308.51,0.0,33475.0,1013.6,34016.0,305.16,1.0,2.0,,
441,1669858499.492,ab5f87,adsb_icao,N8318F,B738,40000,367.0,,5622,39.205811,-82.060228,8,186,0.075,2,9.0,1.0,3.0,perhour,2.0,0.0,0.0,[],[],45085290,0.0,-10.0,SWA2876 ,none,A3,274.22,0.0,40000.0,1013.6,40000.0,279.84,1.0,2.0,,
442,1669858529.492,ad6ff2,adsb_icao,N965NN,B738,34000,324.2,,2162,40.667999,-84.366638,8,186,0.128,2,9.0,1.0,3.0,perhour,2.0,0.0,0.0,[],[],65025491,0.0,-13.9,AAL2695 ,none,A3,296.17,0.0,33375.0,1013.6,34016.0,296.72,1.0,2.0,,
443,1669858529.492,a23a02,adsb_icao,N24211,B738,34000,348.7,,0512,40.369775,-84.176497,8,186,0.0,2,9.0,1.0,3.0,perhour,2.0,0.0,0.0,[],[],57232649,0.0,-10.7,UAL1598 ,none,A3,308.48,0.0,33475.0,1013.6,34016.0,305.16,1.0,2.0,,
444,1669858529.492,ab5f87,adsb_icao,N8318F,B738,40000,367.0,,5622,39.209473,-82.124773,8,186,0.422,2,9.0,1.0,3.0,perhour,2.0,0.0,0.0,[],[],45085569,0.0,-8.1,SWA2876 ,none,A3,274.22,0.0,40000.0,1013.6,40000.0,279.84,1.0,2.0,,
445,1669858559.492,ad6ff2,adsb_icao,N965NN,B738,34000,323.8,,2162,40.687958,-84.419556,8,186,0.17300000000000001,2,9.0,1.0,3.0,perhour,2.0,0.0,0.0,[],[],65025767,0.0,-12.7,AAL2695 ,none,A3,296.8,0.0,33375.0,1013.6,34016.0,296.72,1.0,2.0,,
446,1669858559.492,a23a02,adsb_icao,N24211,B738,34000,346.6,,0512,40.399658,-84.225525,8,186,0.23900000000000002,2,9.0,1.0,3.0,perhour,2.0,0.0,0.0,[],[],57232921,0.1,-9.9,UAL1598 ,none,A3,308.56,0.0,33450.0,1013.6,34016.0,305.16,1.0,2.0,,
447,1669858559.492,ab5f87,adsb_icao,N8318F,B738,40000,364.9,,5622,39.213138,-82.190186,8,186,0.281,2,9.0,1.0,3.0,perhour,2.0,0.0,0.0,[],[],45085827,0.0,-15.4,SWA2876 ,none,A3,274.09,0.0,40000.0,1013.6,40000.0,279.84,1.0,2.0,,
448,1669858589.492,ad6ff2,adsb_icao,N965NN,B738,34000,323.4,,2162,40.708649,-84.472229,8,186,0.041,2,9.0,1.0,3.0,perhour,2.0,0.0,0.0,[],[],65026036,0.0,-10.1,AAL2695 ,none,A3,297.44,0.0,33375.0,1013.6,34016.0,296.72,1.0,2.0,,
449,1669858589.492,a23a02,adsb_icao,N24211,B738,34000,345.3,,0512,40.429501,-84.274687,8,186,0.19,2,9.0,1.0,3.0,perhour,2.0,0.0,0.0,[],[],57233188,0.2,-8.3,UAL1598 ,none,A3,308.3,64.0,33450.0,1013.6,34016.0,305.16,1.0,2.0,,
450,1669858589.492,ab5f87,adsb_icao,N8318F,B738,40000,364.9,,5622,39.216722,-82.255554,8,186,0.031,2,9.0,1.0,3.0,perhour,2.0,0.0,0.0,[],[],45086099,0.0,-13.5,SWA2876 ,none,A3,274.09,0.0,40000.0,1013.6,40000.0,279.84,1.0,2.0,,
451,1669858619.492,ad6ff2,adsb_icao,N965NN,B738,34000,321.1,,2162,40.728553,-84.523628,8,186,0.418,2,9.0,1.0,3.0,perhour,2.0,0.0,0.0,[],[],65026305,0.0,-8.5,AAL2695 ,none,A3,296.64,0.0,33375.0,1013.6,34016.0,296.72,1.0,2.0,,
452,1669858619.492,a23a02,adsb_icao,N24211,B738,34000,343.7,,0512,40.459248,-84.323814,8,186,0.162,2,9.0,1.0,3.0,perhour,2.0,0.0,0.0,[],[],57233454,0.0,-11.3,UAL1598 ,none,A3,308.5,0.0,33450.0,1013.6,34016.0,305.16,1.0,2.0,,
453,1669858619.492,ab5f87,adsb_icao,N8318F,B738,40000,363.9,,5622,39.220276,-82.31996,8,186,0.259,2,9.0,1.0,3.0,perhour,2.0,0.0,0.0,[],[],45086357,0.0,-9.8,SWA2876 ,none,A3,274.1,0.0,40000.0,1013.6,40000.0,279.84,1.0,2.0,,
454,1669858649.492,ad6ff2,adsb_icao,N965NN,B738,34000,319.3,,2162,40.74857,-84.576437,8,186,0.115,2,9.0,1.0,3.0,perhour,2.0,0.0,0.0,[],[],65026576,0.1,-8.4,AAL2695 ,none,A3,296.4,0.0,33375.0,1013.6,34016.0,296.72,1.0,2.0,,34016.0
455,1669858649.492,a23a02,adsb_icao,N24211,B738,34000,343.6,,0512,40.488902,-84.372378,8,186,0.308,2,9.0,1.0,3.0,perhour,2.0,0.0,0.0,[],[],57233736,0.0,-12.0,UAL1598 ,none,A3,308.74,0.0,33450.0,1013.6,34016.0,305.16,1.0,2.0,,
456,1669858649.492,ab5f87,adsb_icao,N8318F,B738,40000,363.9,,5622,39.223798,-82.384827,8,186,0.17300000000000001,2,9.0,1.0,3.0,perhour,2.0,0.0,0.0,[],[],45086639,0.0,-8.3,SWA2876 ,none,A3,273.94,0.0,40000.0,1013.6,40000.0,279.84,1.0,2.0,,
457,1669858679.492,ad6ff2,adsb_icao,N965NN,B738,34000,320.2,,2162,40.76825,-84.628418,8,186,0.195,2,9.0,1.0,3.0,perhour,2.0,0.0,0.0,[],[],65026837,0.0,-9.3,AAL2695 ,none,A3,296.32,0.0,33350.0,1013.6,34016.0,296.72,1.0,2.0,,34016.0
458,1669858679.492,a23a02,adsb_icao,N24211,B738,34000,343.0,,0512,40.518975,-84.421505,8,186,0.0,2,9.0,1.0,3.0,perhour,2.0,0.0,0.0,[],[],57233999,0.0,-12.7,UAL1598 ,none,A3,308.61,0.0,33425.0,1013.6,34016.0,305.16,1.0,2.0,,
459,1669858679.492,ab5f87,adsb_icao,N8318F,B738,40000,362.9,,5622,39.227188,-82.449347,8,186,0.23700000000000002,2,9.0,1.0,3.0,perhour,2.0,0.0,0.0,[],[],45086894,0.0,-9.7,SWA2876 ,none,A3,273.95,0.0,40000.0,1013.6,40000.0,279.84,1.0,2.0,,
460,1669858709.492,ad6ff2,adsb_icao,N965NN,B738,34000,321.5,,2162,40.788025,-84.680603,8,186,0.40900000000000003,2,9.0,1.0,3.0,perhour,2.0,0.0,0.0,[],[],65027095,0.2,-5.9,AAL2695 ,none,A3,296.41,0.0,33350.0,1013.6,34016.0,296.72,1.0,2.0,,
461,1669858709.492,a23a02,adsb_icao,N24211,B738,34000,343.7,,0512,40.548157,-84.469543,8,186,0.368,2,9.0,1.0,3.0,perhour,2.0,0.0,0.0,[],[],57234267,0.2,-16.2,UAL1598 ,none,A3,308.5,0.0,33425.0,1013.6,34016.0,305.16,1.0,2.0,,
462,1669858709.492,ab5f87,adsb_icao,N8318F,B738,40000,362.9,,5622,39.230621,-82.513653,8,186,0.368,2,9.0,1.0,3.0,perhour,2.0,0.0,0.0,[],[],45087161,0.1,-5.4,SWA2876 ,none,A3,273.95,0.0,40000.0,1013.6,40000.0,279.84,1.0,2.0,,
463,1669858739.492,ad6ff2,adsb_icao,N965NN,B738,34000,322.9,,2162,40.807983,-84.733521,8,186,0.184,2,9.0,1.0,3.0,perhour,2.0,0.0,0.0,[],[],65027369,0.1,-9.9,AAL2695 ,none,A3,296.49,0.0,33350.0,1013.6,34016.0,296.72,1.0,2.0,,
464,1669858739.492,a23a02,adsb_icao,N24211,B738,34000,343.7,,0512,40.578143,-84.518883,8,186,0.14100000000000001,2,9.0,1.0,3.0,perhour,2.0,0.0,0.0,[],[],57234528,0.1,-14.1,UAL1598 ,none,A3,308.5,0.0,33425.0,1013.6,34016.0,305.16,1.0,2.0,,
465,1669858739.492,ab5f87,adsb_icao,N8318F,B738,40000,363.8,,5622,39.234086,-82.578857,8,186,0.098,2,9.0,1.0,3.0,perhour,2.0,0.0,0.0,[],[],45087434,0.1,-9.4,SWA2876 ,none,A3,273.78,0.0,40000.0,1013.6,40000.0,279.84,1.0,2.0,,
466,1669858769.493,ad6ff2,adsb_icao,N965NN,B738,34000,324.2,,2162,40.828033,-84.786316,8,186,0.224,2,9.0,1.0,3.0,perhour,2.0,0.0,0.0,[],[],65027641,0.0,-5.6,AAL2695 ,none,A3,296.57,0.0,33350.0,1013.6,34016.0,296.72,1.0,2.0,,
467,1669858769.493,a23a02,adsb_icao,N24211,B738,34000,343.0,,0512,40.607936,-84.567823,8,186,0.0,2,9.0,1.0,3.0,perhour,2.0,0.0,0.0,[],[],57234791,0.0,-8.3,UAL1598 ,none,A3,308.61,0.0,33425.0,1013.6,34016.0,305.16,1.0,2.0,,
468,1669858769.493,ab5f87,adsb_icao,N8318F,B738,40000,363.8,,5622,39.237442,-82.64328,8,186,0.296,2,9.0,1.0,3.0,perhour,2.0,0.0,0.0,[],[],45087714,0.1,-11.5,SWA2876 ,none,A3,273.78,0.0,40000.0,1013.6,40000.0,279.84,1.0,2.0,,
469,1669858799.493,ad6ff2,adsb_icao,N965NN,B738,34000,321.4,,2162,40.845657,-84.840576,8,186,0.093,2,9.0,1.0,3.0,perhour,2.0,0.0,0.0,[],[],65027900,0.0,-8.0,AAL2695 ,none,A3,291.54,0.0,33350.0,1013.6,34016.0,296.72,1.0,2.0,,
470,1669858799.493,a23a02,adsb_icao,N24211,B738,34000,341.6,,0512,40.637217,-84.616075,8,186,0.332,2,9.0,1.0,3.0,perhour,2.0,0.0,0.0,[],[],57235041,0.1,-16.1,UAL1598 ,none,A3,308.58,0.0,33425.0,1013.6,34016.0,305.16,1.0,2.0,,
471,1669858799.493,ab5f87,adsb_icao,N8318F,B738,40000,364.8,,5622,39.240784,-82.708183,8,186,0.246,2,9.0,1.0,3.0,perhour,2.0,0.0,0.0,[],[],45087981,0.0,-10.9,SWA2876 ,none,A3,273.77,0.0,40000.0,1013.6,40000.0,279.84,1.0,2.0,,
472,1669858829.492,ad6ff2,adsb_icao,N965NN,B738,33950,320.9,,2162,40.861908,-84.894714,8,186,0.317,2,9.0,1.0,3.0,perhour,2.0,0.0,0.0,[],[],65028164,0.1,-7.5,AAL2695 ,none,A3,291.77,-896.0,33325.0,1013.6,24000.0,296.72,1.0,2.0,,
473,1669858829.492,a23a02,adsb_icao,N24211,B738,34000,341.1,,0512,40.666763,-84.665161,8,186,0.054,2,9.0,1.0,3.0,perhour,2.0,0.0,0.0,[],[],57235303,0.0,-12.2,UAL1598 ,none,A3,308.21,0.0,33425.0,1013.6,34016.0,305.16,1.0,2.0,,
474,1669858829.492,ab5f87,adsb_icao,N8318F,B738,40000,364.8,,5622,39.24408,-82.772728,8,186,0.309,2,9.0,1.0,3.0,perhour,2.0,0.0,0.0,[],[],45088247,0.0,-14.9,SWA2876 ,none,A3,273.77,0.0,39975.0,1013.6,40000.0,279.84,1.0,2.0,,
475,1669858859.492,ad6ff2,adsb_icao,N965NN,B738,33450,324.0,,2162,40.878616,-84.950195,8,186,0.0,2,9.0,1.0,3.0,perhour,2.0,0.0,0.0,[],[],65028422,0.0,-6.6,AAL2695 ,none,A3,291.74,-960.0,32800.0,1013.6,24000.0,296.72,1.0,2.0,,
476,1669858859.492,a23a02,adsb_icao,N24211,B738,34000,341.3,,0512,40.695831,-84.713989,8,186,0.22,2,9.0,1.0,3.0,perhour,2.0,0.0,0.0,[],[],57235565,0.1,-12.2,UAL1598 ,none,A3,307.98,0.0,33400.0,1013.6,34016.0,305.16,1.0,2.0,,
477,1669858859.492,ab5f87,adsb_icao,N8318F,B738,40000,364.8,,5622,39.247447,-82.838318,8,186,0.022,2,9.0,1.0,3.0,perhour,2.0,0.0,0.0,[],[],45088511,0.0,-6.6,SWA2876 ,none,A3,273.77,0.0,39975.0,1013.6,40000.0,279.84,1.0,2.0,,
478,1669858889.492,ad6ff2,adsb_icao,N965NN,B738,32975,324.0,,2162,40.89521,-85.004716,8,186,0.18,2,9.0,1.0,3.0,perhour,2.0,0.0,0.0,[],[],65028676,0.0,-11.9,AAL2695 ,none,A3,291.74,-896.0,32325.0,1013.6,24000.0,296.72,1.0,2.0,,
479,1669858889.492,a23a02,adsb_icao,N24211,B738,34000,343.9,,0512,40.725248,-84.763204,8,186,0.18,2,9.0,1.0,3.0,perhour,2.0,0.0,0.0,[],[],57235823,0.0,-10.3,UAL1598 ,none,A3,308.27,0.0,33400.0,1013.6,34016.0,305.16,1.0,2.0,,
480,1669858889.492,ab5f87,adsb_icao,N8318F,B738,40000,363.7,,5622,39.250626,-82.902892,8,186,0.201,2,9.0,1.0,3.0,perhour,2.0,0.0,0.0,[],[],45088781,0.1,-15.7,SWA2876 ,none,A3,273.63,0.0,39975.0,1013.6,40000.0,279.84,1.0,2.0,,
481,1669858919.492,ad6ff2,adsb_icao,N965NN,B738,32500,328.1,,2162,40.911713,-85.059753,8,186,0.259,2,9.0,1.0,3.0,perhour,2.0,0.0,0.0,[],[],65028947,0.2,-10.1,AAL2695 ,none,A3,291.64,-896.0,31825.0,1013.6,24000.0,296.72,1.0,2.0,,
482,1669858919.492,a23a02,adsb_icao,N24211,B738,34000,345.3,,0512,40.754883,-84.812561,8,186,0.099,2,9.0,1.0,3.0,perhour,2.0,0.0,0.0,[],[],57236090,0.0,-8.5,UAL1598 ,none,A3,308.3,-64.0,33400.0,1013.6,34016.0,305.16,1.0,2.0,,
483,1669858919.492,ab5f87,adsb_icao,N8318F,B738,40000,363.7,,5622,39.253778,-82.967285,8,186,0.356,2,9.0,1.0,3.0,perhour,2.0,0.0,0.0,[],[],45089042,0.1,-7.2,SWA2876 ,none,A3,273.63,0.0,39975.0,1013.6,40000.0,279.84,1.0,2.0,,
484,1669858949.492,ad6ff2,adsb_icao,N965NN,B738,32025,332.4,,2162,40.928169,-85.115891,8,186,0.493,2,9.0,1.0,3.0,perhour,2.0,0.0,0.0,[],[],65029218,0.2,-10.7,AAL2695 ,none,A3,291.16,-960.0,31350.0,1013.6,24000.0,295.31,1.0,2.0,,
485,1669858949.492,a23a02,adsb_icao,N24211,B738,34000,344.0,,0512,40.784416,-84.861644,8,186,0.28600000000000003,2,9.0,1.0,3.0,perhour,2.0,0.0,0.0,[],[],57236346,0.1,-10.2,UAL1598 ,none,A3,306.37,0.0,33400.0,1013.6,34016.0,305.16,1.0,2.0,,
486,1669858949.492,ab5f87,adsb_icao,N8318F,B738,40000,362.7,,5622,39.256897,-83.031623,8,186,0.498,2,9.0,1.0,3.0,perhour,2.0,0.0,0.0,[],[],45089313,0.2,-12.3,SWA2876 ,none,A3,273.64,0.0,39975.0,1013.6,40000.0,279.84,1.0,2.0,,
487,1669858979.493,ad6ff2,adsb_icao,N965NN,B738,31525,332.4,,2162,40.945175,-85.172729,8,186,0.488,2,9.0,1.0,3.0,perhour,2.0,0.0,0.0,[],[],65029483,0.0,-9.1,AAL2695 ,none,A3,292.09,-1024.0,30850.0,1013.6,24000.0,295.31,1.0,2.0,,
488,1669858979.493,a23a02,adsb_icao,N24211,B738,34000,335.6,,0512,40.807251,-84.915894,8,186,0.082,2,9.0,1.0,3.0,perhour,2.0,0.0,0.0,[],[],57236602,0.0,-7.1,UAL1598 ,none,A3,292.97,0.0,33400.0,1013.6,34016.0,305.16,1.0,2.0,,
489,1669858979.493,ab5f87,adsb_icao,N8318F,B738,40000,361.7,,5622,39.260063,-83.097046,8,186,0.091,2,9.0,1.0,3.0,perhour,2.0,0.0,0.0,[],[],45089579,0.1,-13.3,SWA2876 ,none,A3,273.49,0.0,39975.0,1013.6,40000.0,279.84,1.0,2.0,,
490,1669859009.493,ad6ff2,adsb_icao,N965NN,B738,31050,333.9,,2162,40.962479,-85.229248,8,186,0.382,2,9.0,1.0,3.0,perhour,2.0,0.0,0.0,[],[],65029742,0.1,-8.6,AAL2695 ,none,A3,291.8,-960.0,30375.0,1013.6,24000.0,295.31,1.0,2.0,,
491,1669859009.493,a23a02,adsb_icao,N24211,B738,34000,336.8,,0512,40.825568,-84.971633,8,186,0.466,2,9.0,1.0,3.0,perhour,2.0,0.0,0.0,[],[],57236865,0.1,-6.3,UAL1598 ,none,A3,293.44,0.0,33400.0,1013.6,34016.0,305.16,1.0,2.0,,
492,1669859009.493,ab5f87,adsb_icao,N8318F,B738,40000,361.7,,5622,39.263088,-83.161682,8,186,0.0,2,9.0,1.0,3.0,perhour,2.0,0.0,0.0,[],[],45089844,0.0,-9.1,SWA2876 ,none,A3,273.49,0.0,39975.0,1013.6,40000.0,279.84,1.0,2.0,,
493,1669859039.492,ad6ff2,adsb_icao,N965NN,B738,30550,331.5,,2162,40.979423,-85.286865,8,186,0.0,2,9.0,1.0,3.0,perhour,2.0,0.0,0.0,[],[],65030007,0.0,-9.9,AAL2695 ,none,A3,291.22,-960.0,29850.0,1013.6,24000.0,295.31,1.0,2.0,,
494,1669859039.492,a23a02,adsb_icao,N24211,B738,34000,337.3,,0512,40.84433,-85.028931,8,186,0.03,2,9.0,1.0,3.0,perhour,2.0,0.0,0.0,[],[],57237140,0.0,-13.5,UAL1598 ,none,A3,293.22,0.0,33400.0,1013.6,34016.0,295.31,1.0,2.0,,
495,1669859039.492,ab5f87,adsb_icao,N8318F,B738,40000,361.6,,5622,39.266068,-83.226257,8,186,0.0,2,9.0,1.0,3.0,perhour,2.0,0.0,0.0,[],[],45090098,0.0,-5.5,SWA2876 ,none,A3,273.33,0.0,39975.0,1013.6,40000.0,279.84,1.0,2.0,,
496,1669859069.492,ad6ff2,adsb_icao,N965NN,B738,30050,330.9,,2162,40.995809,-85.342671,8,186,0.279,2,9.0,1.0,3.0,perhour,2.0,0.0,0.0,[],[],65030285,0.1,-6.2,AAL2695 ,none,A3,291.45,-1024.0,29350.0,1013.6,24000.0,295.31,1.0,2.0,,
497,1669859069.492,a23a02,adsb_icao,N24211,B738,34000,336.4,,0512,40.862686,-85.0849,8,186,0.343,2,9.0,1.0,3.0,perhour,2.0,0.0,0.0,[],[],57237403,0.1,-7.4,UAL1598 ,none,A3,293.29,0.0,33400.0,1013.6,24000.0,295.31,1.0,2.0,,
498,1669859069.492,ab5f87,adsb_icao,N8318F,B738,40000,361.7,,5622,39.269073,-83.289921,8,186,0.271,2,9.0,1.0,3.0,perhour,2.0,0.0,0.0,[],[],45090360,0.1,-14.8,SWA2876 ,none,A3,273.49,0.0,39975.0,1013.6,40000.0,279.84,1.0,2.0,,
499,1669859099.492,ad6ff2,adsb_icao,N965NN,B738,29575,331.3,,2162,41.012987,-85.399725,8,186,0.08600000000000001,2,9.0,1.0,3.0,perhour,2.0,0.0,0.0,[],[],65030560,0.1,-6.4,AAL2695 ,none,A3,291.61,-960.0,28875.0,1013.6,24000.0,295.31,1.0,2.0,,
500,1669859099.492,a23a02,adsb_icao,N24211,B738,34000,335.5,,0512,40.881011,-85.140984,8,186,0.56,2,9.0,1.0,3.0,perhour,2.0,0.0,0.0,[],[],57237666,0.30000000000000004,-11.8,UAL1598 ,none,A3,293.36,-64.0,33400.0,1013.6,24000.0,295.31,1.0,2.0,,
501,1669859099.492,ab5f87,adsb_icao,N8318F,B738,40000,360.6,,5622,39.272073,-83.354614,8,186,0.066,2,9.0,1.0,3.0,perhour,2.0,0.0,0.0,[],[],45090634,0.0,-8.7,SWA2876 ,none,A3,273.34,0.0,39975.0,1013.6,40000.0,279.84,1.0,2.0,,
502,1669859129.492,ad6ff2,adsb_icao,N965NN,B738,29100,333.3,,2162,41.029587,-85.456055,8,186,0.11,2,9.0,1.0,3.0,perhour,2.0,0.0,0.0,[],[],65030817,0.0,-5.7,AAL2695 ,none,A3,291.1,-960.0,28400.0,1013.6,24000.0,295.31,1.0,2.0,,
503,1669859129.492,a23a02,adsb_icao,N24211,B738,33550,333.3,,0512,40.899628,-85.197754,8,186,0.196,2,9.0,1.0,3.0,perhour,2.0,0.0,0.0,[],[],57237945,0.0,-9.2,UAL1598 ,none,A3,293.33,-1024.0,32950.0,1013.6,24000.0,295.31,1.0,2.0,,
504,1669859129.492,ab5f87,adsb_icao,N8318F,B738,40000,360.6,,5622,39.274959,-83.418457,8,186,0.272,2,9.0,1.0,3.0,perhour,2.0,0.0,0.0,[],[],45090916,0.1,-12.6,SWA2876 ,none,A3,273.34,0.0,39975.0,1013.6,40000.0,279.84,1.0,2.0,,
505,1669859159.492,ad6ff2,adsb_icao,N965NN,B738,28625,338.2,,2162,41.046387,-85.513245,8,186,0.28,2,9.0,1.0,3.0,perhour,2.0,0.0,0.0,[],[],65031084,0.0,-4.3,AAL2695 ,none,A3,291.33,-896.0,27925.0,1013.6,24000.0,295.31,1.0,2.0,,
506,1669859159.492,a23a02,adsb_icao,N24211,B738,33050,335.1,,0512,40.917984,-85.253906,8,186,0.074,2,9.0,1.0,3.0,perhour,2.0,0.0,0.0,[],[],57238200,0.0,-6.1,UAL1598 ,none,A3,293.2,-960.0,32425.0,1013.6,24000.0,295.31,1.0,2.0,,
507,1669859159.492,ab5f87,adsb_icao,N8318F,B738,40000,361.6,,5622,39.277771,-83.482898,8,186,0.248,2,9.0,1.0,3.0,perhour,2.0,0.0,0.0,[],[],45091179,0.0,-6.7,SWA2876 ,none,A3,273.17,0.0,39975.0,1013.6,40000.0,279.84,1.0,2.0,,
508,1669859189.492,ad6ff2,adsb_icao,N965NN,B738,28150,342.5,,2162,41.063553,-85.572266,8,186,0.007,2,9.0,1.0,3.0,perhour,2.0,0.0,0.0,[],[],65031353,0.0,-8.4,AAL2695 ,none,A3,290.87,-1024.0,27450.0,1013.6,24000.0,295.31,1.0,2.0,,
509,1669859189.492,a23a02,adsb_icao,N24211,B738,32575,335.1,,0512,40.936066,-85.309509,8,186,0.352,2,9.0,1.0,3.0,perhour,2.0,0.0,0.0,[],[],57238454,0.2,-12.5,UAL1598 ,none,A3,293.2,-960.0,31950.0,1013.6,24000.0,295.31,1.0,2.0,,
510,1669859189.492,ab5f87,adsb_icao,N8318F,B738,40000,361.6,,5622,39.280701,-83.54798,8,186,0.0,2,9.0,1.0,3.0,perhour,2.0,0.0,0.0,[],[],45091455,0.0,-9.8,SWA2876 ,none,A3,273.33,0.0,39975.0,1013.6,40000.0,279.84,1.0,2.0,,
511,1669859219.492,ad6ff2,adsb_icao,N965NN,B738,27675,340.8,,2162,41.08049,-85.629883,8,186,0.28200000000000003,2,9.0,1.0,3.0,perhour,2.0,0.0,0.0,[],[],65031610,0.1,-6.4,AAL2695 ,none,A3,291.52,-960.0,26975.0,1013.6,24000.0,295.31,1.0,2.0,,
512,1669859219.492,a23a02,adsb_icao,N24211,B738,32100,338.0,,0512,40.954285,-85.366699,8,186,0.28200000000000003,2,9.0,1.0,3.0,perhour,2.0,0.0,0.0,[],[],57238713,0.0,-10.9,UAL1598 ,none,A3,292.62,-896.0,31475.0,1013.6,24000.0,295.31,1.0,2.0,,
513,1669859219.492,ab5f87,adsb_icao,N8318F,B738,40000,362.6,,5622,39.283493,-83.612346,8,186,0.059000000000000004,2,9.0,1.0,3.0,perhour,2.0,0.0,0.0,[],[],45091739,0.0,-12.0,SWA2876 ,none,A3,273.16,0.0,39975.0,1013.6,40000.0,279.84,1.0,2.0,,
514,1669859249.492,ad6ff2,adsb_icao,N965NN,B738,27175,345.4,,2162,41.097991,-85.688927,8,186,0.055,2,9.0,1.0,3.0,perhour,2.0,0.0,0.0,[],[],65031876,0.0,-7.2,AAL2695 ,none,A3,291.22,-960.0,26475.0,1013.6,24000.0,295.31,1.0,2.0,,
515,1669859249.492,a23a02,adsb_icao,N24211,B738,31625,338.2,,0512,40.972595,-85.423096,8,186,0.484,2,9.0,1.0,3.0,perhour,2.0,0.0,0.0,[],[],57238992,0.2,-7.5,UAL1598 ,none,A3,293.15,-960.0,30975.0,1013.6,24000.0,295.31,1.0,2.0,,
516,1669859249.492,ab5f87,adsb_icao,N8318F,B738,40000,362.6,,5622,39.286271,-83.676331,8,186,0.35000000000000003,2,9.0,1.0,3.0,perhour,2.0,0.0,0.0,[],[],45092005,0.1,-7.4,SWA2876 ,none,A3,273.16,0.0,39975.0,1013.6,40000.0,279.84,1.0,2.0,,
517,1669859279.492,ad6ff2,adsb_icao,N965NN,B738,26675,346.0,,2162,41.114914,-85.74762,8,186,0.4,2,9.0,1.0,3.0,perhour,2.0,0.0,0.0,[],[],65032134,0.1,-6.3,AAL2695 ,none,A3,291.0,-960.0,25975.0,1013.6,24000.0,295.31,1.0,2.0,,
518,1669859279.492,a23a02,adsb_icao,N24211,B738,31125,333.8,,0512,40.99086,-85.479675,8,186,0.52,2,9.0,1.0,3.0,perhour,2.0,0.0,0.0,[],[],57239272,0.4,-8.3,UAL1598 ,none,A3,293.11,-1024.0,30475.0,1013.6,24000.0,295.31,1.0,2.0,,
519,1669859279.492,ab5f87,adsb_icao,N8318F,B738,40000,362.6,,5622,39.288986,-83.740838,8,186,0.443,2,9.0,1.0,3.0,perhour,2.0,0.0,0.0,[],[],45092269,0.0,-5.1,SWA2876 ,none,A3,273.16,0.0,39975.0,1013.6,40000.0,279.84,1.0,2.0,,
520,1669859309.492,ad6ff2,adsb_icao,N965NN,B738,26225,346.1,,2162,41.132446,-85.807007,8,186,0.34500000000000003,2,9.0,1.0,3.0,perhour,2.0,0.0,0.0,[],[],65032396,0.1,-9.2,AAL2695 ,none,A3,291.52,-960.0,25550.0,1013.6,24000.0,295.31,1.0,2.0,,
521,1669859309.492,a23a02,adsb_icao,N24211,B738,30625,335.1,,0512,41.009356,-85.536742,8,186,0.007,2,9.0,1.0,3.0,perhour,2.0,0.0,0.0,[],[],57239534,0.0,-18.0,UAL1598 ,none,A3,293.2,-960.0,29975.0,1013.6,24000.0,295.31,1.0,2.0,,
522,1669859309.492,ab5f87,adsb_icao,N8318F,B738,40000,362.6,,5622,39.291687,-83.805442,8,186,0.467,2,9.0,1.0,3.0,perhour,2.0,0.0,0.0,[],[],45092559,0.0,-8.6,SWA2876 ,none,A3,273.16,0.0,39975.0,1013.6,40000.0,279.84,1.0,2.0,,
523,1669859339.493,ad6ff2,adsb_icao,N965NN,B738,25725,341.9,,2162,41.149933,-85.866333,8,186,0.037,2,9.0,1.0,3.0,perhour,2.0,0.0,0.0,[],[],65032662,0.0,-14.2,AAL2695 ,none,A3,291.09,-960.0,25025.0,1013.6,24000.0,295.31,1.0,2.0,,
524,1669859339.493,a23a02,adsb_icao,N24211,B738,30175,332.9,,0512,41.027604,-85.593234,8,186,0.0,2,9.0,1.0,3.0,perhour,2.0,0.0,0.0,[],[],57239803,0.0,-7.6,UAL1598 ,none,A3,293.18,-960.0,29525.0,1013.6,24000.0,295.31,1.0,2.0,,
525,1669859339.493,ab5f87,adsb_icao,N8318F,B738,40000,362.5,,5622,39.294434,-83.870644,8,186,0.23700000000000002,2,9.0,1.0,3.0,perhour,2.0,0.0,0.0,[],[],45092832,0.0,-12.4,SWA2876 ,none,A3,273.0,64.0,39975.0,1013.6,40000.0,279.84,1.0,2.0,,
526,1669859369.492,ad6ff2,adsb_icao,N965NN,B738,25250,341.2,,2162,41.166824,-85.925049,8,186,0.003,2,9.0,1.0,3.0,perhour,2.0,0.0,0.0,[],[],65032918,0.0,-5.1,AAL2695 ,none,A3,290.77,-960.0,24575.0,1013.6,24000.0,295.31,1.0,2.0,,
527,1669859369.492,a23a02,adsb_icao,N24211,B738,29700,330.8,,0512,41.045248,-85.648041,8,186,0.453,2,9.0,1.0,3.0,perhour,2.0,0.0,0.0,[],[],57240059,0.0,-6.0,UAL1598 ,none,A3,292.77,-960.0,29050.0,1013.6,24000.0,295.31,1.0,2.0,,
528,1669859369.492,ab5f87,adsb_icao,N8318F,B738,40000,362.5,,5622,39.297118,-83.935364,8,186,0.209,2,9.0,1.0,3.0,perhour,2.0,0.0,0.0,[],[],45093105,0.1,-8.7,SWA2876 ,none,A3,273.0,0.0,39975.0,1013.6,40000.0,279.84,1.0,2.0,,
529,1669859399.492,ad6ff2,adsb_icao,N965NN,B738,24750,342.8,,2162,41.183741,-85.983249,8,186,0.099,2,9.0,1.0,3.0,perhour,2.0,0.0,0.0,[],[],65033178,0.1,-9.3,AAL2695 ,none,A3,291.03,-960.0,24050.0,1013.6,11008.0,295.31,1.0,2.0,,
530,1669859399.492,a23a02,adsb_icao,N24211,B738,29225,338.8,,0512,41.06331,-85.704908,8,186,0.365,2,9.0,1.0,3.0,perhour,2.0,0.0,0.0,[],[],57240307,0.1,-6.9,UAL1598 ,none,A3,292.93,-896.0,28575.0,1013.6,24000.0,295.31,1.0,2.0,,
531,1669859399.492,ab5f87,adsb_icao,N8318F,B738,40000,362.4,,5622,39.299678,-83.999939,8,186,0.198,2,9.0,1.0,3.0,perhour,2.0,0.0,0.0,[],[],45093385,0.0,-8.4,SWA2876 ,none,A3,272.85,0.0,39975.0,1013.6,40000.0,279.84,1.0,2.0,,
532,1669859429.492,ad6ff2,adsb_icao,N965NN,B738,24275,343.0,,2162,41.20079,-86.04248,8,186,0.0,2,9.0,1.0,3.0,perhour,2.0,0.0,0.0,[],[],65033422,0.0,-12.0,AAL2695 ,none,A3,290.65,-1024.0,23600.0,1013.6,11008.0,295.31,1.0,2.0,,
533,1669859429.492,a23a02,adsb_icao,N24211,B738,28725,344.2,,0512,41.082001,-85.763428,8,186,0.039,2,9.0,1.0,3.0,perhour,2.0,0.0,0.0,[],[],57240576,0.0,-12.3,UAL1598 ,none,A3,292.91,-960.0,28075.0,1013.6,24000.0,295.31,1.0,2.0,,
534,1669859429.492,ab5f87,adsb_icao,N8318F,B738,40000,361.5,,5622,39.302192,-84.064392,8,186,0.176,2,9.0,1.0,3.0,perhour,2.0,0.0,0.0,[],[],45093658,0.0,-16.0,SWA2876 ,none,A3,273.01,0.0,39975.0,1013.6,40000.0,279.84,1.0,2.0,,
535,1669859459.492,ad6ff2,adsb_icao,N965NN,B738,23775,337.2,,2162,41.217444,-86.101352,8,186,0.015,2,9.0,1.0,3.0,perhour,2.0,0.0,0.0,[],[],65033679,0.0,-9.1,AAL2695 ,none,A3,289.94,-1280.0,23125.0,1013.6,11008.0,295.31,1.0,2.0,,
536,1669859459.492,a23a02,adsb_icao,N24211,B738,28275,347.3,,0512,41.100677,-85.821899,8,186,0.065,2,9.0,1.0,3.0,perhour,2.0,0.0,0.0,[],[],57240851,0.0,-8.3,UAL1598 ,none,A3,292.87,-896.0,27625.0,1013.6,24000.0,295.31,1.0,2.0,,
537,1669859459.492,ab5f87,adsb_icao,N8318F,B738,40000,360.5,,5622,39.304779,-84.129181,8,186,0.0,2,9.0,1.0,3.0,perhour,2.0,0.0,0.0,[],[],45093936,0.0,-10.9,SWA2876 ,none,A3,272.86,0.0,39950.0,1013.6,40000.0,279.84,1.0,2.0,,
538,1669859489.492,ad6ff2,adsb_icao,N965NN,B738,23150,307.2,,2162,41.232651,-86.156677,8,186,0.036000000000000004,2,9.0,1.0,3.0,perhour,2.0,0.0,0.0,[],[],65033931,0.0,-7.8,AAL2695 ,none,A3,290.38,-1344.0,22500.0,1013.6,11008.0,295.31,1.0,2.0,,
539,1669859489.492,a23a02,adsb_icao,N24211,B738,27825,344.7,,0512,41.119219,-85.880439,8,186,0.08,2,9.0,1.0,3.0,perhour,2.0,0.0,0.0,[],[],57241101,0.0,-11.1,UAL1598 ,none,A3,292.7,-960.0,27175.0,1013.6,12992.0,295.31,1.0,2.0,,
540,1669859489.492,ab5f87,adsb_icao,N8318F,B738,40000,359.5,,5622,39.30722,-84.192688,8,186,0.312,2,9.0,1.0,3.0,perhour,2.0,0.0,0.0,[],[],45094215,0.1,-5.6,SWA2876 ,none,A3,272.87,0.0,39950.0,1013.6,40000.0,279.84,1.0,2.0,,
541,1669859519.492,ad6ff2,adsb_icao,N965NN,B738,22550,292.9,,2162,41.247098,-86.207282,8,186,0.442,2,9.0,1.0,3.0,perhour,2.0,0.0,0.0,[],[],65034188,0.1,-9.0,AAL2695 ,none,A3,291.22,-1088.0,21900.0,1013.6,11008.0,298.12,1.0,2.0,,
542,1669859519.492,a23a02,adsb_icao,N24211,B738,27350,342.8,,0512,41.137607,-85.938305,8,186,0.2,2,9.0,1.0,3.0,perhour,2.0,0.0,0.0,[],[],57241359,0.0,-10.6,UAL1598 ,none,A3,292.83,-960.0,26700.0,1013.6,11008.0,295.31,1.0,2.0,,
543,1669859519.492,ab5f87,adsb_icao,N8318F,B738,40000,359.4,,5622,39.309687,-84.257507,8,186,0.0,2,9.0,1.0,3.0,perhour,2.0,0.0,0.0,[],[],45094494,0.0,-7.8,SWA2876 ,none,A3,272.71,0.0,39975.0,1013.6,40000.0,279.84,1.0,2.0,['lnav'],
544,1669859549.493,ad6ff2,adsb_icao,N965NN,B738,22000,284.1,,2162,41.262042,-86.257158,8,186,0.007,2,9.0,1.0,3.0,perhour,2.0,0.0,0.0,[],[],65034441,0.0,-6.6,AAL2695 ,none,A3,291.69,-1088.0,21350.0,1013.6,11008.0,298.12,1.0,2.0,,
545,1669859549.493,a23a02,adsb_icao,N24211,B738,26850,346.9,,0512,41.156021,-85.996277,8,186,0.317,2,9.0,1.0,3.0,perhour,2.0,0.0,0.0,[],[],57241611,0.2,-8.7,UAL1598 ,none,A3,292.72,-960.0,26200.0,1013.6,11008.0,295.31,1.0,2.0,,
546,1669859549.493,ab5f87,adsb_icao,N8318F,B738,40000,358.4,,5622,39.312015,-84.321289,8,186,0.11800000000000001,2,9.0,1.0,3.0,perhour,2.0,0.0,0.0,[],[],45094783,0.0,-14.7,SWA2876 ,none,A3,272.72,0.0,39975.0,1013.6,40000.0,279.84,1.0,2.0,['lnav'],
547,1669859579.492,ad6ff2,adsb_icao,N965NN,B738,21500,281.7,,2162,41.2761,-86.304973,8,186,0.297,2,9.0,1.0,3.0,perhour,2.0,0.0,0.0,[],[],65034698,0.2,-5.0,AAL2695 ,none,A3,291.01,-1024.0,20850.0,1013.6,11008.0,298.12,1.0,2.0,,
548,1669859579.492,a23a02,adsb_icao,N24211,B738,26300,342.5,,0512,41.174789,-86.055908,8,186,0.136,2,9.0,1.0,3.0,perhour,2.0,0.0,0.0,[],[],57241875,0.0,-16.5,UAL1598 ,none,A3,292.67,-1344.0,25700.0,1013.6,11008.0,295.31,1.0,2.0,,
549,1669859579.492,ab5f87,adsb_icao,N8318F,B738,40000,357.4,,5622,39.314249,-84.384766,8,186,0.255,2,9.0,1.0,3.0,perhour,2.0,0.0,0.0,[],[],45095055,0.0,-6.8,SWA2876 ,none,A3,272.57,0.0,39975.0,1013.6,40000.0,279.84,1.0,2.0,,
550,1669859609.492,ad6ff2,adsb_icao,N965NN,B738,21000,280.1,,2162,41.289917,-86.353333,8,186,0.261,2,9.0,1.0,3.0,perhour,2.0,0.0,0.0,[],[],65034965,0.2,-6.9,AAL2695 ,none,A3,290.7,-960.0,20375.0,1013.6,11008.0,298.12,1.0,2.0,,
551,1669859609.492,a23a02,adsb_icao,N24211,B738,25725,311.5,,0512,41.192184,-86.111023,8,186,0.108,2,9.0,1.0,3.0,perhour,2.0,0.0,0.0,[],[],57242142,0.0,-14.7,UAL1598 ,none,A3,292.86,-1152.0,25075.0,1013.6,11008.0,295.31,1.0,2.0,,
552,1669859609.492,ab5f87,adsb_icao,N8318F,B738,40000,356.4,,5622,39.316544,-84.44874,8,186,0.128,2,9.0,1.0,3.0,perhour,2.0,0.0,0.0,[],[],45095341,0.0,-12.3,SWA2876 ,none,A3,272.73,0.0,39975.0,1013.6,40000.0,279.84,1.0,2.0,,
553,1669859639.492,ad6ff2,adsb_icao,N965NN,B738,20525,285.5,,2162,41.303787,-86.401978,8,186,0.11900000000000001,2,9.0,1.0,3.0,perhour,2.0,0.0,0.0,[],[],65035219,0.0,-6.4,AAL2695 ,none,A3,290.72,-960.0,19900.0,1013.6,11008.0,298.12,1.0,2.0,,
554,1669859639.492,a23a02,adsb_icao,N24211,B738,25175,302.5,,0512,41.20846,-86.16265,8,186,0.055,2,9.0,1.0,3.0,perhour,2.0,0.0,0.0,[],[],57242388,0.1,-15.8,UAL1598 ,none,A3,292.75,-1024.0,24525.0,1013.6,11008.0,300.23,1.0,2.0,,
555,1669859639.492,ab5f87,adsb_icao,N8318F,B738,40000,356.5,,5622,39.31897,-84.512389,8,186,0.152,2,9.0,1.0,3.0,perhour,2.0,0.0,0.0,[],[],45095612,0.1,-9.0,SWA2876 ,none,A3,272.89,0.0,39975.0,1013.6,40000.0,279.84,1.0,2.0,,
556,1669859669.492,ad6ff2,adsb_icao,N965NN,B738,20050,292.7,,2162,41.318044,-86.451853,8,186,0.221,2,9.0,1.0,3.0,perhour,2.0,0.0,0.0,[],[],65035478,0.0,-10.8,AAL2695 ,none,A3,290.6,-960.0,19450.0,1013.6,11008.0,298.12,1.0,2.0,,
557,1669859669.492,a23a02,adsb_icao,N24211,B738,24650,301.2,,0512,41.22466,-86.213899,8,186,0.007,2,9.0,1.0,3.0,perhour,2.0,0.0,0.0,[],[],57242632,0.0,-8.2,UAL1598 ,none,A3,292.65,-1024.0,24000.0,1013.6,11008.0,300.23,1.0,2.0,,
558,1669859669.492,ab5f87,adsb_icao,N8318F,B738,40000,356.4,,5622,39.32135,-84.57562,8,186,0.34700000000000003,2,9.0,1.0,3.0,perhour,2.0,0.0,0.0,[],[],45095895,0.0,-14.3,SWA2876 ,none,A3,272.73,0.0,39975.0,1013.6,40000.0,279.84,1.0,2.0,,
559,1669859699.492,ad6ff2,adsb_icao,N965NN,B738,19550,291.1,,2162,41.332214,-86.50238,8,186,0.253,2,9.0,1.0,3.0,perhour,2.0,0.0,0.0,[],[],65035739,0.0,-8.8,AAL2695 ,none,A3,290.3,-1024.0,18950.0,1013.6,11008.0,298.12,1.0,2.0,,
560,1669859699.492,a23a02,adsb_icao,N24211,B738,24150,297.7,,0512,41.240295,-86.264099,8,186,0.332,2,9.0,1.0,3.0,perhour,2.0,0.0,0.0,[],[],57242892,0.1,-13.7,UAL1598 ,none,A3,292.52,-1024.0,23500.0,1013.6,11008.0,300.23,1.0,2.0,,
561,1669859699.492,ab5f87,adsb_icao,N8318F,B738,40000,357.4,,5622,39.323547,-84.639687,8,186,0.13,2,9.0,1.0,3.0,perhour,2.0,0.0,0.0,[],[],45096181,0.1,-9.3,SWA2876 ,none,A3,272.57,0.0,39975.0,1013.6,40000.0,279.84,1.0,2.0,,
562,1669859729.492,ad6ff2,adsb_icao,N965NN,B738,19050,287.9,,2162,41.346348,-86.552603,8,186,0.084,2,9.0,1.0,3.0,perhour,2.0,0.0,0.0,[],[],65035991,0.0,-8.4,AAL2695 ,none,A3,290.32,-1024.0,18450.0,1013.6,11008.0,298.12,1.0,2.0,,
563,1669859729.492,a23a02,adsb_icao,N24211,B738,23650,302.2,,0512,41.256222,-86.315023,8,186,0.25,2,9.0,1.0,3.0,perhour,2.0,0.0,0.0,[],[],57243140,0.0,-10.8,UAL1598 ,none,A3,292.58,-960.0,23025.0,1013.6,11008.0,300.23,1.0,2.0,,
564,1669859729.492,ab5f87,adsb_icao,N8318F,B738,40000,357.3,,5622,39.325701,-84.703125,8,186,0.291,2,9.0,1.0,3.0,perhour,2.0,0.0,0.0,[],[],45096445,0.0,-10.2,SWA2876 ,none,A3,272.41,-64.0,39975.0,1013.6,40000.0,279.84,1.0,2.0,,
565,1669859759.492,ad6ff2,adsb_icao,N965NN,B738,18550,284.5,,2162,41.36036,-86.601854,8,186,0.153,2,9.0,1.0,3.0,perhour,2.0,0.0,0.0,[],[],65036249,0.2,-6.1,AAL2695 ,none,A3,290.79,-1024.0,17975.0,1013.6,11008.0,298.12,1.0,2.0,,
566,1669859759.492,a23a02,adsb_icao,N24211,B738,23175,305.3,,0512,41.272562,-86.367083,8,186,0.0,2,9.0,1.0,3.0,perhour,2.0,0.0,0.0,[],[],57243400,0.0,-6.5,UAL1598 ,none,A3,292.53,-1024.0,22550.0,1013.6,11008.0,300.23,1.0,2.0,,
567,1669859759.492,ab5f87,adsb_icao,N8318F,B738,40000,356.3,,5622,39.327656,-84.766602,8,186,0.38,2,9.0,1.0,3.0,perhour,2.0,0.0,0.0,[],[],45096711,0.0,-7.2,SWA2876 ,none,A3,272.25,0.0,39975.0,1013.6,40000.0,279.84,1.0,2.0,,
568,1669859789.492,ad6ff2,adsb_icao,N965NN,B738,18050,283.2,,2162,41.374232,-86.650668,8,186,0.101,2,9.0,1.0,3.0,perhour,2.0,0.0,0.0,[],[],65036512,0.0,-6.4,AAL2695 ,none,A3,290.67,-1024.0,17475.0,1013.6,11008.0,298.12,1.0,2.0,,
569,1669859789.492,a23a02,adsb_icao,N24211,B738,22675,304.9,,0512,41.288483,-86.418707,8,186,0.326,2,9.0,1.0,3.0,perhour,2.0,0.0,0.0,[],[],57243673,0.0,-12.4,UAL1598 ,none,A3,292.36,-1024.0,22050.0,1013.6,11008.0,300.23,1.0,2.0,,
570,1669859789.492,ab5f87,adsb_icao,N8318F,B738,40000,356.4,,5622,39.329798,-84.830139,8,186,0.437,2,9.0,1.0,3.0,perhour,2.0,0.0,0.0,[],[],45096996,0.2,-12.8,SWA2876 ,none,A3,272.57,0.0,39975.0,1013.6,40000.0,279.84,1.0,2.0,,
571,1669859819.492,ad6ff2,adsb_icao,N965NN,B738,17550,280.3,,2162,41.387779,-86.698992,8,186,0.264,2,9.0,1.0,3.0,perhour,2.0,0.0,0.0,[],[],65036767,0.0,-9.8,AAL2695 ,none,A3,290.25,-1024.0,17000.0,1022.4,11008.0,298.12,1.0,2.0,,
572,1669859819.492,a23a02,adsb_icao,N24211,B738,22175,298.1,,0512,41.304683,-86.470517,8,186,0.0,2,9.0,1.0,3.0,perhour,2.0,0.0,0.0,[],[],57243936,0.0,-7.7,UAL1598 ,none,A3,292.69,-1024.0,21550.0,1013.6,11008.0,300.23,1.0,2.0,,
573,1669859819.492,ab5f87,adsb_icao,N8318F,B738,40000,355.3,,5622,39.33197,-84.893686,8,186,0.34,2,9.0,1.0,3.0,perhour,2.0,0.0,0.0,[],[],45097275,0.1,-5.9,SWA2876 ,none,A3,272.42,0.0,39975.0,1013.6,40000.0,279.84,1.0,2.0,,
574,1669859849.492,ad6ff2,adsb_icao,N965NN,B738,17050,279.7,,2162,41.401337,-86.747111,8,186,0.40900000000000003,2,9.0,1.0,3.0,perhour,2.0,0.0,0.0,[],[],65037008,0.1,-14.1,AAL2695 ,none,A3,290.51,-960.0,16500.0,1022.4,11008.0,298.12,1.0,2.0,,
575,1669859849.492,a23a02,adsb_icao,N24211,B738,21675,296.0,,0512,41.320221,-86.520264,8,186,0.394,2,9.0,1.0,3.0,perhour,2.0,0.0,0.0,[],[],57244203,0.0,-10.2,UAL1598 ,none,A3,292.23,-1024.0,21075.0,1013.6,11008.0,300.23,1.0,2.0,,
576,1669859849.492,ab5f87,adsb_icao,N8318F,B738,40000,355.3,,5622,39.334127,-84.958069,8,186,0.0,2,9.0,1.0,3.0,perhour,2.0,0.0,0.0,[],[],45097542,0.0,-7.2,SWA2876 ,none,A3,272.42,0.0,39975.0,1013.6,40000.0,279.84,1.0,2.0,,
577,1669859879.492,ad6ff2,adsb_icao,N965NN,B738,16525,282.0,,2162,41.415298,-86.796424,8,186,0.0,2,9.0,1.0,3.0,perhour,2.0,0.0,0.0,[],[],65037256,0.0,-7.5,AAL2695 ,none,A3,290.56,-1024.0,16000.0,1022.4,11008.0,298.12,1.0,2.0,,
578,1669859879.492,a23a02,adsb_icao,N24211,B738,21175,294.2,,0512,41.335873,-86.570892,8,186,0.108,2,9.0,1.0,3.0,perhour,2.0,0.0,0.0,[],[],57244456,0.0,-6.4,UAL1598 ,none,A3,292.38,-960.0,20575.0,1013.6,11008.0,300.23,1.0,2.0,,
579,1669859879.492,ab5f87,adsb_icao,N8318F,B738,40000,356.3,,5622,39.33609,-85.020924,8,186,0.266,2,9.0,1.0,3.0,perhour,2.0,0.0,0.0,[],[],45097796,0.0,-9.8,SWA2876 ,none,A3,272.25,0.0,39975.0,1013.6,40000.0,279.84,1.0,2.0,,
580,1669859909.492,ad6ff2,adsb_icao,N965NN,B738,16025,284.8,,2162,41.428978,-86.845391,8,186,0.0,2,9.0,1.0,3.0,perhour,2.0,0.0,0.0,[],[],65037508,0.0,-5.6,AAL2695 ,none,A3,290.34,-1024.0,15525.0,1022.4,11008.0,298.12,1.0,2.0,,
581,1669859909.492,a23a02,adsb_icao,N24211,B738,20675,292.9,,0512,41.351303,-86.62085,8,186,0.135,2,9.0,1.0,3.0,perhour,2.0,0.0,0.0,[],[],57244720,0.1,-10.9,UAL1598 ,none,A3,292.27,-960.0,20075.0,1013.6,11008.0,300.23,1.0,2.0,,
582,1669859909.492,ab5f87,adsb_icao,N8318F,B738,40000,356.3,,5622,39.338038,-85.084534,8,186,0.21,2,9.0,1.0,3.0,perhour,2.0,0.0,0.0,[],[],45098066,0.0,-9.4,SWA2876 ,none,A3,272.25,0.0,39975.0,1013.6,40000.0,279.84,1.0,2.0,,
583,1669859939.492,ad6ff2,adsb_icao,N965NN,B738,15550,287.9,,2162,41.442757,-86.894765,8,186,0.011,2,9.0,1.0,3.0,perhour,2.0,0.0,0.0,[],[],65037755,0.0,-11.8,AAL2695 ,none,A3,290.32,-960.0,15050.0,1022.4,11008.0,298.12,1.0,2.0,,
584,1669859939.492,a23a02,adsb_icao,N24211,B738,20175,296.4,,0512,41.366867,-86.671265,8,186,0.01,2,9.0,1.0,3.0,perhour,2.0,0.0,0.0,[],[],57244968,0.0,-9.3,UAL1598 ,none,A3,292.41,-1024.0,19600.0,1013.6,11008.0,300.23,1.0,2.0,,
585,1669859939.492,ab5f87,adsb_icao,N8318F,B738,40000,355.3,,5622,39.33989,-85.147864,8,186,0.312,2,9.0,1.0,3.0,perhour,2.0,0.0,0.0,[],[],45098339,0.0,-6.5,SWA2876 ,none,A3,272.26,0.0,39975.0,1013.6,40000.0,279.84,1.0,2.0,,
586,1669859969.493,ad6ff2,adsb_icao,N965NN,B738,15050,294.2,,2162,41.45668,-86.945239,8,186,0.075,2,9.0,1.0,3.0,perhour,2.0,0.0,0.0,[],[],65037990,0.0,-9.3,AAL2695 ,none,A3,290.28,-960.0,14575.0,1022.4,11008.0,298.12,1.0,2.0,,
587,1669859969.493,a23a02,adsb_icao,N24211,B738,19675,291.9,,0512,41.382286,-86.72133,8,186,0.136,2,9.0,1.0,3.0,perhour,2.0,0.0,0.0,[],[],57245236,0.1,-4.8,UAL1598 ,none,A3,292.35,-1024.0,19125.0,1013.6,11008.0,300.23,1.0,2.0,,
588,1669859969.493,ab5f87,adsb_icao,N8318F,B738,40000,354.2,,5622,39.341766,-85.211513,8,186,0.17200000000000001,2,9.0,1.0,3.0,perhour,2.0,0.0,0.0,[],[],45098612,0.2,-10.0,SWA2876 ,none,A3,272.1,0.0,39975.0,1013.6,40000.0,279.84,1.0,2.0,,
589,1669859999.493,ad6ff2,adsb_icao,N965NN,B738,14550,297.4,,2162,41.470825,-86.996176,8,186,0.198,2,9.0,1.0,3.0,perhour,2.0,0.0,0.0,[],[],65038242,0.0,-5.3,AAL2695 ,none,A3,290.26,-1024.0,14100.0,1022.4,11008.0,298.12,1.0,2.0,,
590,1669859999.493,a23a02,adsb_icao,N24211,B738,19175,290.6,,0512,41.397629,-86.770956,8,186,0.198,2,9.0,1.0,3.0,perhour,2.0,0.0,0.0,[],[],57245489,0.0,-10.6,UAL1598 ,none,A3,292.24,-960.0,18625.0,1013.6,11008.0,300.23,1.0,2.0,,
591,1669859999.493,ab5f87,adsb_icao,N8318F,B738,40000,353.2,,5622,39.343597,-85.274804,8,186,0.038,2,9.0,1.0,3.0,perhour,2.0,0.0,0.0,[],[],45098879,0.0,-6.0,SWA2876 ,none,A3,272.11,0.0,39975.0,1013.6,40000.0,279.84,1.0,2.0,,
592,1669860029.492,ad6ff2,adsb_icao,N965NN,B738,13725,292.0,,2162,41.484924,-87.047175,8,186,0.317,2,9.0,1.0,3.0,perhour,2.0,0.0,0.0,[],[],65038483,0.0,-9.2,AAL2695 ,none,A3,290.23,-2624.0,13325.0,1022.4,11008.0,298.12,1.0,2.0,,
593,1669860029.492,a23a02,adsb_icao,N24211,B738,18700,288.0,,0512,41.412689,-86.820207,8,186,0.317,2,9.0,1.0,3.0,perhour,2.0,0.0,0.0,[],[],57245735,0.0,-11.0,UAL1598 ,none,A3,292.02,-960.0,18175.0,1013.6,11008.0,300.23,1.0,2.0,,
594,1669860029.492,ab5f87,adsb_icao,N8318F,B738,40000,352.2,,5622,39.345428,-85.337558,8,186,0.182,2,9.0,1.0,3.0,perhour,2.0,0.0,0.0,[],[],45099154,0.0,-9.9,SWA2876 ,none,A3,272.12,0.0,39975.0,1013.6,40000.0,279.84,1.0,2.0,,
595,1669860059.492,ad6ff2,adsb_icao,N965NN,B738,12350,288.9,,2162,41.498853,-87.097246,8,186,0.507,2,9.0,1.0,3.0,perhour,2.0,0.0,0.0,[],[],65038726,0.0,-11.1,AAL2695 ,none,A3,290.25,-3072.0,12000.0,1022.4,11008.0,298.12,1.0,2.0,,
596,1669860059.492,a23a02,adsb_icao,N24211,B738,18175,286.2,,0512,41.427795,-86.869396,8,186,0.133,2,9.0,1.0,3.0,perhour,2.0,0.0,0.0,[],[],57245987,0.0,-7.2,UAL1598 ,none,A3,292.17,-1152.0,17650.0,1013.6,11008.0,300.23,1.0,2.0,,
597,1669860059.492,ab5f87,adsb_icao,N8318F,B738,40000,350.2,,5622,39.347208,-85.400696,8,186,0.0,2,9.0,1.0,3.0,perhour,2.0,0.0,0.0,[],[],45099442,0.0,-10.6,SWA2876 ,none,A3,272.13,0.0,39975.0,1013.6,40000.0,279.84,1.0,2.0,,
598,1669860089.493,ad6ff2,adsb_icao,N965NN,B738,10950,291.7,,2162,41.513489,-87.147425,8,186,0.458,2,9.0,1.0,3.0,perhour,2.0,0.0,0.0,[],[],65038995,0.1,-7.5,AAL2695 ,none,A3,294.72,-1728.0,10650.0,1022.4,11008.0,298.12,1.0,2.0,,
599,1669860089.493,a23a02,adsb_icao,N24211,B738,17175,273.7,,0512,41.442444,-86.917274,8,186,0.138,2,9.0,1.0,3.0,perhour,2.0,0.0,0.0,[],[],57246234,0.1,-8.9,UAL1598 ,none,A3,291.88,-2624.0,16700.0,1023.2,11008.0,300.23,1.0,2.0,,
600,1669860089.493,ab5f87,adsb_icao,N8318F,B738,40000,349.2,,5622,39.348931,-85.461853,8,186,0.547,2,9.0,1.0,3.0,perhour,2.0,0.0,0.0,[],[],45099723,0.2,-9.9,SWA2876 ,none,A3,271.97,0.0,39975.0,1013.6,40000.0,279.84,1.0,2.0,,
601,1669860119.492,ad6ff2,adsb_icao,N965NN,B738,10750,290.5,,2162,41.53656,-87.191433,8,186,0.279,2,9.0,1.0,3.0,perhour,2.0,0.0,0.0,[],[],65039252,0.0,-14.2,AAL2695 ,none,A3,309.55,0.0,10425.0,1023.2,11008.0,315.7,1.0,2.0,,
602,1669860119.492,a23a02,adsb_icao,N24211,B738,15750,278.0,,0512,41.456772,-86.963778,8,186,0.458,2,9.0,1.0,3.0,perhour,2.0,0.0,0.0,[],[],57246468,0.2,-10.8,UAL1598 ,none,A3,292.41,-2496.0,15300.0,1023.2,11008.0,300.23,1.0,2.0,,
603,1669860119.492,ab5f87,adsb_icao,N8318F,B738,40000,349.2,,5622,39.350653,-85.525085,8,186,0.068,2,9.0,1.0,3.0,perhour,2.0,0.0,0.0,[],[],45099980,0.0,-8.6,SWA2876 ,none,A3,271.97,0.0,39975.0,1013.6,40000.0,279.84,1.0,2.0,,
604,1669860149.492,ad6ff2,adsb_icao,N965NN,B738,10725,289.9,,2162,41.562195,-87.233193,8,186,0.11900000000000001,2,9.0,1.0,3.0,perhour,2.0,0.0,0.0,[],[],65039493,0.0,-10.1,AAL2695 ,none,A3,309.4,0.0,10400.0,1023.2,11008.0,315.7,1.0,2.0,,
605,1669860149.492,a23a02,adsb_icao,N24211,B738,14450,295.3,,0512,41.471878,-87.013342,8,186,0.13,2,9.0,1.0,3.0,perhour,2.0,0.0,0.0,[],[],57246720,0.0,-10.8,UAL1598 ,none,A3,291.87,-2560.0,14025.0,1023.2,11008.0,300.23,1.0,2.0,,
606,1669860149.492,ab5f87,adsb_icao,N8318F,B738,40000,349.2,,5622,39.352295,-85.587497,8,186,0.078,2,9.0,1.0,3.0,perhour,2.0,0.0,0.0,[],[],45100253,0.0,-13.8,SWA2876 ,none,A3,271.97,0.0,39950.0,1013.6,40000.0,279.84,1.0,2.0,,
607,1669860179.492,ad6ff2,adsb_icao,N965NN,B738,10525,281.2,,2162,41.587488,-87.274049,8,186,0.281,2,9.0,1.0,3.0,perhour,2.0,0.0,0.0,[],[],65039747,0.2,-12.0,AAL2695 ,none,A3,309.81,-448.0,10225.0,1023.2,8000.0,315.7,1.0,2.0,,
608,1669860179.492,a23a02,adsb_icao,N24211,B738,13150,293.8,,0512,41.487261,-87.064351,8,186,0.006,2,9.0,1.0,3.0,perhour,2.0,0.0,0.0,[],[],57246962,0.0,-8.6,UAL1598 ,none,A3,292.2,-2624.0,12800.0,1023.2,11008.0,300.23,1.0,2.0,,
609,1669860179.492,ab5f87,adsb_icao,N8318F,B738,40000,348.2,,5622,39.353851,-85.648877,8,186,0.52,2,9.0,1.0,3.0,perhour,2.0,0.0,0.0,[],[],45100536,0.0,-11.0,SWA2876 ,none,A3,271.81,0.0,39975.0,1013.6,40000.0,279.84,1.0,2.0,,
610,1669860209.492,ad6ff2,adsb_icao,N965NN,B738,10375,244.3,,2162,41.610857,-87.310968,8,186,0.11900000000000001,2,9.0,1.0,3.0,perhour,2.0,0.0,0.0,[],[],65039998,0.0,-9.8,AAL2695 ,none,A3,309.69,-192.0,10075.0,1023.2,8000.0,315.7,1.0,2.0,,
611,1669860209.492,a23a02,adsb_icao,N24211,B738,11750,291.9,,0512,41.502365,-87.113904,8,186,0.157,2,9.0,1.0,3.0,perhour,2.0,0.0,0.0,[],[],57247200,0.0,-12.5,UAL1598 ,none,A3,292.35,-2944.0,11425.0,1023.2,11008.0,298.83,1.0,2.0,,
612,1669860209.492,ab5f87,adsb_icao,N8318F,B738,40000,347.2,,5622,39.355408,-85.712108,8,186,0.0,2,9.0,1.0,3.0,perhour,2.0,0.0,0.0,[],[],45100808,0.0,-7.8,SWA2876 ,none,A3,271.98,0.0,39950.0,1013.6,40000.0,279.84,1.0,2.0,,
613,1669860239.492,ad6ff2,adsb_icao,N965NN,B738,9700,235.5,,2162,41.63148,-87.345269,8,186,0.0,2,9.0,1.0,3.0,perhour,2.0,0.0,0.0,[],[],65040263,0.0,-6.9,AAL2695 ,none,A3,308.62,-1536.0,9425.0,1023.2,8000.0,315.7,1.0,2.0,,
614,1669860239.492,a23a02,adsb_icao,N24211,B738,10750,288.2,,0512,41.519531,-87.161844,8,186,0.336,2,9.0,1.0,3.0,perhour,2.0,0.0,0.0,[],[],57247443,0.0,-6.9,UAL1598 ,none,A3,302.53,-512.0,10450.0,1023.2,11008.0,298.83,1.0,2.0,,
615,1669860239.492,ab5f87,adsb_icao,N8318F,B738,40000,347.2,,5622,39.356984,-85.773376,8,186,0.357,2,9.0,1.0,3.0,perhour,2.0,0.0,0.0,[],[],45101081,0.0,-9.6,SWA2876 ,none,A3,271.98,0.0,39975.0,1013.6,40000.0,279.84,1.0,2.0,,
616,1669860269.495,ad6ff2,adsb_icao,N965NN,B738,8975,230.1,,2162,41.65187,-87.378611,8,186,0.0,2,9.0,1.0,3.0,perhour,2.0,0.0,0.0,[],[],65040506,0.0,-7.4,AAL2695 ,none,A3,309.71,-1664.0,8725.0,1023.2,8000.0,315.7,1.0,2.0,,
617,1669860269.495,a23a02,adsb_icao,N24211,B738,10725,290.7,,0512,41.544479,-87.204541,8,186,0.0,2,9.0,1.0,3.0,perhour,2.0,0.0,0.0,[],[],57247690,0.0,-11.4,UAL1598 ,none,A3,309.28,0.0,10425.0,1023.2,8000.0,315.0,1.0,2.0,,
618,1669860269.495,ab5f87,adsb_icao,N8318F,B738,40000,347.2,,5622,39.358566,-85.836241,8,186,0.0,2,9.0,1.0,3.0,perhour,2.0,0.0,0.0,[],[],45101354,0.0,-8.1,SWA2876 ,none,A3,271.82,0.0,39975.0,1013.6,40000.0,279.84,1.0,2.0,,
619,1669860299.495,ad6ff2,adsb_icao,N965NN,B738,8150,229.3,,2162,41.672287,-87.411346,8,186,0.052000000000000005,2,9.0,1.0,3.0,perhour,2.0,0.0,0.0,[],[],65040754,0.0,-6.5,AAL2695 ,none,A3,309.87,-1472.0,7925.0,1023.2,8000.0,315.7,1.0,2.0,,
620,1669860299.495,a23a02,adsb_icao,N24211,B738,10575,258.6,,0512,41.568495,-87.243517,8,186,0.211,2,9.0,1.0,3.0,perhour,2.0,0.0,0.0,[],[],57247937,0.1,-7.1,UAL1598 ,none,A3,309.35,-384.0,10275.0,1023.2,8000.0,315.0,1.0,2.0,,
621,1669860299.495,ab5f87,adsb_icao,N8318F,B738,40000,348.2,,5622,39.360031,-85.898219,8,186,0.009000000000000001,2,9.0,1.0,3.0,perhour,2.0,0.0,0.0,[],[],45101613,0.0,-14.3,SWA2876 ,none,A3,271.81,0.0,39975.0,1013.6,40000.0,279.84,1.0,2.0,,
622,1669860329.492,ad6ff2,adsb_icao,N965NN,B738,7725,228.0,,2162,41.692417,-87.443379,8,186,0.376,2,9.0,1.0,3.0,perhour,2.0,0.0,0.0,[],[],65041016,0.0,-7.6,AAL2695 ,none,A3,309.48,-64.0,7500.0,1023.2,8000.0,314.3,1.0,2.0,,
623,1669860329.492,a23a02,adsb_icao,N24211,B738,10225,238.7,,0512,41.589955,-87.278137,8,186,0.438,2,9.0,1.0,3.0,perhour,2.0,0.0,0.0,[],[],57248164,0.4,-12.7,UAL1598 ,none,A3,309.56,-1280.0,9950.0,1023.2,8000.0,315.0,1.0,2.0,,
624,1669860329.492,ab5f87,adsb_icao,N8318F,B738,40000,348.1,,5622,39.3615,-85.960327,8,186,0.01,2,9.0,1.0,3.0,perhour,2.0,0.0,0.0,[],[],45101866,0.0,-13.3,SWA2876 ,none,A3,271.65,0.0,39975.0,1013.6,40000.0,279.84,1.0,2.0,,
625,1669860359.492,ad6ff2,adsb_icao,N965NN,B738,7725,226.6,,2162,41.712621,-87.476147,8,186,0.185,2,9.0,1.0,3.0,perhour,2.0,0.0,0.0,[],[],65041273,0.1,-11.8,AAL2695 ,none,A3,309.45,0.0,7500.0,1023.2,8000.0,359.3,1.0,2.0,,
626,1669860359.492,a23a02,adsb_icao,N24211,B738,9525,232.3,,0512,41.610904,-87.311927,8,186,0.219,2,9.0,1.0,3.0,perhour,2.0,0.0,0.0,[],[],57248414,0.0,-8.6,UAL1598 ,none,A3,309.58,-1408.0,9275.0,1023.2,8000.0,315.0,1.0,2.0,,
627,1669860359.492,ab5f87,adsb_icao,N8318F,B738,40000,348.1,,5622,39.362915,-86.022233,8,186,0.10200000000000001,2,9.0,1.0,3.0,perhour,2.0,0.0,0.0,[],[],45102124,0.0,-11.2,SWA2876 ,none,A3,271.65,0.0,39975.0,1013.6,40000.0,279.84,1.0,2.0,,
628,1669860389.492,ad6ff2,adsb_icao,N965NN,B738,7725,236.5,,2162,41.738783,-87.4978,8,186,0.084,2,9.0,1.0,3.0,perhour,2.0,0.0,0.0,[],[],65041521,0.0,-8.1,AAL2695 ,none,A3,356.12,-64.0,7500.0,1023.2,7008.0,0.0,1.0,2.0,,
629,1669860389.492,a23a02,adsb_icao,N24211,B738,8775,230.1,,0512,41.631108,-87.344502,8,186,0.502,2,9.0,1.0,3.0,perhour,2.0,0.0,0.0,[],[],57248668,0.1,-15.6,UAL1598 ,none,A3,309.71,-1664.0,8550.0,1023.2,8000.0,312.89,1.0,2.0,,
630,1669860389.492,ab5f87,adsb_icao,N8318F,B738,40000,349.1,,5622,39.364288,-86.08421,8,186,0.274,2,9.0,1.0,3.0,perhour,2.0,0.0,0.0,[],[],45102387,0.30000000000000004,-10.4,SWA2876 ,none,A3,271.64,0.0,39975.0,1013.6,40000.0,279.84,1.0,2.0,,
631,1669860419.492,ad6ff2,adsb_icao,N965NN,B738,7050,239.2,,2162,41.772125,-87.495367,8,186,0.0,2,9.0,1.0,3.0,perhour,2.0,0.0,0.0,[],[],65041782,0.0,-12.7,AAL2695 ,none,A3,2.4,-1600.0,6875.0,1023.2,7008.0,0.0,1.0,2.0,,
632,1669860419.492,a23a02,adsb_icao,N24211,B738,7925,230.0,,0512,41.651688,-87.377638,8,186,0.23700000000000002,2,9.0,1.0,3.0,perhour,2.0,0.0,0.0,[],[],57248919,0.0,-4.5,UAL1598 ,none,A3,310.06,-1664.0,7725.0,1023.2,8000.0,312.89,1.0,2.0,,
633,1669860419.492,ab5f87,adsb_icao,N8318F,B738,40000,351.1,,5622,39.365596,-86.147034,8,186,0.18,2,9.0,1.0,3.0,perhour,2.0,0.0,0.0,[],[],45102645,0.2,-8.6,SWA2876 ,none,A3,271.63,0.0,39975.0,1013.6,40000.0,279.84,1.0,2.0,,
634,1669860449.492,ad6ff2,adsb_icao,N965NN,B738,6725,234.3,,2162,41.804947,-87.493307,8,186,0.0,2,9.0,1.0,3.0,perhour,2.0,0.0,0.0,[],[],65042048,0.0,-12.6,AAL2695 ,none,A3,2.94,-64.0,6550.0,1023.2,7008.0,0.0,1.0,2.0,,
635,1669860449.492,a23a02,adsb_icao,N24211,B738,7725,226.5,,0512,41.671875,-87.41016,8,186,0.057,2,9.0,1.0,3.0,perhour,2.0,0.0,0.0,[],[],57249167,0.0,-11.9,UAL1598 ,none,A3,309.81,0.0,7525.0,1023.2,8000.0,312.89,1.0,2.0,,
636,1669860449.492,ab5f87,adsb_icao,N8318F,B738,40000,352.1,,5622,39.366989,-86.209896,8,186,0.133,2,9.0,1.0,3.0,perhour,2.0,0.0,0.0,[],[],45102907,0.0,-7.2,SWA2876 ,none,A3,271.46,0.0,39975.0,1013.6,40000.0,279.84,1.0,2.0,,
637,1669860479.492,ad6ff2,adsb_icao,N965NN,B738,6075,236.3,,2162,41.837334,-87.491157,8,186,0.085,2,9.0,1.0,3.0,perhour,2.0,0.0,0.0,[],[],65042328,0.0,-11.1,AAL2695 ,none,A3,2.67,-1344.0,5925.0,1023.2,4992.0,0.0,1.0,2.0,,
638,1669860479.492,a23a02,adsb_icao,N24211,B738,7725,227.7,,0512,41.691812,-87.442421,8,186,0.257,2,9.0,1.0,3.0,perhour,2.0,0.0,0.0,[],[],57249422,0.1,-8.1,UAL1598 ,none,A3,310.55,-64.0,7525.0,1023.2,8000.0,312.89,1.0,2.0,,
639,1669860479.492,ab5f87,adsb_icao,N8318F,B738,40000,353.1,,5622,39.368296,-86.272827,8,186,0.126,2,9.0,1.0,3.0,perhour,2.0,0.0,0.0,[],[],45103192,0.1,-9.3,SWA2876 ,none,A3,271.46,0.0,39975.0,1013.6,40000.0,279.84,1.0,2.0,,
640,1669860509.492,ad6ff2,adsb_icao,N965NN,B738,5375,227.3,,2162,41.869176,-87.491221,8,186,0.328,2,9.0,1.0,3.0,perhour,2.0,0.0,0.0,[],[],65042608,0.2,-15.5,AAL2695 ,none,A3,348.84,-1600.0,5275.0,1023.2,4992.0,319.92,1.0,2.0,,
641,1669860509.492,a23a02,adsb_icao,N24211,B738,7725,228.2,,0512,41.711838,-87.474955,8,186,0.305,2,9.0,1.0,3.0,perhour,2.0,0.0,0.0,[],[],57249669,0.0,-6.8,UAL1598 ,none,A3,309.13,0.0,7525.0,1023.2,8000.0,312.89,1.0,2.0,,
642,1669860509.492,ab5f87,adsb_icao,N8318F,B738,40000,354.1,,5622,39.369553,-86.336239,8,186,0.02,2,9.0,1.0,3.0,perhour,2.0,0.0,0.0,[],[],45103463,0.0,-9.7,SWA2876 ,none,A3,271.46,0.0,39975.0,1013.6,40000.0,279.84,1.0,2.0,,
643,1669860539.492,ad6ff2,adsb_icao,N965NN,B738,4750,220.0,,2162,41.89343,-87.515429,8,186,0.367,2,9.0,1.0,3.0,perhour,2.0,0.0,0.0,[],[],65042874,0.1,-9.7,AAL2695 ,none,A3,316.29,-512.0,4675.0,1023.2,4992.0,319.92,1.0,2.0,,
644,1669860539.492,a23a02,adsb_icao,N24211,B738,7575,230.9,,0512,41.735617,-87.501377,8,186,0.255,2,9.0,1.0,3.0,perhour,2.0,0.0,0.0,[],[],57249927,0.1,-7.6,UAL1598 ,none,A3,344.94,-1152.0,7375.0,1023.2,7008.0,350.16,1.0,2.0,,
645,1669860539.492,ab5f87,adsb_icao,N8318F,B738,40000,353.1,,5622,39.370764,-86.399231,8,186,0.133,2,9.0,1.0,3.0,perhour,2.0,0.0,0.0,[],[],45103723,0.0,-10.5,SWA2876 ,none,A3,271.46,0.0,39975.0,1013.6,40000.0,279.84,1.0,2.0,,
646,1669860569.492,ad6ff2,adsb_icao,N965NN,B738,4575,198.1,,2162,41.914425,-87.542192,8,186,0.152,2,9.0,1.0,3.0,perhour,2.0,0.0,0.0,[],[],65043150,0.0,-14.2,AAL2695 ,none,A3,316.64,-512.0,4500.0,1023.2,4000.0,319.92,1.0,2.0,,
647,1669860569.492,a23a02,adsb_icao,N24211,B738,7025,232.1,,0512,41.767413,-87.508658,8,186,0.419,2,9.0,1.0,3.0,perhour,2.0,0.0,0.0,[],[],57250192,0.30000000000000004,-8.6,UAL1598 ,none,A3,350.58,-1024.0,6850.0,1023.2,7008.0,350.16,1.0,2.0,,
648,1669860569.492,ab5f87,adsb_icao,N8318F,B738,40000,353.1,,5622,39.371979,-86.462641,8,186,0.0,2,9.0,1.0,3.0,perhour,2.0,0.0,0.0,[],[],45103985,0.0,-8.3,SWA2876 ,none,A3,271.46,0.0,39975.0,1013.6,40000.0,279.84,1.0,2.0,,
649,1669860599.492,ad6ff2,adsb_icao,N965NN,B738,4350,179.7,,2162,41.933418,-87.566081,8,186,0.20600000000000002,2,9.0,1.0,3.0,perhour,2.0,0.0,0.0,[],[],65043427,0.1,-10.9,AAL2695 ,none,A3,316.8,-704.0,4300.0,1023.2,4000.0,319.92,1.0,2.0,,
650,1669860599.492,a23a02,adsb_icao,N24211,B738,6725,230.2,,0512,41.799254,-87.515621,8,186,0.326,2,9.0,1.0,3.0,perhour,2.0,0.0,0.0,[],[],57250457,0.0,-9.1,UAL1598 ,none,A3,350.5,-64.0,6550.0,1023.2,7008.0,350.16,1.0,2.0,,
651,1669860599.492,ab5f87,adsb_icao,N8318F,B738,39850,352.1,,5622,39.373123,-86.524678,8,186,0.42,2,9.0,1.0,3.0,perhour,2.0,0.0,0.0,[],[],45104240,0.0,-10.8,SWA2876 ,none,A3,271.3,-1088.0,39850.0,1013.6,36000.0,279.84,1.0,2.0,,
652,1669860629.492,ad6ff2,adsb_icao,N965NN,B738,3875,177.8,,2162,41.948873,-87.591503,8,186,0.023,2,9.0,1.0,3.0,perhour,2.0,0.0,0.0,[],[],65043701,0.0,-6.5,AAL2695 ,none,A3,293.54,-768.0,3825.0,1023.2,4000.0,300.23,1.0,2.0,,
653,1669860629.492,a23a02,adsb_icao,N24211,B738,6700,223.9,,0512,41.830582,-87.522521,8,186,0.436,2,9.0,1.0,3.0,perhour,2.0,0.0,0.0,[],[],57250736,0.1,-15.0,UAL1598 ,none,A3,350.75,-64.0,6525.0,1023.2,7008.0,350.16,1.0,2.0,,
654,1669860629.492,ab5f87,adsb_icao,N8318F,B738,39325,346.2,,5622,39.374496,-86.587909,8,186,0.1,2,9.0,1.0,3.0,perhour,2.0,0.0,0.0,[],[],45104526,0.1,-15.0,SWA2876 ,none,A3,271.82,-960.0,39325.0,1013.6,36000.0,279.84,1.0,2.0,,
655,1669860659.492,ad6ff2,adsb_icao,N965NN,B738,3725,175.3,,2162,41.958091,-87.621907,8,186,0.019,2,9.0,1.0,3.0,perhour,2.0,0.0,0.0,[],[],65043974,0.0,-12.0,AAL2695 ,none,A3,292.47,128.0,3675.0,1023.2,4000.0,300.23,1.0,2.0,,
656,1669860659.492,a23a02,adsb_icao,N24211,B738,6700,198.0,,0512,41.859493,-87.528396,8,186,0.241,2,9.0,1.0,3.0,perhour,2.0,0.0,0.0,[],[],57251008,0.0,-9.8,UAL1598 ,none,A3,351.87,0.0,6525.0,1023.2,7008.0,350.16,1.0,2.0,,
657,1669860659.492,ab5f87,adsb_icao,N8318F,B738,38825,329.0,,5622,39.375458,-86.648394,8,186,0.0,2,9.0,1.0,3.0,perhour,2.0,0.0,0.0,[],[],45104792,0.0,-7.5,SWA2876 ,none,A3,270.7,-1088.0,38825.0,1013.6,36000.0,279.84,1.0,2.0,,
658,1669860689.492,ad6ff2,adsb_icao,N965NN,B738,3725,149.3,,2162,41.964748,-87.649628,8,186,0.224,2,9.0,1.0,3.0,perhour,2.0,0.0,0.0,[],[],65044237,0.0,-10.8,AAL2695 ,none,A3,277.7,0.0,3675.0,1023.2,4000.0,300.23,1.0,2.0,,
659,1669860689.492,a23a02,adsb_icao,N24211,B738,6425,207.1,,0512,41.886703,-87.528576,8,186,0.077,2,9.0,1.0,3.0,perhour,2.0,0.0,0.0,[],[],57251278,0.0,-8.9,UAL1598 ,none,A3,21.24,-1088.0,6275.0,1023.2,6016.0,19.69,1.0,2.0,,
660,1669860689.492,ab5f87,adsb_icao,N8318F,B738,38300,316.1,,5622,39.376053,-86.705236,8,186,0.374,2,9.0,1.0,3.0,perhour,2.0,0.0,0.0,[],[],45105053,0.1,-8.7,SWA2876 ,none,A3,271.09,-1088.0,38275.0,1013.6,36000.0,279.84,1.0,2.0,,
661,1669860719.492,ad6ff2,adsb_icao,N965NN,B738,3675,152.0,,2162,41.96608,-87.677453,8,186,0.002,2,9.0,1.0,3.0,perhour,2.0,0.0,0.0,[],[],65044508,0.0,-6.2,AAL2695 ,none,A3,270.75,-512.0,3650.0,1023.2,4000.0,288.28,1.0,2.0,,
662,1669860719.492,a23a02,adsb_icao,N24211,B738,5800,216.5,,0512,41.913354,-87.511852,8,186,0.11800000000000001,2,9.0,1.0,3.0,perhour,2.0,0.0,0.0,[],[],57251558,0.0,-7.8,UAL1598 ,none,A3,25.14,-1408.0,5700.0,1023.2,4992.0,329.77,1.0,2.0,,
663,1669860719.492,ab5f87,adsb_icao,N8318F,B738,37775,311.1,,5622,39.377197,-86.761899,8,186,0.0,2,9.0,1.0,3.0,perhour,2.0,0.0,0.0,[],[],45105308,0.0,-8.2,SWA2876 ,none,A3,271.66,-960.0,37775.0,1013.6,36000.0,279.84,1.0,2.0,,
664,1669860749.492,ad6ff2,adsb_icao,N965NN,B738,3250,151.0,,2162,41.965958,-87.706029,8,186,0.0,2,9.0,1.0,3.0,perhour,2.0,0.0,0.0,[],[],65044807,0.0,-10.6,AAL2695 ,none,A3,269.62,-896.0,3250.0,1023.2,4000.0,281.25,1.0,2.0,,
665,1669860749.492,a23a02,adsb_icao,N24211,B738,5375,186.1,,0512,41.939392,-87.515404,8,186,0.319,2,9.0,1.0,3.0,perhour,2.0,0.0,0.0,[],[],57251832,0.0,-8.6,UAL1598 ,none,A3,327.51,-576.0,5275.0,1023.2,4992.0,329.77,1.0,2.0,,
666,1669860749.492,ab5f87,adsb_icao,N8318F,B738,37325,305.1,,5622,39.378342,-86.816174,8,186,0.392,2,9.0,1.0,3.0,perhour,2.0,0.0,0.0,[],[],45105568,0.0,-9.0,SWA2876 ,none,A3,271.13,-1024.0,37325.0,1013.6,36000.0,279.84,1.0,2.0,,
667,1669860779.492,ad6ff2,adsb_icao,N965NN,B738,2850,145.0,,2162,41.965942,-87.733196,8,186,0.303,2,9.0,1.0,3.0,perhour,2.0,0.0,0.0,[],[],65045085,0.1,-7.5,AAL2695 ,none,A3,270.4,-896.0,2875.0,1023.2,4000.0,281.25,1.0,2.0,,
668,1669860779.492,a23a02,adsb_icao,N24211,B738,5150,164.1,,0512,41.959627,-87.533186,8,186,0.34500000000000003,2,9.0,1.0,3.0,perhour,2.0,0.0,0.0,[],[],57252102,0.2,-8.6,UAL1598 ,none,A3,314.01,-320.0,5050.0,1023.2,4992.0,272.81,1.0,2.0,,
669,1669860779.492,ab5f87,adsb_icao,N8318F,B738,36825,307.0,,5622,39.378983,-86.870568,8,186,0.503,2,9.0,1.0,3.0,perhour,2.0,0.0,0.0,[],[],45105839,0.0,-9.8,SWA2876 ,none,A3,270.93,-960.0,36825.0,1013.6,36000.0,274.92,1.0,2.0,,
670,1669860809.492,ad6ff2,adsb_icao,N965NN,B738,2425,148.0,,2162,41.965759,-87.760537,8,186,0.13,2,9.0,1.0,3.0,perhour,2.0,0.0,0.0,[],[],65045353,0.0,-11.9,AAL2695 ,none,A3,268.84,-896.0,2475.0,1024.0,4000.0,281.25,1.0,2.0,,
671,1669860809.492,a23a02,adsb_icao,N24211,B738,4825,158.4,,0512,41.965851,-87.560598,8,186,0.046,2,9.0,1.0,3.0,perhour,2.0,0.0,0.0,[],[],57252357,0.0,-5.9,UAL1598 ,none,A3,266.02,-832.0,4750.0,1023.2,2304.0,272.81,1.0,2.0,,
672,1669860809.492,ab5f87,adsb_icao,N8318F,B738,36325,312.1,,5622,39.379609,-86.926514,8,186,0.11800000000000001,2,9.0,1.0,3.0,perhour,2.0,0.0,0.0,[],[],45106103,0.1,-11.4,SWA2876 ,none,A3,271.1,-896.0,36325.0,1013.6,36000.0,274.92,1.0,2.0,,
673,1669860839.492,ad6ff2,adsb_icao,N965NN,B738,2000,131.0,,2162,41.965865,-87.78651,8,186,0.292,2,9.0,1.0,3.0,perhour,2.0,0.0,0.0,[],[],65045597,0.2,-9.4,AAL2695 ,none,A3,269.13,-768.0,2100.0,1024.0,4000.0,281.25,1.0,2.0,,
674,1669860839.492,a23a02,adsb_icao,N24211,B738,4350,155.0,,0512,41.965679,-87.589651,8,186,0.0,2,9.0,1.0,3.0,perhour,2.0,0.0,0.0,[],[],57252638,0.0,-16.7,UAL1598 ,none,A3,270.74,-640.0,4275.0,1023.2,2304.0,272.81,1.0,2.0,,
675,1669860839.492,ab5f87,adsb_icao,N8318F,B738,35975,314.1,,5622,39.380447,-86.98288,8,186,0.0,2,9.0,1.0,3.0,perhour,2.0,0.0,0.0,[],[],45106363,0.0,-12.7,SWA2876 ,none,A3,271.09,64.0,35950.0,1013.6,36000.0,274.92,1.0,2.0,,
676,1669860869.492,ad6ff2,adsb_icao,N965NN,B738,1675,113.0,,2162,41.965759,-87.808852,8,186,0.139,2,9.0,1.0,3.0,perhour,2.0,0.0,0.0,[],[],65045857,0.1,-13.0,AAL2695 ,none,A3,271.01,-576.0,1775.0,1024.0,4000.0,281.25,1.0,2.0,,
677,1669860869.492,a23a02,adsb_icao,N24211,B738,4125,150.0,,0512,41.965897,-87.617527,8,186,0.252,2,9.0,1.0,3.0,perhour,2.0,0.0,0.0,[],[],57252912,0.1,-14.2,UAL1598 ,none,A3,270.38,-512.0,4075.0,1023.2,2304.0,283.36,1.0,2.0,,
678,1669860869.492,ab5f87,adsb_icao,N8318F,B738,36000,312.1,,5622,39.381331,-87.038818,8,186,0.0,2,9.0,1.0,3.0,perhour,2.0,0.0,0.0,[],[],45106628,0.0,-10.0,SWA2876 ,none,A3,271.1,0.0,35975.0,1013.6,36000.0,274.92,1.0,2.0,,
679,1669860899.492,ad6ff2,adsb_icao,N965NN,B738,1350,107.0,,2162,41.965818,-87.82905,8,186,0.28500000000000003,2,9.0,1.0,3.0,perhour,2.0,0.0,0.0,[],[],65046117,0.1,-9.3,AAL2695 ,none,A3,270.54,-640.0,1475.0,1024.0,4000.0,281.25,1.0,2.0,,
680,1669860899.492,a23a02,adsb_icao,N24211,B738,3900,150.0,,0512,41.965897,-87.645742,8,186,0.073,2,9.0,1.0,3.0,perhour,2.0,0.0,0.0,[],[],57253193,0.0,-8.8,UAL1598 ,none,A3,269.62,-448.0,3850.0,1023.2,2304.0,283.36,1.0,2.0,,
681,1669860899.492,ab5f87,adsb_icao,N8318F,B738,36000,310.1,,5622,39.382187,-87.094176,8,186,0.07,2,9.0,1.0,3.0,perhour,2.0,0.0,0.0,[],[],45106895,0.1,-8.4,SWA2876 ,none,A3,271.29,0.0,35975.0,1013.6,36000.0,274.92,1.0,2.0,,
682,1669860929.492,ad6ff2,adsb_icao,N965NN,B738,1025,107.0,,2162,41.965818,-87.848915,8,186,0.28800000000000003,2,9.0,1.0,3.0,perhour,2.0,0.0,0.0,[],[],65046364,0.0,-13.0,AAL2695 ,none,A3,270.54,-448.0,1175.0,1024.0,4000.0,281.25,1.0,2.0,,
683,1669860929.492,a23a02,adsb_icao,N24211,B738,3550,151.0,,0512,41.965851,-87.673583,8,186,0.131,2,9.0,1.0,3.0,perhour,2.0,0.0,0.0,[],[],57253454,0.0,-9.3,UAL1598 ,none,A3,270.0,-832.0,3525.0,1023.2,2304.0,283.36,1.0,2.0,,
684,1669860929.492,ab5f87,adsb_icao,N8318F,B738,35700,308.0,,5622,39.383007,-87.148743,8,186,0.383,2,9.0,1.0,3.0,perhour,2.0,0.0,0.0,[],[],45107144,0.1,-12.6,SWA2876 ,none,A3,270.56,-1088.0,35700.0,1013.6,30016.0,274.92,1.0,2.0,,
685,1669860959.492,ad6ff2,adsb_icao,N965NN,B738,750,116.0,,2162,41.965865,-87.870058,8,186,0.364,2,9.0,1.0,3.0,perhour,2.0,0.0,0.0,[],[],65046620,0.2,-6.6,AAL2695 ,none,A3,269.51,-704.0,925.0,1024.0,4000.0,281.25,1.0,2.0,,
686,1669860959.492,a23a02,adsb_icao,N24211,B738,3325,147.0,,0512,41.965911,-87.701111,8,186,0.294,2,9.0,1.0,3.0,perhour,2.0,0.0,0.0,[],[],57253726,0.0,-8.5,UAL1598 ,none,A3,270.39,-704.0,3325.0,1023.2,704.0,283.36,1.0,2.0,,
687,1669860959.492,ab5f87,adsb_icao,N8318F,B738,35200,310.0,,5622,39.383612,-87.204346,8,186,0.211,2,9.0,1.0,3.0,perhour,2.0,0.0,0.0,[],[],45107412,0.2,-8.6,SWA2876 ,none,A3,270.92,-896.0,35200.0,1013.6,30016.0,274.92,1.0,2.0,,
688,1669860989.492,ad6ff2,adsb_icao,N965NN,B738,425,113.0,,2162,41.965772,-87.891264,8,186,0.111,2,9.0,1.0,3.0,perhour,2.0,0.0,0.0,[],[],65046834,0.1,-10.6,AAL2695 ,none,A3,269.49,-704.0,625.0,1024.0,4000.0,281.25,1.0,2.0,,
689,1669860989.492,a23a02,adsb_icao,N24211,B738,2900,138.0,,0512,41.965911,-87.727746,8,186,0.196,2,9.0,1.0,3.0,perhour,2.0,0.0,0.0,[],[],57253983,0.0,-11.0,UAL1598 ,none,A3,270.83,-768.0,2925.0,1023.2,704.0,283.36,1.0,2.0,,
690,1669860989.492,ab5f87,adsb_icao,N8318F,B738,34750,313.0,,5622,39.384293,-87.259986,8,186,0.278,2,9.0,1.0,3.0,perhour,2.0,0.0,0.0,[],[],45107670,0.1,-13.9,SWA2876 ,none,A3,270.55,-960.0,34750.0,1013.6,30016.0,274.92,1.0,2.0,,
691,1669861019.492,ad6ff2,adsb_icao,N965NN,B738,ground,50.5,270.0,2162,41.965772,-87.907264,8,186,0.676,2,9.0,1.0,3.0,perhour,2.0,0.0,0.0,[],[],65046923,0.7000000000000001,-6.3,AAL2695 ,none,A3,270.0,-128.0,550.0,1024.0,4000.0,281.25,1.0,2.0,,
692,1669861019.492,a23a02,adsb_icao,N24211,B738,2525,133.0,,0512,41.965851,-87.752859,8,186,0.28800000000000003,2,9.0,1.0,3.0,perhour,2.0,0.0,0.0,[],[],57254265,0.1,-10.7,UAL1598 ,none,A3,270.0,-768.0,2575.0,1023.2,704.0,283.36,1.0,2.0,,
693,1669861019.492,ab5f87,adsb_icao,N8318F,B738,34275,314.0,,5622,39.384705,-87.316052,8,186,0.35000000000000003,2,9.0,1.0,3.0,perhour,2.0,0.0,0.0,[],[],45107928,0.2,-14.6,SWA2876 ,none,A3,270.91,-960.0,34275.0,1013.6,30016.0,274.92,1.0,2.0,,
694,1669861049.492,ad6ff2,adsb_icao,N965NN,B738,ground,28.5,278.44,2162,41.965874,-87.912036,8,186,0.04,2,9.0,1.0,3.0,perhour,2.0,0.0,0.0,[],[],65047033,0.0,-6.0,AAL2695 ,none,A3,270.0,-128.0,600.0,1024.0,4000.0,281.25,1.0,2.0,,
695,1669861049.492,a23a02,adsb_icao,N24211,B738,2150,121.0,,0512,41.965897,-87.776579,8,186,0.458,2,9.0,1.0,3.0,perhour,2.0,0.0,0.0,[],[],57254531,0.1,-18.2,UAL1598 ,none,A3,269.53,-768.0,2225.0,1023.2,704.0,283.36,1.0,2.0,,
696,1669861049.492,ab5f87,adsb_icao,N8318F,B738,33800,313.1,,5622,39.385529,-87.372297,8,186,0.25,2,9.0,1.0,3.0,perhour,2.0,0.0,0.0,[],[],45108192,0.0,-11.7,SWA2876 ,none,A3,271.1,-960.0,33800.0,1013.6,30016.0,274.92,1.0,2.0,,
697,1669861079.492,ad6ff2,adsb_icao,N965NN,B738,ground,11.8,19.69,2162,41.967157,-87.914897,8,186,0.366,2,9.0,1.0,3.0,perhour,2.0,0.0,0.0,[],[],65047154,0.4,-3.4,AAL2695 ,none,A3,,,600.0,,,,,,,
698,1669861079.492,a23a02,adsb_icao,N24211,B738,1800,124.0,,0512,41.965851,-87.799551,8,186,0.251,2,9.0,1.0,3.0,perhour,2.0,0.0,0.0,[],[],57254785,0.0,-16.0,UAL1598 ,none,A3,270.46,-640.0,1900.0,1023.2,704.0,283.36,1.0,2.0,,
699,1669861079.492,ab5f87,adsb_icao,N8318F,B738,33325,314.0,,5622,39.386215,-87.428483,8,186,0.218,2,9.0,1.0,3.0,perhour,2.0,0.0,0.0,[],[],45108465,0.0,-10.8,SWA2876 ,none,A3,270.91,-960.0,33325.0,1013.6,30016.0,274.92,1.0,2.0,,
700,1669861109.492,ad6ff2,adsb_icao,N965NN,B738,ground,15.5,90.0,2162,41.967407,-87.912566,8,186,0.182,2,9.0,1.0,3.0,perhour,2.0,0.0,0.0,[],[],65047291,0.2,-2.9,AAL2695 ,none,A3,,,600.0,,,,,,,
701,1669861109.492,a23a02,adsb_icao,N24211,B738,1475,116.0,,0512,41.965911,-87.821002,8,186,0.343,2,9.0,1.0,3.0,perhour,2.0,0.0,0.0,[],[],57255026,0.0,-13.0,UAL1598 ,none,A3,270.0,-640.0,1600.0,1023.2,704.0,283.36,1.0,2.0,,
702,1669861109.492,ab5f87,adsb_icao,N8318F,B738,32850,316.0,,5622,39.386765,-87.484429,8,186,0.376,2,9.0,1.0,3.0,perhour,2.0,0.0,0.0,[],[],45108726,0.0,-13.2,SWA2876 ,none,A3,270.54,-960.0,32850.0,1013.6,30016.0,274.92,1.0,2.0,,
703,1669861139.492,ad6ff2,adsb_icao,N965NN,B738,ground,22.5,90.0,2162,41.967401,-87.908909,8,186,1.074,2,9.0,1.0,3.0,perhour,2.0,0.0,0.0,[],[],65047401,1.1,-4.2,AAL2695 ,none,A3,,,,,,,,,,
704,1669861139.492,a23a02,adsb_icao,N24211,B738,1125,116.0,,0512,41.965865,-87.842719,8,186,0.248,2,9.0,1.0,3.0,perhour,2.0,0.0,0.0,[],[],57255270,0.1,-10.2,UAL1598 ,none,A3,269.01,-768.0,1275.0,1023.2,4000.0,283.36,1.0,2.0,,
705,1669861139.492,ab5f87,adsb_icao,N8318F,B738,32375,319.0,,5622,39.387314,-87.541272,8,186,0.28500000000000003,2,9.0,1.0,3.0,perhour,2.0,0.0,0.0,[],[],45108983,0.2,-10.4,SWA2876 ,none,A3,270.72,-960.0,32375.0,1013.6,30016.0,274.92,1.0,2.0,,
706,1669861169.492,ad6ff2,adsb_icao,N965NN,B738,ground,24.5,90.0,2162,41.967419,-87.904498,8,186,0.448,2,9.0,1.0,3.0,perhour,2.0,0.0,0.0,[],[],65047513,0.4,-5.9,AAL2695 ,none,A3,,,,,,,,,,
707,1669861169.492,a23a02,adsb_icao,N24211,B738,800,129.0,,0512,41.965865,-87.865459,8,186,0.169,2,9.0,1.0,3.0,perhour,2.0,0.0,0.0,[],[],57255530,0.0,-5.9,UAL1598 ,none,A3,271.33,-704.0,975.0,1023.2,4000.0,283.36,1.0,2.0,,
708,1669861169.492,ab5f87,adsb_icao,N8318F,B738,31900,325.0,,5622,39.387755,-87.59906,8,186,0.232,2,9.0,1.0,3.0,perhour,2.0,0.0,0.0,[],[],45109236,0.0,-9.7,SWA2876 ,none,A3,270.53,-960.0,31900.0,1013.6,30016.0,274.92,1.0,2.0,,
709,1669861199.492,ad6ff2,adsb_icao,N965NN,B738,ground,20.5,90.0,2162,41.967419,-87.900176,8,186,0.425,2,9.0,1.0,3.0,perhour,2.0,0.0,0.0,[],[],65047627,0.4,-5.2,AAL2695 ,none,A3,,,,,,,,,,
710,1669861199.492,a23a02,adsb_icao,N24211,B738,450,126.0,,0512,41.965818,-87.889092,8,186,0.425,2,9.0,1.0,3.0,perhour,2.0,0.0,0.0,[],[],57255767,0.30000000000000004,-7.2,UAL1598 ,none,A3,270.45,-768.0,650.0,1023.2,4000.0,283.36,1.0,2.0,,
711,1669861199.492,ab5f87,adsb_icao,N8318F,B738,31450,327.0,,5622,39.388314,-87.657593,8,186,0.14400000000000002,2,9.0,1.0,3.0,perhour,2.0,0.0,0.0,[],[],45109506,0.0,-7.7,SWA2876 ,none,A3,270.7,-960.0,31475.0,1013.6,30016.0,274.92,1.0,2.0,,
712,1669861229.492,a23a02,adsb_icao,N24211,B738,ground,61.5,270.0,0512,41.965783,-87.907216,8,186,2.721,2,9.0,1.0,3.0,perhour,2.0,0.0,0.0,[],[],57255876,2.4,-7.6,UAL1598 ,none,A3,269.33,-128.0,525.0,1023.2,4000.0,283.36,1.0,2.0,,
713,1669861229.492,ad6ff2,adsb_icao,N965NN,B738,ground,18.5,90.0,2162,41.967419,-87.896212,8,186,0.171,2,9.0,1.0,3.0,perhour,2.0,0.0,0.0,[],[],65047751,0.2,-6.4,AAL2695 ,none,A3,,,,,,,,,,
714,1669861229.492,ab5f87,adsb_icao,N8318F,B738,30975,328.0,,5622,39.38887,-87.715859,8,186,0.295,2,9.0,1.0,3.0,perhour,2.0,0.0,0.0,[],[],45109757,0.0,-10.0,SWA2876 ,none,A3,270.7,-960.0,31000.0,1013.6,30016.0,274.92,1.0,2.0,,
715,1669861259.492,a23a02,adsb_icao,N24211,B738,ground,24.5,289.69,0512,41.966179,-87.913779,8,186,0.033,2,9.0,1.0,3.0,perhour,2.0,0.0,0.0,[],[],57255970,0.0,-4.5,UAL1598 ,none,A3,269.33,-128.0,600.0,1023.2,4000.0,283.36,1.0,2.0,,
716,1669861259.492,ad6ff2,adsb_icao,N965NN,B738,ground,17.5,90.0,2162,41.967419,-87.892966,8,186,0.6,2,9.0,1.0,3.0,perhour,2.0,0.0,0.0,[],[],65047867,0.6000000000000001,-6.5,AAL2695 ,none,A3,,,,,,,,,,
717,1669861259.492,ab5f87,adsb_icao,N8318F,B738,30475,330.0,,5622,39.389282,-87.775269,8,186,0.0,2,9.0,1.0,3.0,perhour,2.0,0.0,0.0,[],[],45110009,0.0,-10.9,SWA2876 ,none,A3,270.52,-960.0,30500.0,1013.6,30016.0,274.92,1.0,2.0,,
718,1669861289.492,a23a02,adsb_icao,N24211,B738,ground,14.2,90.0,0512,41.967401,-87.914067,8,186,0.029,2,9.0,1.0,3.0,perhour,2.0,0.0,0.0,[],[],57256096,0.0,-3.1,UAL1598 ,none,A3,,,625.0,,,,,,,
719,1669861289.492,ad6ff2,adsb_icao,N965NN,B738,ground,14.8,2.81,2162,41.968576,-87.890689,8,186,0.029,2,9.0,1.0,3.0,perhour,2.0,0.0,0.0,[],[],65047987,0.0,-6.4,AAL2695 ,none,A3,,,,,,,,,,
720,1669861289.492,ab5f87,adsb_icao,N8318F,B738,30025,333.0,,5622,39.389694,-87.833783,8,186,0.383,2,9.0,1.0,3.0,perhour,2.0,0.0,0.0,[],[],45110281,0.0,-7.5,SWA2876 ,none,A3,270.34,-704.0,30050.0,1013.6,30016.0,274.92,1.0,2.0,,
721,1669861319.492,a23a02,adsb_icao,N24211,B738,ground,20.5,92.81,0512,41.967413,-87.910905,8,186,0.47000000000000003,2,9.0,1.0,3.0,perhour,2.0,0.0,0.0,[],[],57256203,0.2,-4.5,UAL1598 ,none,A3,,,625.0,,,,,,,
722,1669861319.492,ab5f87,adsb_icao,N8318F,B738,30000,332.0,,5622,39.389969,-87.894088,8,186,0.025,2,9.0,1.0,3.0,perhour,2.0,0.0,0.0,[],[],45110536,0.0,-8.3,SWA2876 ,none,A3,270.52,0.0,30025.0,1013.6,30016.0,274.92,1.0,2.0,,
723,1669861319.492,ad6ff2,adsb_icao,N965NN,B738,ground,8.8,320.62,2162,41.970322,-87.890912,8,186,0.40900000000000003,2,9.0,1.0,3.0,perhour,2.0,0.0,0.0,[],[],65048104,0.4,-3.6,AAL2695 ,none,A3,,,,,,,,,,
724,1669861349.492,ab5f87,adsb_icao,N8318F,B738,30000,332.0,,5622,39.390362,-87.953552,8,186,0.004,2,9.0,1.0,3.0,perhour,2.0,0.0,0.0,[],[],45110782,0.0,-9.8,SWA2876 ,none,A3,270.52,0.0,30025.0,1013.6,30016.0,274.92,1.0,2.0,,
725,1669861349.492,a23a02,adsb_icao,N24211,B738,ground,22.5,90.0,0512,41.967419,-87.906808,8,186,0.278,2,9.0,1.0,3.0,perhour,2.0,0.0,0.0,[],[],57256289,0.30000000000000004,-4.7,UAL1598 ,none,A3,,,,,,,,,,
726,1669861349.492,ad6ff2,adsb_icao,N965NN,B738,ground,10.8,270.0,2162,41.970451,-87.892732,8,186,0.278,2,9.0,1.0,3.0,perhour,2.0,0.0,0.0,[],[],65048202,0.30000000000000004,-7.9,AAL2695 ,none,A3,325.0,,,,,,,,,
727,1669861379.492,ab5f87,adsb_icao,N8318F,B738,30000,334.0,,5622,39.390793,-88.013206,8,186,0.0,2,9.0,1.0,3.0,perhour,2.0,0.0,0.0,[],[],45111038,0.0,-13.4,SWA2876 ,none,A3,270.17,0.0,30025.0,1013.6,18016.0,274.92,1.0,2.0,,
728,1669861379.492,a23a02,adsb_icao,N24211,B738,ground,24.5,90.0,0512,41.967424,-87.902553,8,186,0.673,2,9.0,1.0,3.0,perhour,2.0,0.0,0.0,[],['track'],57256385,0.2,-5.9,UAL1598 ,none,A3,90.0,,3125.0,,,,,,,
729,1669861379.492,ad6ff2,adsb_icao,N965NN,B738,ground,13.2,292.5,2162,41.970811,-87.894905,8,186,0.464,2,9.0,1.0,3.0,perhour,2.0,0.0,0.0,[],[],65048305,0.5,-3.1,AAL2695 ,none,A3,270.0,0.0,,,,,,,,
730,1669861409.492,ab5f87,adsb_icao,N8318F,B738,30000,345.6,,5622,39.384543,-88.073181,8,186,0.0,2,9.0,1.0,3.0,perhour,2.0,0.0,0.0,[],[],45111293,0.0,-6.5,SWA2876 ,none,A3,255.76,0.0,30025.0,1013.6,6016.0,274.92,1.0,2.0,,
731,1669861409.492,a23a02,adsb_icao,N24211,B738,ground,25.5,90.0,0512,41.96743,-87.897928,8,186,0.065,2,9.0,1.0,3.0,perhour,2.0,0.0,0.0,[],['track'],57256489,0.1,-6.3,UAL1598 ,none,A3,90.0,,3125.0,,,,,,,
732,1669861409.492,ad6ff2,adsb_icao,N965NN,B738,ground,10.8,343.12,2162,41.971905,-87.89654,8,186,0.734,2,9.0,1.0,3.0,perhour,2.0,0.0,0.0,[],[],65048414,0.7000000000000001,-2.6,AAL2695 ,none,A3,270.0,0.0,,,,,,,,
733,1669861439.492,ab5f87,adsb_icao,N8318F,B738,30000,347.3,,5622,39.370239,-88.132145,8,186,0.267,2,9.0,1.0,3.0,perhour,2.0,0.0,0.0,[],[],45111544,0.0,-9.9,SWA2876 ,none,A3,252.4,0.0,30050.0,1013.6,6016.0,265.08,1.0,2.0,,
734,1669861439.492,ad6ff2,adsb_icao,N965NN,B738,ground,11.8,61.88,2162,41.972743,-87.89516,8,186,0.161,2,9.0,1.0,3.0,perhour,2.0,0.0,0.0,[],[],65048522,0.2,-3.5,AAL2695 ,none,A3,37.0,0.0,,,,,,,,
735,1669861439.492,a23a02,adsb_icao,N24211,B738,ground,24.5,90.0,0512,41.96743,-87.893247,8,186,0.161,2,9.0,1.0,3.0,perhour,2.0,0.0,0.0,[],[],57256594,0.2,-5.9,UAL1598 ,none,A3,,,3125.0,,,,,,,
736,1669861469.492,ab5f87,adsb_icao,N8318F,B738,30000,347.6,,5622,39.355588,-88.191589,8,186,0.095,2,9.0,1.0,3.0,perhour,2.0,0.0,0.0,[],[],45111793,0.1,-8.0,SWA2876 ,none,A3,252.24,0.0,30050.0,1013.6,6016.0,265.08,1.0,2.0,,
737,1669861469.492,ad6ff2,adsb_icao,N965NN,B738,ground,13.8,357.19,2162,41.974262,-87.894308,8,186,0.657,2,9.0,1.0,3.0,perhour,2.0,0.0,0.0,[],[],65048638,0.7000000000000001,-15.9,AAL2695 ,none,A3,37.0,0.0,,,,,,,,
738,1669861469.492,a23a02,adsb_icao,N24211,B738,ground,16.5,0.0,0512,41.968728,-87.890705,8,186,0.228,2,9.0,1.0,3.0,perhour,2.0,0.0,0.0,[],[],57256704,0.2,-5.2,UAL1598 ,none,A3,,,3125.0,,,,,,,
739,1669861499.492,ab5f87,adsb_icao,N8318F,B738,30000,348.2,,5622,39.340598,-88.250122,8,186,0.312,2,9.0,1.0,3.0,perhour,2.0,0.0,0.0,[],[],45112048,0.1,-10.2,SWA2876 ,none,A3,250.89,0.0,30075.0,1013.6,6016.0,265.08,1.0,2.0,,
740,1669861499.492,ad6ff2,adsb_icao,N965NN,B738,ground,10.8,351.56,2162,41.975601,-87.894339,8,186,8.479,2,9.0,1.0,3.0,perhour,2.0,0.0,0.0,[],[],65048678,4.6,-20.4,AAL2695 ,none,A3,1.0,0.0,,,,,,,,
741,1669861499.492,a23a02,adsb_icao,N24211,B738,ground,6.8,292.5,0512,41.970427,-87.891168,8,186,0.101,2,9.0,1.0,3.0,perhour,2.0,0.0,0.0,[],[],57256824,0.1,-5.4,UAL1598 ,none,A3,348.0,,,,,,,,,
742,1669861529.493,ab5f87,adsb_icao,N8318F,B738,30000,348.5,,5622,39.324491,-88.309387,8,186,0.051000000000000004,2,9.0,1.0,3.0,perhour,2.0,0.0,0.0,[],[],45112303,0.1,-12.3,SWA2876 ,none,A3,250.73,0.0,30075.0,1013.6,6016.0,265.08,1.0,2.0,,
743,1669861529.493,ad6ff2,adsb_icao,N965NN,B738,ground,6.8,241.88,2162,41.975676,-87.895416,8,186,13.768,2,9.0,1.0,3.0,perhour,2.0,0.0,0.0,[],[],65048691,4.6,-19.5,AAL2695 ,none,A3,283.0,0.0,,,,,,,,
744,1669861529.493,a23a02,adsb_icao,N24211,B738,ground,8.2,270.0,0512,41.97045,-87.892589,8,186,0.424,2,9.0,1.0,3.0,perhour,2.0,0.0,0.0,[],[],57256899,0.4,-9.7,UAL1598 ,none,A3,294.0,0.0,,,,,,,,
745,1669861559.492,ab5f87,adsb_icao,N8318F,B738,30000,349.1,,5622,39.308716,-88.367993,8,186,0.264,2,9.0,1.0,3.0,perhour,2.0,0.0,0.0,[],[],45112552,0.0,-6.6,SWA2876 ,none,A3,250.94,0.0,30075.0,1013.6,6016.0,265.08,1.0,2.0,,
746,1669861559.492,ad6ff2,adsb_icao,N965NN,B738,ground,7.8,289.69,2162,41.975955,-87.896996,8,186,6.677,2,,,,perhour,,0.0,0.0,[],[],65048692,6.7,-19.7,AAL2695 ,,A3,283.0,0.0,,,,,,,,
747,1669861559.492,a23a02,adsb_icao,N24211,B738,ground,11.2,292.5,0512,41.970612,-87.894355,8,186,0.096,2,9.0,1.0,3.0,perhour,2.0,0.0,0.0,[],[],57256999,0.1,-5.7,UAL1598 ,none,A3,294.0,0.0,,,,,,,,
748,1669861589.492,ab5f87,adsb_icao,N8318F,B738,30000,349.8,,5622,39.293015,-88.426985,8,186,0.339,2,9.0,1.0,3.0,perhour,2.0,0.0,0.0,[],[],45112800,0.30000000000000004,-10.4,SWA2876 ,none,A3,251.15,0.0,30100.0,1013.6,6016.0,265.08,1.0,2.0,,
749,1669861589.492,ad6ff2,adsb_icao,N965NN,B738,ground,9.8,289.69,2162,41.976242,-87.898084,8,186,16.802,2,,,,perhour,,,,[],[],65048698,9.0,-19.5,AAL2695 ,,A3,283.0,0.0,,,,,,,,
750,1669861589.492,a23a02,adsb_icao,N24211,B738,ground,8.2,315.0,0512,41.971335,-87.896118,8,186,0.069,2,9.0,1.0,3.0,perhour,2.0,0.0,0.0,[],[],57257114,0.1,-4.5,UAL1598 ,none,A3,294.0,0.0,,,,,,,,
751,1669861619.492,ab5f87,adsb_icao,N8318F,B738,30000,351.0,,5622,39.277084,-88.486633,8,186,0.11900000000000001,2,9.0,1.0,3.0,perhour,2.0,0.0,0.0,[],[],45113081,0.1,-10.6,SWA2876 ,none,A3,251.05,0.0,30100.0,1013.6,6016.0,265.08,1.0,2.0,,
752,1669861619.492,ad6ff2,adsb_icao,N965NN,B738,ground,4.2,202.5,2162,41.975933,-87.899785,8,186,0.0,2,9.0,1.0,3.0,perhour,2.0,,,[],[],65048737,0.0,-8.8,AAL2695 ,none,A3,237.0,0.0,,,,,,,,
753,1669861619.492,a23a02,adsb_icao,N24211,B738,ground,2.2,323.44,0512,41.971672,-87.896438,8,186,0.279,2,9.0,1.0,3.0,perhour,2.0,0.0,0.0,[],[],57257216,0.2,-3.9,UAL1598 ,none,A3,294.0,0.0,,,,,,,,
754,1669861649.492,ab5f87,adsb_icao,N8318F,B738,30000,352.3,,5622,39.261292,-88.545745,8,186,0.246,2,9.0,1.0,3.0,perhour,2.0,0.0,0.0,[],[],45113340,0.0,-10.8,SWA2876 ,none,A3,250.95,0.0,30100.0,1013.6,6016.0,265.08,1.0,2.0,,
755,1669861649.492,ad6ff2,adsb_icao,N965NN,B738,ground,0.9,202.5,2162,41.975641,-87.899951,8,186,0.41300000000000003,2,9.0,1.0,3.0,perhour,2.0,,,[],[],65048775,0.0,-7.6,AAL2695 ,none,A3,237.0,0.0,,,,,,,,
756,1669861649.492,a23a02,adsb_icao,N24211,B738,ground,8.8,289.69,0512,41.972523,-87.89746,8,186,0.766,2,9.0,1.0,3.0,perhour,2.0,0.0,0.0,[],[],57257315,0.8,-3.1,UAL1598 ,none,A3,294.0,0.0,,,,,,,,
757,1669861679.492,ab5f87,adsb_icao,N8318F,B738,30000,353.2,,5622,39.245305,-88.605164,8,186,0.272,2,9.0,1.0,3.0,perhour,2.0,0.0,0.0,[],[],45113582,0.30000000000000004,-12.1,SWA2876 ,none,A3,251.0,0.0,30100.0,1013.6,6016.0,265.08,1.0,2.0,,
758,1669861679.492,ad6ff2,adsb_icao,N965NN,B738,ground,0.0,202.5,2162,41.975601,-87.899973,8,186,17.361,2,9.0,1.0,3.0,perhour,2.0,,,[],[],65048799,10.6,-11.1,AAL2695 ,none,A3,237.0,0.0,,,,,,,,
759,1669861679.492,a23a02,adsb_icao,N24211,B738,ground,14.2,264.38,0512,41.972076,-87.89952,8,186,0.153,2,9.0,1.0,3.0,perhour,2.0,0.0,0.0,[],[],57257398,0.2,-6.1,UAL1598 ,none,A3,294.0,0.0,,,,,,,,
760,1669861709.492,ab5f87,adsb_icao,N8318F,B738,30000,354.5,,5622,39.229198,-88.664978,8,186,0.20500000000000002,2,9.0,1.0,3.0,perhour,2.0,0.0,0.0,[],[],45113821,0.2,-7.7,SWA2876 ,none,A3,250.9,0.0,30125.0,1013.6,6016.0,265.08,1.0,2.0,,
761,1669861709.492,a23a02,adsb_icao,N24211,B738,ground,16.5,270.0,0512,41.972065,-87.902563,8,186,0.065,2,9.0,1.0,3.0,perhour,2.0,0.0,0.0,[],[],57257491,0.1,-4.0,UAL1598 ,none,A3,,,,,,,,,,
762,1669861709.492,ad6ff2,adsb_icao,N965NN,B738,ground,0.0,202.5,2162,41.975601,-87.899973,8,186,47.361,2,9.0,1.0,3.0,perhour,2.0,,,[],[],65048799,40.6,-11.1,AAL2695 ,none,A3,237.0,0.0,,,,,,,,
763,1669861739.492,ab5f87,adsb_icao,N8318F,B738,30000,355.8,,5622,39.212952,-88.725159,8,186,0.05,2,9.0,1.0,3.0,perhour,2.0,0.0,0.0,[],[],45114071,0.1,-11.7,SWA2876 ,none,A3,250.8,0.0,30125.0,1013.6,6016.0,265.08,1.0,2.0,,
764,1669861739.492,a23a02,adsb_icao,N24211,B738,ground,17.5,275.62,0512,41.972149,-87.905683,8,186,0.626,2,9.0,1.0,3.0,perhour,2.0,0.0,0.0,[],[],57257586,0.6000000000000001,-6.3,UAL1598 ,none,A3,,,,,,,,,,
765,1669861769.492,ab5f87,adsb_icao,N8318F,B738,30000,357.1,,5622,39.196658,-88.785278,8,186,0.026000000000000002,2,9.0,1.0,3.0,perhour,2.0,0.0,0.0,[],[],45114309,0.0,-10.3,SWA2876 ,none,A3,250.7,0.0,30125.0,1013.6,6016.0,265.08,1.0,2.0,,
766,1669861769.492,a23a02,adsb_icao,N24211,B738,ground,14.8,312.19,0512,41.972969,-87.908291,8,186,0.049,2,9.0,1.0,3.0,perhour,2.0,0.0,0.0,[],[],57257677,0.0,-3.0,UAL1598 ,none,A3,,,,,,,,,,
767,1669861799.492,ab5f87,adsb_icao,N8318F,B738,29600,345.7,,5622,39.180505,-88.84436,8,186,0.066,2,9.0,1.0,3.0,perhour,2.0,0.0,0.0,[],[],45114557,0.1,-11.1,SWA2876 ,none,A3,250.57,-1472.0,29775.0,1013.6,6016.0,265.08,1.0,2.0,,
768,1669861799.492,a23a02,adsb_icao,N24211,B738,ground,14.8,320.62,0512,41.974489,-87.910139,8,186,1.042,2,9.0,1.0,3.0,perhour,2.0,0.0,0.0,[],[],57257764,0.5,-8.2,UAL1598 ,none,A3,,,,,,,,,,
769,1669861829.492,ab5f87,adsb_icao,N8318F,B738,28175,339.7,,5622,39.165024,-88.901128,8,186,0.384,2,9.0,1.0,3.0,perhour,2.0,0.0,0.0,[],[],45114792,0.2,-9.6,SWA2876 ,none,A3,250.92,-2752.0,28350.0,1013.6,6016.0,265.08,1.0,2.0,,
770,1669861829.492,a23a02,adsb_icao,N24211,B738,ground,13.8,53.44,0512,41.975827,-87.910202,8,186,4.463,2,9.0,1.0,3.0,perhour,2.0,0.0,0.0,[],[],57257790,4.5,-18.6,UAL1598 ,none,A3,,,,,,,,,,
771,1669861859.492,ab5f87,adsb_icao,N8318F,B738,26800,334.6,,5622,39.149597,-88.957971,8,186,0.321,2,9.0,1.0,3.0,perhour,2.0,0.0,0.0,[],[],45115012,0.1,-9.5,SWA2876 ,none,A3,250.81,-2688.0,26975.0,1013.6,6016.0,265.08,1.0,2.0,,
772,1669861859.492,a23a02,adsb_icao,N24211,B738,ground,14.8,8.44,0512,41.977468,-87.909244,8,186,2.692,2,9.0,1.0,3.0,perhour,2.0,0.0,0.0,[],[],57257819,2.7,-14.2,UAL1598 ,none,A3,42.0,0.0,,,,,,,,
773,1669861889.492,ab5f87,adsb_icao,N8318F,B738,25475,339.7,,5622,39.134418,-89.014282,8,186,0.39,2,9.0,1.0,3.0,perhour,2.0,0.0,0.0,[],[],45115257,0.2,-15.0,SWA2876 ,none,A3,250.92,-2624.0,25625.0,1013.6,6016.0,265.08,1.0,2.0,,
774,1669861889.492,a23a02,adsb_icao,N24211,B738,ground,11.8,8.44,0512,41.979377,-87.908813,8,186,2.281,2,9.0,1.0,3.0,perhour,2.0,0.0,0.0,[],[],57257847,2.3,-17.6,UAL1598 ,none,A3,9.0,0.0,,,,,,,,
775,1669861919.492,ab5f87,adsb_icao,N8318F,B738,24025,356.8,,5622,39.11824,-89.073984,8,186,0.211,2,9.0,1.0,3.0,perhour,2.0,0.0,0.0,[],[],45115487,0.2,-8.7,SWA2876 ,none,A3,250.35,-2880.0,24200.0,1013.6,6016.0,265.08,1.0,2.0,,
776,1669861919.492,a23a02,adsb_icao,N24211,B738,ground,8.2,11.25,0512,41.980657,-87.908526,8,186,8.527,2,9.0,1.0,3.0,perhour,2.0,0.0,0.0,[],[],57257869,1.0,-19.3,UAL1598 ,none,A3,9.0,0.0,,,,,,,,
777,1669861949.492,ab5f87,adsb_icao,N8318F,B738,22600,348.2,,5622,39.101578,-89.133274,8,186,0.069,2,9.0,1.0,3.0,perhour,2.0,0.0,0.0,[],[],45115724,0.1,-5.9,SWA2876 ,none,A3,250.37,-2816.0,22775.0,1013.6,6016.0,265.08,1.0,2.0,,
778,1669861949.492,a23a02,adsb_icao,N24211,B738,ground,2.8,255.94,0512,41.981495,-87.908868,8,186,0.027,2,9.0,1.0,3.0,perhour,2.0,0.0,0.0,[],[],57257904,0.0,-14.7,UAL1598 ,none,A3,9.0,0.0,,,,,,,,
779,1669861979.492,ab5f87,adsb_icao,N8318F,B738,21250,335.8,,5622,39.086975,-89.191311,8,186,0.068,2,9.0,1.0,3.0,perhour,2.0,0.0,0.0,[],[],45115965,0.1,-8.0,SWA2876 ,none,A3,254.1,-2624.0,21375.0,1013.6,6016.0,265.08,1.0,2.0,,
780,1669861979.492,a23a02,adsb_icao,N24211,B738,ground,1.6,233.44,0512,41.981285,-87.909244,8,186,0.317,2,9.0,1.0,3.0,perhour,2.0,0.0,0.0,[],[],57257933,0.30000000000000004,-9.5,UAL1598 ,none,A3,236.0,0.0,,,,,,,,
781,1669862009.492,ab5f87,adsb_icao,N8318F,B738,19925,328.6,,5622,39.074319,-89.248169,8,186,0.093,2,9.0,1.0,3.0,perhour,2.0,0.0,0.0,[],[],45116204,0.1,-11.5,SWA2876 ,none,A3,254.1,-2240.0,20025.0,1013.6,6016.0,265.08,1.0,2.0,,
782,1669862009.492,a23a02,adsb_icao,N24211,B738,ground,1.4,233.44,0512,41.981285,-87.909276,8,186,27.697,2,9.0,1.0,3.0,perhour,2.0,0.0,0.0,[],[],57257940,9.8,-10.5,UAL1598 ,none,A3,236.0,0.0,,,,,,,,
783,1669862039.492,ab5f87,adsb_icao,N8318F,B738,18900,317.4,,5622,39.062076,-89.303223,8,186,0.08700000000000001,2,9.0,1.0,3.0,perhour,2.0,0.0,0.0,[],[],45116439,0.1,-10.2,SWA2876 ,none,A3,253.91,-1984.0,18975.0,1013.6,6016.0,265.08,1.0,2.0,,
784,1669862039.492,a23a02,adsb_icao,N24211,B738,ground,1.4,233.44,,41.981285,-87.909276,8,186,57.697,2,9.0,1.0,3.0,perhour,2.0,0.0,0.0,[],[],57257940,39.8,-10.5,UAL1598 ,,A3,236.0,,,,,,,,,
785,1669862069.492,ab5f87,adsb_icao,N8318F,B738,17850,316.5,,5622,39.050158,-89.357483,8,186,0.42,2,9.0,1.0,3.0,perhour,2.0,0.0,0.0,[],[],45116672,0.0,-7.7,SWA2876 ,none,A3,253.86,-2112.0,17950.0,1030.4,6016.0,265.08,1.0,2.0,,
786,1669862099.492,ab5f87,adsb_icao,N8318F,B738,16175,323.1,,5622,39.037582,-89.412351,8,186,0.124,2,9.0,1.0,3.0,perhour,2.0,0.0,0.0,[],[],45116893,0.1,-10.5,SWA2876 ,none,A3,253.64,-3264.0,16275.0,1030.4,6016.0,265.08,1.0,2.0,,
787,1669862129.492,ab5f87,adsb_icao,N8318F,B738,14900,319.9,,5622,39.025113,-89.466919,8,186,0.28300000000000003,2,9.0,1.0,3.0,perhour,2.0,0.0,0.0,[],[],45117114,0.2,-10.3,SWA2876 ,none,A3,253.66,-2560.0,15000.0,1030.4,6016.0,265.08,1.0,2.0,,
788,1669862159.492,ab5f87,adsb_icao,N8318F,B738,13650,315.5,,5622,39.012726,-89.521856,8,186,0.0,2,9.0,1.0,3.0,perhour,2.0,0.0,0.0,[],[],45117342,0.0,-8.6,SWA2876 ,none,A3,253.81,-2368.0,13750.0,1030.4,6016.0,265.08,1.0,2.0,,
789,1669862189.492,ab5f87,adsb_icao,N8318F,B738,12450,314.8,,5622,39.000208,-89.575378,8,186,0.045,2,9.0,1.0,3.0,perhour,2.0,0.0,0.0,[],[],45117573,0.0,-9.0,SWA2876 ,none,A3,249.55,-2368.0,12525.0,1030.4,6016.0,265.08,1.0,2.0,,
790,1669862219.492,ab5f87,adsb_icao,N8318F,B738,11275,332.4,,5622,38.974319,-89.621688,8,186,0.23900000000000002,2,9.0,1.0,3.0,perhour,2.0,0.0,0.0,[],[],45117792,0.2,-5.2,SWA2876 ,none,A3,224.27,-2432.0,11350.0,1030.4,6016.0,236.25,1.0,2.0,,
791,1669862249.492,ab5f87,adsb_icao,N8318F,B738,10025,330.2,,5622,38.941864,-89.663066,8,186,0.361,2,9.0,1.0,3.0,perhour,2.0,0.0,0.0,[],[],45118011,0.0,-3.7,SWA2876 ,none,A3,225.12,-2560.0,10075.0,1030.4,6016.0,234.84,1.0,2.0,,
792,1669862279.493,ab5f87,adsb_icao,N8318F,B738,9525,309.7,,5622,38.909943,-89.703491,8,186,0.338,2,9.0,1.0,3.0,perhour,2.0,0.0,0.0,[],[],45118217,0.0,-3.9,SWA2876 ,none,A3,224.48,0.0,9575.0,1030.4,6016.0,234.84,1.0,2.0,,
793,1669862309.492,ab5f87,adsb_icao,N8318F,B738,9525,280.0,,5622,38.880848,-89.739746,8,186,0.26,2,9.0,1.0,3.0,perhour,2.0,0.0,0.0,[],[],45118434,0.0,-6.2,SWA2876 ,none,A3,224.42,0.0,9575.0,1030.4,6016.0,234.84,1.0,2.0,,
794,1669862339.492,ab5f87,adsb_icao,N8318F,B738,8975,273.7,,5622,38.85347,-89.774362,8,186,0.039,2,9.0,1.0,3.0,perhour,2.0,0.0,0.0,[],[],45118660,0.0,-6.3,SWA2876 ,none,A3,224.85,-1856.0,9050.0,1030.4,6016.0,234.84,1.0,2.0,,
795,1669862369.492,ab5f87,adsb_icao,N8318F,B738,8525,273.0,,5622,38.826599,-89.808515,8,186,0.19,2,9.0,1.0,3.0,perhour,2.0,0.0,0.0,[],[],45118902,0.1,-19.6,SWA2876 ,none,A3,224.41,0.0,8575.0,1030.4,6016.0,234.84,1.0,2.0,,
796,1669862399.492,ab5f87,adsb_icao,N8318F,B738,8525,268.7,,5622,38.79982,-89.84237,8,186,0.14,2,9.0,1.0,3.0,perhour,2.0,0.0,0.0,[],[],45119155,0.1,-6.8,SWA2876 ,none,A3,224.7,-320.0,8600.0,1030.4,6016.0,234.84,1.0,2.0,,
797,1669862429.493,ab5f87,adsb_icao,N8318F,B738,7675,272.2,,5622,38.773224,-89.875926,8,186,0.23,2,9.0,1.0,3.0,perhour,2.0,0.0,0.0,[],[],45119402,0.0,-15.3,SWA2876 ,none,A3,224.85,-1600.0,7775.0,1030.4,4992.0,234.84,1.0,2.0,,
798,1669862459.492,ab5f87,adsb_icao,N8318F,B738,6975,268.7,,5622,38.746399,-89.91002,8,186,0.078,2,9.0,1.0,3.0,perhour,2.0,0.0,0.0,[],[],45119634,0.0,-7.0,SWA2876 ,none,A3,225.0,-1280.0,7075.0,1030.4,4992.0,234.84,1.0,2.0,,
799,1669862489.493,ab5f87,adsb_icao,N8318F,B738,6350,263.8,,5622,38.720169,-89.943038,8,186,0.154,2,9.0,1.0,3.0,perhour,2.0,0.0,0.0,[],[],45119874,0.1,-13.1,SWA2876 ,none,A3,224.54,-1216.0,6475.0,1030.4,4992.0,234.84,1.0,2.0,,
800,1669862519.492,ab5f87,adsb_icao,N8318F,B738,5875,252.4,,5622,38.694855,-89.975042,8,186,0.20500000000000002,2,9.0,1.0,3.0,perhour,2.0,0.0,0.0,[],[],45120116,0.0,-10.9,SWA2876 ,none,A3,224.84,-576.0,6000.0,1030.4,4000.0,234.84,1.0,2.0,,
801,1669862549.492,ab5f87,adsb_icao,N8318F,B738,5575,238.3,,5622,38.670991,-90.005432,8,186,0.546,2,9.0,1.0,3.0,perhour,2.0,0.0,0.0,[],[],45120348,0.0,-10.6,SWA2876 ,none,A3,224.83,-640.0,5700.0,1030.4,4000.0,234.84,1.0,2.0,,
802,1669862579.492,ab5f87,adsb_icao,N8318F,B738,5475,208.6,,5622,38.648483,-90.034153,8,186,0.044,2,9.0,1.0,3.0,perhour,2.0,0.0,0.0,[],[],45120595,0.0,-11.8,SWA2876 ,none,A3,224.81,-192.0,5625.0,1030.4,4000.0,234.84,1.0,2.0,,
803,1669862609.492,ab5f87,adsb_icao,N8318F,B738,5200,171.8,,5622,38.632324,-90.060485,8,186,0.132,2,9.0,1.0,3.0,perhour,2.0,0.0,0.0,[],[],45120831,0.1,-19.1,SWA2876 ,none,A3,259.61,-704.0,5350.0,1030.4,4000.0,279.84,1.0,2.0,,
804,1669862639.492,ab5f87,adsb_icao,N8318F,B738,4850,161.8,,5622,38.633286,-90.089622,8,186,0.137,2,9.0,1.0,3.0,perhour,2.0,0.0,0.0,[],[],45121091,0.1,-19.9,SWA2876 ,none,A3,275.68,-704.0,5000.0,1030.4,4000.0,279.84,1.0,2.0,,
805,1669862669.492,ab5f87,adsb_icao,N8318F,B738,4475,156.9,,5622,38.638357,-90.116516,8,186,0.327,2,9.0,1.0,3.0,perhour,2.0,0.0,0.0,[],[],45121336,0.1,-16.0,SWA2876 ,none,A3,287.05,-832.0,4650.0,1030.4,3008.0,279.84,1.0,2.0,,
806,1669862699.492,ab5f87,adsb_icao,N8318F,B738,4000,157.7,,5622,38.645899,-90.142639,8,186,0.28400000000000003,2,9.0,1.0,3.0,perhour,2.0,0.0,0.0,[],[],45121589,0.1,-22.0,SWA2876 ,none,A3,293.15,-1024.0,4200.0,1030.4,3008.0,303.05,1.0,2.0,,
807,1669862729.493,ab5f87,adsb_icao,N8318F,B738,3525,156.1,,5622,38.655029,-90.16778,8,186,0.422,2,9.0,1.0,3.0,perhour,2.0,0.0,0.0,[],[],45121862,0.0,-6.6,SWA2876 ,none,A3,296.24,-1088.0,3750.0,1030.4,0.0,303.05,1.0,2.0,,
808,1669862759.493,ab5f87,adsb_icao,N8318F,B738,3175,135.2,,5622,38.664566,-90.191101,8,186,0.462,2,9.0,1.0,3.0,perhour,2.0,0.0,0.0,[],[],45122122,0.0,-15.1,SWA2876 ,none,A3,299.22,-704.0,3425.0,1030.4,0.0,303.05,1.0,2.0,,
809,1669862759.493,ad6ff2,adsb_icao,N965NN,B738,ground,0.0,,2000,41.975629,-87.899951,8,186,22.24,2,,,,perhour,,,,[],[],65048809,2.9,-11.3,AAL547  ,none,A3,,,,,,,,,,
810,1669862789.493,ab5f87,adsb_icao,N8318F,B738,2600,125.4,,5622,38.67411,-90.210449,8,186,0.089,2,9.0,1.0,3.0,perhour,2.0,0.0,0.0,[],[],45122363,0.0,-6.3,SWA2876 ,none,A3,305.59,-768.0,2850.0,1030.4,0.0,303.05,1.0,2.0,,
811,1669862789.493,ad6ff2,adsb_icao,N965NN,B738,ground,0.0,,2000,41.975629,-87.899951,8,186,52.24,2,,,,perhour,,,,[],[],65048810,32.9,-12.1,AAL547  ,none,A3,,,,,,,,,,
812,1669862819.493,ab5f87,adsb_icao,N8318F,B738,2300,114.8,,5622,38.68342,-90.2276,8,186,0.305,2,9.0,1.0,3.0,perhour,2.0,0.0,0.0,[],[],45122605,0.1,-10.7,SWA2876 ,none,A3,303.27,-576.0,2550.0,1030.4,0.0,303.05,1.0,2.0,,
813,1669862819.493,ad6ff2,adsb_icao,N965NN,B738,ground,0.0,202.5,,41.975617,-87.899951,8,186,1.315,2,9.0,1.0,3.0,perhour,2.0,,,[],[],65048815,1.3,-11.8,AAL547  ,,A3,,,,,,,,,,
814,1669862849.492,ab5f87,adsb_icao,N8318F,B738,2025,114.3,,5622,38.692108,-90.244923,8,186,0.0,2,9.0,1.0,3.0,perhour,2.0,0.0,0.0,[],[],45122849,0.0,-4.7,SWA2876 ,none,A3,302.86,-512.0,2300.0,1030.4,0.0,303.05,1.0,2.0,,
815,1669862849.492,ad6ff2,adsb_icao,N965NN,B738,ground,0.0,202.5,2000,41.975617,-87.899951,8,186,31.314,2,9.0,1.0,3.0,perhour,2.0,,,[],[],65048821,7.5,-11.2,AAL547  ,none,A3,,,,,,,,,,
816,1669862879.492,ab5f87,adsb_icao,N8318F,B738,1675,114.1,,5622,38.700365,-90.262085,8,186,0.325,2,9.0,1.0,3.0,perhour,2.0,0.0,0.0,[],[],45123073,0.0,-7.8,SWA2876 ,none,A3,301.74,-768.0,1975.0,1030.4,0.0,303.05,1.0,2.0,,
817,1669862879.492,ad6ff2,adsb_icao,N965NN,B738,ground,0.0,202.5,2000,41.975617,-87.899951,8,186,16.361,2,9.0,1.0,3.0,perhour,2.0,,,[],[],65048827,7.0,-11.0,AAL547  ,none,A3,,,,,,,,,,
818,1669862909.492,ab5f87,adsb_icao,N8318F,B738,1350,116.5,,5622,38.708744,-90.279297,8,186,0.024,2,9.0,1.0,3.0,perhour,2.0,0.0,0.0,[],[],45123297,0.0,-19.4,SWA2876 ,none,A3,302.74,-576.0,1675.0,1030.4,0.0,303.05,1.0,2.0,,
819,1669862909.492,ad6ff2,adsb_icao,N965NN,B738,ground,0.0,202.5,2000,41.975617,-87.899951,8,186,6.507,2,9.0,1.0,3.0,perhour,2.0,,,[],[],65048833,6.5,-10.5,AAL547  ,none,A3,,,,,,,,,,
820,1669862939.496,ab5f87,adsb_icao,N8318F,B738,975,121.3,,5622,38.717681999999996,-90.297058,8,186,0.35000000000000003,2,9.0,1.0,3.0,perhour,2.0,0.0,0.0,[],[],45123488,0.2,-12.0,SWA2876 ,none,A3,301.86,-640.0,1300.0,1030.4,0.0,303.05,1.0,2.0,,
821,1669862939.496,ad6ff2,adsb_icao,N965NN,B738,ground,0.0,202.5,2000,41.975617,-87.899951,8,186,1.725,2,9.0,1.0,3.0,perhour,2.0,,,[],[],65048847,1.7000000000000002,-10.9,AAL547  ,none,A3,,,,,,,,,,
822,1669862969.492,ab5f87,adsb_icao,N8318F,B738,650,125.4,,5622,38.72676,-90.315613,8,186,0.245,2,9.0,1.0,3.0,perhour,2.0,0.0,0.0,[],[],45123628,0.2,-2.0,SWA2876 ,none,A3,302.3,-768.0,1000.0,1030.4,0.0,303.05,1.0,2.0,,
823,1669862969.492,ad6ff2,adsb_icao,N965NN,B738,ground,0.0,202.5,2000,41.975617,-87.899951,8,186,31.721,2,9.0,1.0,3.0,perhour,2.0,,,[],[],65048851,7.9,-11.4,AAL547  ,none,A3,,,,,,,,,,
824,1669862999.494,ab5f87,adsb_icao,N8318F,B738,275,124.9,,5622,38.735916,-90.334307,8,186,0.259,2,9.0,1.0,3.0,perhour,2.0,0.0,0.0,[],[],45123758,0.30000000000000004,-6.1,SWA2876 ,none,A3,301.91,-768.0,650.0,1030.4,0.0,303.05,1.0,2.0,,
825,1669862999.494,ad6ff2,adsb_icao,N965NN,B738,ground,0.0,202.5,2000,41.975613,-87.899957,8,186,26.342,2,9.0,1.0,3.0,perhour,2.0,,,[],[],65048861,2.1,-10.1,AAL547  ,none,A3,,,,,,,,,,
826,1669863029.492,ab5f87,adsb_icao,N8318F,B738,200,124.6,,5622,38.7377,-90.337952,8,186,24.407,2,9.0,1.0,3.0,perhour,2.0,0.0,0.0,[],[],45123782,24.4,-9.3,SWA2876 ,none,A3,302.54,-704.0,575.0,1030.4,0.0,303.05,1.0,2.0,,
827,1669863029.492,ad6ff2,adsb_icao,N965NN,B738,ground,0.0,202.5,2000,41.975613,-87.899957,8,186,56.34,2,9.0,1.0,3.0,perhour,2.0,,,[],[],65048866,2.3,-10.2,AAL547  ,none,A3,,,,,,,,,,
828,1669863059.492,ab5f87,adsb_icao,N8318F,B738,200,124.6,,5622,38.7377,-90.337952,8,186,54.407,2,9.0,1.0,3.0,perhour,2.0,0.0,0.0,[],[],45123782,54.4,-9.3,SWA2876 ,none,A3,302.54,-704.0,575.0,1030.4,0.0,303.05,1.0,2.0,,
829,1669863059.492,ad6ff2,adsb_icao,N965NN,B738,ground,0.0,202.5,2000,41.975613,-87.899942,8,186,1.637,2,9.0,1.0,3.0,perhour,2.0,,,[],[],65048874,1.6,-10.6,AAL547  ,none,A3,,,,,,,,,,
830,1669863089.492,ad6ff2,adsb_icao,N965NN,B738,ground,0.0,202.5,2000,41.975613,-87.899942,8,186,1.579,2,9.0,1.0,3.0,perhour,2.0,,,[],[],65048892,1.6,-10.0,AAL547  ,none,A3,,,,,,,,,,
831,1669863119.492,ad6ff2,adsb_icao,N965NN,B738,ground,0.0,202.5,2000,41.975617,-87.899951,8,186,6.574,2,9.0,1.0,3.0,perhour,2.0,,,[],[],65048906,2.7,-8.7,AAL547  ,none,A3,,,,,,,,,,
832,1669863149.492,ad6ff2,adsb_icao,N965NN,B738,ground,0.0,202.5,2000,41.975624,-87.899942,8,186,1.841,2,9.0,1.0,3.0,perhour,2.0,,,[],[],65048924,1.8,-7.2,AAL547  ,none,A3,,,,,,,,,,
833,1669863179.492,ad6ff2,adsb_icao,N965NN,B738,ground,0.0,202.5,2000,41.975613,-87.899942,8,186,1.6360000000000001,2,9.0,1.0,3.0,perhour,2.0,,,[],[],65048945,1.6,-7.0,AAL547  ,none,A3,,,,,,,,,,
834,1669863209.492,ad6ff2,adsb_icao,N965NN,B738,ground,0.0,202.5,2000,41.975613,-87.899942,8,186,1.3519999999999999,2,9.0,1.0,3.0,perhour,2.0,,,[],[],65048962,1.4,-6.2,AAL547  ,none,A3,,,,,,,,,,
835,1669863239.492,ad6ff2,adsb_icao,N965NN,B738,ground,0.0,202.5,2000,41.975613,-87.899942,8,186,1.687,2,9.0,1.0,3.0,perhour,2.0,,,[],[],65048981,1.7000000000000002,-7.4,AAL547  ,none,A3,,,,,,,,,,
836,1669863269.492,ad6ff2,adsb_icao,N965NN,B738,ground,0.0,202.5,2000,41.975613,-87.899942,8,186,1.1280000000000001,2,9.0,1.0,3.0,perhour,2.0,,,[],[],65048999,1.1,-8.8,AAL547  ,none,A3,,,,,,,,,,
837,1669863299.492,ad6ff2,adsb_icao,N965NN,B738,ground,0.0,202.5,2000,41.975617,-87.899951,8,186,1.146,2,9.0,1.0,3.0,perhour,2.0,,,[],[],65049019,1.1,-8.5,AAL547  ,none,A3,,,,,,,,,,
838,1669863329.492,ad6ff2,adsb_icao,N965NN,B738,ground,0.0,202.5,2000,41.975624,-87.899957,8,186,1.671,2,9.0,1.0,3.0,perhour,2.0,,,[],[],65049039,1.7000000000000002,-8.8,AAL547  ,none,A3,,,,,,,,,,
839,1669863359.492,ad6ff2,adsb_icao,N965NN,B738,ground,0.0,202.5,2000,41.975624,-87.899957,8,186,2.036,2,9.0,1.0,3.0,perhour,2.0,,,[],[],65049060,2.0,-8.4,AAL547  ,none,A3,,,,,,,,,,
840,1669863389.493,ad6ff2,adsb_icao,N965NN,B738,ground,0.0,202.5,2000,41.975624,-87.899957,8,186,1.992,2,9.0,1.0,3.0,perhour,2.0,,,[],[],65049081,0.0,-8.4,AAL547  ,none,A3,,,,,,,,,,
841,1669863419.492,ad6ff2,adsb_icao,N965NN,B738,ground,0.0,202.5,2000,41.975617,-87.899951,8,186,2.063,2,9.0,1.0,3.0,perhour,2.0,,,[],[],65049097,2.1,-8.7,AAL547  ,none,A3,,,,,,,,,,
842,1669863449.492,ad6ff2,adsb_icao,N965NN,B738,ground,0.0,202.5,2000,41.975613,-87.899942,8,186,0.28300000000000003,2,9.0,1.0,3.0,perhour,2.0,,,[],[],65049127,0.30000000000000004,-9.0,AAL547  ,none,A3,,,,,,,,,,
843,1669863479.492,ad6ff2,adsb_icao,N965NN,B738,ground,0.0,202.5,2000,41.975617,-87.899951,8,186,4.319,2,9.0,1.0,3.0,perhour,2.0,,,[],[],65049180,4.0,-9.0,AAL547  ,none,A3,,,,,,,,,,
844,1669863509.492,ad6ff2,adsb_icao,N965NN,B738,ground,0.0,202.5,2000,41.975617,-87.899935,8,186,3.247,2,9.0,1.0,3.0,perhour,2.0,,,[],[],65049198,3.2,-9.0,AAL547  ,none,A3,,,,,,,,,,
845,1669863539.492,ad6ff2,adsb_icao,N965NN,B738,ground,0.0,202.5,2000,41.975613,-87.899942,8,186,1.565,2,9.0,1.0,3.0,perhour,2.0,,,[],[],65049252,0.2,-9.1,AAL547  ,none,A3,,,,,,,,,,
846,1669863569.492,ad6ff2,adsb_icao,N965NN,B738,ground,0.0,202.5,2000,41.975613,-87.899942,8,186,3.451,2,9.0,1.0,3.0,perhour,2.0,,,[],[],65049278,3.5,-9.3,AAL547  ,none,A3,,,,,,,,,,
