iri,source,version,citation,classification,name,description,aliases,superclassIris,defaultIfc,defaultSymbolIdCode,isVisible
"https://foundry.ai.mil/ontology/4901-001/BasicEncyclopediaNumber",DICO,4.0.0,,UNCLASSIFIED,,,,"http://www.ontologyrepository.com/CommonCoreOntologies/CodeIdentifier",,,
"https://foundry.ai.mil/ontology/4901-001/AirTransportationInfrastructureItem",DICO,4.0.0,,UNCLASSIFIED,"Air Transportation Infrastructure Item","A Transportation Infrastructure Item infrastructure item that supports the air movement of persons or artifacts within a geopolitical entity.","Air Transportation Infrastructure Item","https://foundry.ai.mil/ontology/4901-001/TransportationInfrastructureItem",,,
"https://foundry.ai.mil/ontology/4901-001/AllegianceCode",DICO,4.0.0,,UNCLASSIFIED,"Allegiance Code","A code identifier that designates the allegiance or ownership of a entity or artifact to a specific country.","Allegiance Code","http://www.ontologyrepository.com/CommonCoreOntologies/CodeIdentifier",,,
"https://foundry.ai.mil/ontology/4901-001/AnalyticJudgment",DICO,4.0.0,,UNCLASSIFIED,"Analytic Judgment","A Descriptive Information Content Entity that expresses an assessment regarding an intelligence analysis domain that was made by an intelligence analyst.","Analytic Judgment","http://www.ontologyrepository.com/CommonCoreOntologies/DescriptiveInformationContentEntity",,,
"https://foundry.ai.mil/ontology/4901-001/AreaOfOperations",DICO,4.0.0,,UNCLASSIFIED,"Area of Operations","An operational area defined by a commander for land and maritime forces that should be large enough to accomplish their missions and protect their forces.","Area of Operations","https://foundry.ai.mil/ontology/4901-001/OperationalArea",,,
"https://foundry.ai.mil/ontology/4901-001/AreaOfResponsibility",DICO,4.0.0,,UNCLASSIFIED,"Area of Responsibility","An Operational Area within which a geographic combatant commander has authority to plan and conduct operations.","Area of Responsibility","https://foundry.ai.mil/ontology/4901-001/OperationalArea",,,
"https://foundry.ai.mil/ontology/4901-001/Building",DICO,4.0.0,,UNCLASSIFIED,"Building","A Fixed Structure that is above ground which enables an intended purpose or function in its interior.","Building","https://foundry.ai.mil/ontology/4901-001/FixedStructure",,,
"https://foundry.ai.mil/ontology/4901-001/CategoryCode",DICO,4.0.0,,UNCLASSIFIED,"Category Code","A Code Identifier that has a five digit number that represents the function of a facility identified by a Basic Encyclopedia Number.","Category Code","http://www.ontologyrepository.com/CommonCoreOntologies/CodeIdentifier",,,
"https://foundry.ai.mil/ontology/4901-001/CivilianInstallation",DICO,4.0.0,,UNCLASSIFIED,"Civilian Installation","An Installation that is primarily controlled by some civilian organization.","Civilian Installation","https://foundry.ai.mil/ontology/4901-001/Installation",,,
"https://foundry.ai.mil/ontology/4901-001/CollectionOfEquipmentItems",DICO,4.0.0,,UNCLASSIFIED,"Collection of Equipment Items","An object aggregate that consists of a collection of artifacts that are normally transportable and designed to be used in an activity by a person or organization.","Equipment Inventory","http://purl.obolibrary.org/obo/BFO_0000027",,,
"https://foundry.ai.mil/ontology/4901-001/CombinedFacility",DICO,4.0.0,,UNCLASSIFIED,"Combined Facility (Defense Intelligence)","A facility that has at least one fixed structure and at least one portion of the geosphere and the combination of the two or more parts has a defense relevant function.","Combined Facility","https://foundry.ai.mil/ontology/4901-001/Facility",,,
"https://foundry.ai.mil/ontology/4901-001/CommandAndControlGraphicSymbol",DICO,4.0.0,,UNCLASSIFIED,"Command and Control Graphic Symbol","A Graphic Symbol that is an element of a set of symbols designed to represent units, equipment, installations and other elements and activities relevant to joint military operations.","Command and Control Graphic Symbol","https://foundry.ai.mil/ontology/4901-001/GraphicSymbol",,,
"https://foundry.ai.mil/ontology/4901-001/CommunicationsInfrastructureItem",DICO,4.0.0,,UNCLASSIFIED,"Communications Infrastructure Item","An infrastructure item that supports communications within a geopolitical entity.","Communications Infrastructure Item","https://foundry.ai.mil/ontology/4901-001/InfrastructureItem",,,
"https://foundry.ai.mil/ontology/4901-001/ComputingDevice",DICO,4.0.0,,UNCLASSIFIED,"Computing Device","An Electronic Device for storing and processing data, typically in binary form, according to instructions given to it in a variable program.","Computing Device","https://foundry.ai.mil/ontology/4901-001/ElectronicDevice",,,
"https://foundry.ai.mil/ontology/4901-001/ControllingDevice",DICO,4.0.0,,UNCLASSIFIED,"Controlling Device","An electronic device that constrains the behaviors or actions of some material object.","Controlling Device","https://foundry.ai.mil/ontology/4901-001/ElectronicDevice",,,
"https://foundry.ai.mil/ontology/4901-001/CountryCode",DICO,4.0.0,,UNCLASSIFIED,"Country Code","A code identifier used internationally to refer to specific countries and their subdivisions.","Country Code","http://www.ontologyrepository.com/CommonCoreOntologies/CodeIdentifier",,,
"https://foundry.ai.mil/ontology/4901-001/CriminalOrganization",DICO,4.0.0,,UNCLASSIFIED,"Criminal Organization","An organization engaged in a continued illegal activity.","Criminal Organization","http://www.ontologyrepository.com/CommonCoreOntologies/Organization",,,
"https://foundry.ai.mil/ontology/4901-001/ElectronicDevice",DICO,4.0.0,,UNCLASSIFIED,"Electronic Device","An equipment item used for sensing, information processing and storage, information transmission, and system control.","Electronic Device","http://www.ontologyrepository.com/CommonCoreOntologies/Artifact",,,
"https://foundry.ai.mil/ontology/4901-001/EmitterLibraryNotation",DICO,4.0.0,,UNCLASSIFIED,"Emitter Library Notation","Five character code identifier assigned to each non-communication emission for collection and reporting purposes.","Emitter Library Notation","http://www.ontologyrepository.com/CommonCoreOntologies/CodeIdentifier",,,
"https://foundry.ai.mil/ontology/4901-001/EnergyInfrastructureItem",DICO,4.0.0,,UNCLASSIFIED,"Energy Infrastructure Item","An infrastructure item that supports the energy sectors activity within a geopolitical entity.","Energy Infrastructure Item","https://foundry.ai.mil/ontology/4901-001/InfrastructureItem",,,
"https://foundry.ai.mil/ontology/4901-001/EngineeredSystem",DICO,4.0.0,,UNCLASSIFIED,"Engineered System","A System organized to achieve one or more intended, stated purposes.","Engineered System","https://foundry.ai.mil/ontology/4901-001/System",,,
"https://foundry.ai.mil/ontology/4901-001/EngineeringItem",DICO,4.0.0,,UNCLASSIFIED,"Engineering Item","A material artifact primarily designed to provide and maintain the logistical support required to conduct and sustain military operations and that is not primarily a ground or other vehicle for transporting personnel and bulk supplies.","Engineering Item","http://www.ontologyrepository.com/CommonCoreOntologies/Artifact",,,
"https://foundry.ai.mil/ontology/4901-001/EquipmentItem",DICO,4.0.0,,UNCLASSIFIED,"Equipment Item","A material artifact that is normally transportable and designed to be used in an activity by a person or organization.","Equipment Item","http://www.ontologyrepository.com/CommonCoreOntologies/Artifact",,,
"https://foundry.ai.mil/ontology/4901-001/EventDescriptor",DICO,4.0.0,,UNCLASSIFIED,"Event Descriptor","A descriptive information content entity that describes an occurrence of a process or process aggregate involving some material entity occurring at some temporal region and located in some spatial region.","Event Descriptor","http://www.ontologyrepository.com/CommonCoreOntologies/DescriptiveInformationContentEntity",,,
"https://foundry.ai.mil/ontology/4901-001/ExpendableMaterielItem",DICO,4.0.0,,UNCLASSIFIED,"Expendable Materiel Item","A material artifact that is depleted once used in an operation or activity to outfit or equip an individual or organization.","Expendable Materiel Item","http://www.ontologyrepository.com/CommonCoreOntologies/Artifact",,,
"https://foundry.ai.mil/ontology/4901-001/Facility",DICO,4.0.0,,UNCLASSIFIED,"Facility (Defense Intelligence)","A material entity that is fixed in space and is the bearer of a defense related function (such as fires, protected, sustainment).","Facility","http://purl.obolibrary.org/obo/BFO_0000040",,,
"https://foundry.ai.mil/ontology/4901-001/FixedStructure",DICO,4.0.0,,UNCLASSIFIED,"Fixed Structure","A material artifact that is a structure fixed in place which enables an intended purpose or function.","Fixed Structure","http://www.ontologyrepository.com/CommonCoreOntologies/Artifact",,,
"https://foundry.ai.mil/ontology/4901-001/FixedStructureAggregate",DICO,4.0.0,,UNCLASSIFIED,"Group of Fixed Structures","An object aggregate that consists of a group of fixed structures, in close proximity, that enable an intended purpose or function.","Group of Fixed Structures","http://purl.obolibrary.org/obo/BFO_0000027",,,
"https://foundry.ai.mil/ontology/4901-001/GeographicObject",DICO,4.0.0,,UNCLASSIFIED,"Geographic Object","An object that is inanimate and naturally occurring.","Geographic Object","http://purl.obolibrary.org/obo/BFO_0000030",,,
"https://foundry.ai.mil/ontology/4901-001/GraphicSymbol",DICO,4.0.0,,UNCLASSIFIED,"Graphic Symbol","A Representational Information Content Entity that graphically portrays some type of thing or presents information.","Graphic Symbol","http://www.ontologyrepository.com/CommonCoreOntologies/RepresentationalInformationContentEntity",,,
"https://foundry.ai.mil/ontology/4901-001/InfrastructureItem",DICO,4.0.0,,UNCLASSIFIED,"Infrastructure Item","A Fixed Structure that is built or emplaced as part of the infrastructure to support civilian, government, and military activities within a geopolitical entity.","Infrastructure Item","https://foundry.ai.mil/ontology/4901-001/FixedStructure",,,
"https://foundry.ai.mil/ontology/4901-001/Installation",DICO,4.0.0,,UNCLASSIFIED,"Installation","A Geospatial Location in which is located some facility, or facilities, in close proximity for performing relevant activities according to designated functions.
","Installation","http://www.ontologyrepository.com/CommonCoreOntologies/GeospatialLocation",,,
"https://foundry.ai.mil/ontology/4901-001/IntelligenceFunctionalCode",DICO,4.0.0,,UNCLASSIFIED,"Intelligence Functional Code","A Code Identifier that serves as the primary identifier used to represent defense intelligence topics.","Intelligence Functional Code","http://www.ontologyrepository.com/CommonCoreOntologies/CodeIdentifier",,,
"https://foundry.ai.mil/ontology/4901-001/IntelligenceIssue",DICO,4.0.0,,UNCLASSIFIED,"Intelligence Issue Descriptor","A Descriptive Information Content Entity produced by intelligence analysis, that is about a vital or unsettled matter.","Intelligence Issue Descriptor","http://www.ontologyrepository.com/CommonCoreOntologies/DescriptiveInformationContentEntity",,,
"https://foundry.ai.mil/ontology/4901-001/LandTransportationInfrastructureItem",DICO,4.0.0,,UNCLASSIFIED,"Land Transportation Infrastructure Item","An Transportation infrastructure item that supports the land movement of persons or artifacts within a geopolitical entity.","Land Transportation Infrastructure Item","https://foundry.ai.mil/ontology/4901-001/TransportationInfrastructureItem",,,
"https://foundry.ai.mil/ontology/4901-001/ManufacturingInfrastructureItem",DICO,4.0.0,,UNCLASSIFIED,"Manufacturing Infrastructure Item","An infrastructure item that supports the manufacturing activity within a geopolitical entity.","Manufacturing Infrastructure Item","https://foundry.ai.mil/ontology/4901-001/InfrastructureItem",,,
"https://foundry.ai.mil/ontology/4901-001/MaritimeTransportationInfrastructureItem",DICO,4.0.0,,UNCLASSIFIED,"Maritime Transportation Infrastructure Item","A Transportation infrastructure item that supports the maritime movement of persons or artifacts within a geopolitical entity.","Maritime Transportation Infrastructure Item","https://foundry.ai.mil/ontology/4901-001/TransportationInfrastructureItem",,,
"https://foundry.ai.mil/ontology/4901-001/MilitaryForceVulnerability",DICO,4.0.0,,UNCLASSIFIED,"Military Force Vulnerability","The vulnerability of a military force to any action by any means through which its war potential or combat effectiveness may be reduced or its will to fight diminished.","Military Force Vulnerability","http://www.ontologyrepository.com/CommonCoreOntologies/Vulnerability",,,
"https://foundry.ai.mil/ontology/4901-001/MilitaryInstallation",DICO,4.0.0,,UNCLASSIFIED,"Military Installation","An installation that is primarily controlled by a military organization.","Military Installation","https://foundry.ai.mil/ontology/4901-001/Installation",,,
"https://foundry.ai.mil/ontology/4901-001/MilitaryMemberRole",DICO,4.0.0,,UNCLASSIFIED,"Military Member Role","An Organization Member Role that inheres in an Agent in virtue of responsibilities that the Agent is expected to fulfill as a member of a Military Organization.","Military Member Role","http://www.ontologyrepository.com/CommonCoreOntologies/OrganizationMemberRole",,,
"https://foundry.ai.mil/ontology/4901-001/MilitaryRegion",DICO,4.0.0,,UNCLASSIFIED,"Military Region","An operational area that is designated for military command and control purposes.","Military Region","https://foundry.ai.mil/ontology/4901-001/OperationalArea",,,
"https://foundry.ai.mil/ontology/4901-001/MilitaryUnitSymbol",DICO,4.0.0,,UNCLASSIFIED,"Military Unit Symbol","A Graphic Symbol that presents information related to a military organization.","Military Unit Symbol","https://foundry.ai.mil/ontology/4901-001/GraphicSymbol",,,
"https://foundry.ai.mil/ontology/4901-001/MultiStructureFacility",DICO,4.0.0,,UNCLASSIFIED,"Multi-Structure Facility (Defense Intelligence)","A facility that is comprised a group of fixed structures that bear a defense relevant function.","Multi-Structure Facility","https://foundry.ai.mil/ontology/4901-001/Facility;https://foundry.ai.mil/ontology/4901-001/FixedStructureAggregate",,,
"https://foundry.ai.mil/ontology/4901-001/NationalIntelligencePrioritiesFrameworkCode",DICO,4.0.0,,UNCLASSIFIED,"National Intelligence Priorities Framework Code","A Code Identifier used to communicate national intelligence priorities to guide the Intelligence Community's (IC) collection and analytic activities.","National Intelligence Priorities Framework Code","http://www.ontologyrepository.com/CommonCoreOntologies/CodeIdentifier",,,
"https://foundry.ai.mil/ontology/4901-001/OffshoreStructure",DICO,4.0.0,,UNCLASSIFIED,"Offshore Structure","A Fixed Structure that is on or below the water that enables an intended purpose or function in its interior.","Offshore Structure","https://foundry.ai.mil/ontology/4901-001/FixedStructure",,,
"https://foundry.ai.mil/ontology/4901-001/OperationPlan",DICO,4.0.0,,UNCLASSIFIED,"Operation Plan","A Directive Information Content Entity containing a complete and detailed plan containing a full description of the concept of operations, all annexes applicable to the plan, and a time-phased force and deployment list.","Operation Plan","http://www.ontologyrepository.com/CommonCoreOntologies/DirectiveInformationContentEntity",,,
"https://foundry.ai.mil/ontology/4901-001/OperationalArea",DICO,4.0.0,,UNCLASSIFIED,"Operational Area","A geospatial location that is defined by competent authority, within which is located an objective to be captured or reached by the military forces.","Operational Area","http://www.ontologyrepository.com/CommonCoreOntologies/GeospatialLocation",,,
"https://foundry.ai.mil/ontology/4901-001/OperationalReadinessRate",DICO,4.0.0,,UNCLASSIFIED,"Operational Readiness Rate","An Ratio Measurement Information Content Entity is a  percentage of systems in a given class which are capable of accomplishing a function or activity.","Operational Readiness Rate","http://www.ontologyrepository.com/CommonCoreOntologies/RatioMeasurementInformationContentEntity",,,
"https://foundry.ai.mil/ontology/4901-001/PhaseOfOperation",DICO,4.0.0,,UNCLASSIFIED,"Phase of Operation","A one-dimensional temporal region that depicts a definitive stage of an operation or campaign during which a large portion of the forces and capabilities are involved in similar or mutually supporting activities for a common purpose.","Phase of Operation","http://purl.obolibrary.org/obo/BFO_0000038",,,
"https://foundry.ai.mil/ontology/4901-001/RemoteOperator",DICO,4.0.0,,UNCLASSIFIED,"Remote Operator","An Operator Role that inheres in an Agent by virtue of that Agent's responsibility to operate some equipment item through remote control.","Remote Operator","http://www.ontologyrepository.com/CommonCoreOntologies/OperatorRole",,,
"https://foundry.ai.mil/ontology/4901-001/Revetment",DICO,4.0.0,,UNCLASSIFIED,"Revetment","A fixed structure constructed and placed to serve as a barricade to protect an object from being struck by other objects.","Revetment","https://foundry.ai.mil/ontology/4901-001/FixedStructure",,,
"https://foundry.ai.mil/ontology/4901-001/SensingDevice",DICO,4.0.0,,UNCLASSIFIED,"Sensing Device","An electronic device that measures or detects a real-world condition, such as motion, heat or light and converts the condition into an analog or digital representation.","Sensing Device","https://foundry.ai.mil/ontology/4901-001/ElectronicDevice",,,
"https://foundry.ai.mil/ontology/4901-001/SpaceInfrastructureItem",DICO,4.0.0,,UNCLASSIFIED,"Space Infrastructure Item","An infrastructure item that supports the space program activity within a geopolitical entity.","Space Infrastructure Item","https://foundry.ai.mil/ontology/4901-001/InfrastructureItem",,,
"https://foundry.ai.mil/ontology/4901-001/StructureFacility",DICO,4.0.0,,UNCLASSIFIED,"Structure Facility (Defense Intelligence)","A facility that is a single, fixed structure that is the bearer of a defense relevant function.","Structure Facility","https://foundry.ai.mil/ontology/4901-001/FixedStructure;https://foundry.ai.mil/ontology/4901-001/Facility",,,
"https://foundry.ai.mil/ontology/4901-001/SurfaceFacility",DICO,4.0.0,,UNCLASSIFIED,"Surface Facility (Defense Intelligence)","A facility that is comprised of the surface or is below the surface of a portion of the geosphere and that is the bearer of a defense relevant function.","Surface Facility","https://foundry.ai.mil/ontology/4901-001/Facility;http://www.ontologyrepository.com/CommonCoreOntologies/PortionOfLithosphere",,,
"https://foundry.ai.mil/ontology/4901-001/System",DICO,4.0.0,,UNCLASSIFIED,"System (Defense Intelligence)","A continuant which consists of a combination of interacting elements organized to achieve a purpose.","System","http://purl.obolibrary.org/obo/BFO_0000002",,,
"https://foundry.ai.mil/ontology/4901-001/SystemVulnerability",DICO,4.0.0,,UNCLASSIFIED,"System Vulnerability","Vulnerability is the characteristic of a system that causes it to suffer a definite degradation (incapability to perform the designated mission) as a result of having been subjected to a certain level of effects in an unnatural (man-made) hostile environment.","System Vulnerability","http://www.ontologyrepository.com/CommonCoreOntologies/Vulnerability",,,
"https://foundry.ai.mil/ontology/4901-001/Theater",DICO,4.0.0,,UNCLASSIFIED,"Theater (Operational Area)","An operational area is defined by the geographic combatant commander for the conduct or support of specific military operations.","Theater","https://foundry.ai.mil/ontology/4901-001/OperationalArea",,,
"https://foundry.ai.mil/ontology/4901-001/TrackDisplay",DICO,4.0.0,,UNCLASSIFIED,"Track Display","A Representational Information Content Entity that represents a series of related contacts displayed on a data display console or other  display device.","Track Display","http://www.ontologyrepository.com/CommonCoreOntologies/RepresentationalInformationContentEntity",,,
"https://foundry.ai.mil/ontology/4901-001/TransportationInfrastructureItem",DICO,4.0.0,,UNCLASSIFIED,"Transportation Infrastructure Item","An infrastructure item that supports the movement of persons or artifacts within a geopolitical entity.","Transportation Infrastructure Item","https://foundry.ai.mil/ontology/4901-001/InfrastructureItem",,,
"https://foundry.ai.mil/ontology/4901-001/UndergroundFacility",DICO,4.0.0,,UNCLASSIFIED,"Underground Facility (Defense Intelligence)","A Surface Facility that is below the surface of a portion of the geosphere and that is the bearer of a defense relevant function.","Underground Facility","https://foundry.ai.mil/ontology/4901-001/SurfaceFacility",,,
"https://foundry.ai.mil/ontology/4901-001/UnitCode",DICO,4.0.0,,UNCLASSIFIED,"Unit Code","A Code Identifier that used to designate adversary units of interest.","Unit Code","http://www.ontologyrepository.com/CommonCoreOntologies/CodeIdentifier",,,
"https://foundry.ai.mil/ontology/4901-001/ZeroDimensionalSpatiotemporalRegion",DICO,4.0.0,,UNCLASSIFIED,"Zero Dimensional Spatiotemporal Region","A spatiotemporal region that is a singular point in space-time.","Zero Dimensional Spatiotemporal Region","http://purl.obolibrary.org/obo/BFO_0000011",,,
"https://foundry.ai.mil/ontology/4901-001/Zone",DICO,4.0.0,,UNCLASSIFIED,"Zone (Operational Areas)","An operational area that refers to a defined geographic area where military forces operate or exercise control, often for security, training, or operational purposes.","Zone","https://foundry.ai.mil/ontology/4901-001/OperationalArea",,,
"https://foundry.ai.mil/ontology/4901-001/AAAFunction",FaRO,1.1.0,,UNCLASSIFIED,"Anti-Aircraft Artillery Function","A fires function that is relevant to an armed force whereby the bearer is primarily designed or engaged in an Anti-Aircraft Artillery related process or activity.","Anti-Aircraft Artillery Function","https://foundry.ai.mil/ontology/4901-001/FiresFunction",,,
"https://foundry.ai.mil/ontology/4901-001/AAARole",FaRO,1.1.0,,UNCLASSIFIED,"Anti-Aircraft Artillery Role","A fires role that is relevant to an armed force whereby the bearer is primarily designed or engaged in an Anit-Aircraft Artillery related process or activity. ","Anti-Aircraft Artillery Role","https://foundry.ai.mil/ontology/4901-001/FiresRole",,,
"https://foundry.ai.mil/ontology/4901-001/AerialReconnaissanceFunction",FaRO,1.1.0,,UNCLASSIFIED,"Aerial Reconnaissance Function","A reconnaissance function realized in an act of reconnaissance performed from or by an airborne vehicle.","Aerial Reconnaissance Function","https://foundry.ai.mil/ontology/4901-001/ReconnaissanceFunction",,,
"https://foundry.ai.mil/ontology/4901-001/AerialReconnaissanceRole",FaRO,1.1.0,,UNCLASSIFIED,"Aerial Reconnaissance Role","A reconnaissance role realized in an act of reconnaissance performed from or by an airborne vehicle.","Aerial Reconnaissance Role","https://foundry.ai.mil/ontology/4901-001/ReconnaissanceRole",,,
"https://foundry.ai.mil/ontology/4901-001/AerialSurveillanceFunction",FaRO,1.1.0,,UNCLASSIFIED,"Aerial Surveillance Function","A surveillance function realized in an act of surveilllance conducted from or by an airborne vehicle.","Aerial Surveillance Function","https://foundry.ai.mil/ontology/4901-001/SurveillanceFunction",,,
"https://foundry.ai.mil/ontology/4901-001/AerialSurveillanceRole",FaRO,1.1.0,,UNCLASSIFIED,"Aerial Surveillance Role","A surveillance role realized in an act of surveilllance conducted from or by an airborne vehicle.","Aerial Surveillance Role","https://foundry.ai.mil/ontology/4901-001/SurveillanceRole",,,
"https://foundry.ai.mil/ontology/4901-001/AirDefenseFunction",FaRO,1.1.0,,UNCLASSIFIED,"Air Defense Function","A protection function that is realized in defensive activities designed to destroy attacking enemy aircraft or missiles in the atmosphere, or to nullify or reduce the effectiveness of such attack.","Air Defense Function","https://foundry.ai.mil/ontology/4901-001/ProtectionFunction",,,
"https://foundry.ai.mil/ontology/4901-001/AirDefenseRole",FaRO,1.1.0,,UNCLASSIFIED,"Air Defense Role","A protection role that is realized in defensive activities designed to destroy attacking enemy aircraft or missiles in the atmosphere, or to nullify or reduce the effectiveness of such attack.","Air Defense Role","https://foundry.ai.mil/ontology/4901-001/ProtectionRole",,,
"https://foundry.ai.mil/ontology/4901-001/AirborneEarlyWarningFunction",FaRO,1.1.0,,UNCLASSIFIED,"Airborne Early Warning Function","An early warning function realized in activities that seek to detect enemy air or surface unit using airborne equipment.","Airborne Early Warning Function","https://foundry.ai.mil/ontology/4901-001/EarlyWarningFunction",,,
"https://foundry.ai.mil/ontology/4901-001/AirborneEarlyWarningRole",FaRO,1.1.0,,UNCLASSIFIED,"Airborne Early Warning Role","An early warning role realized in activities that seek to detect enemy air or surface unit using airborne equipment.","Airborne Early Warning Role","https://foundry.ai.mil/ontology/4901-001/EarlyWarningRole",,,
"https://foundry.ai.mil/ontology/4901-001/AmmunitionStorageFunction",FaRO,1.1.0,,UNCLASSIFIED,"Ammunition Storage Function","An ordnance storage function realized in a process or stasis in which some portion of ammunition is stored inside an artifact.","Ammunition Storage Function","https://foundry.ai.mil/ontology/4901-001/OrdnanceStorageFunction",,,
"https://foundry.ai.mil/ontology/4901-001/AmmunitionStorageRole",FaRO,1.1.0,,UNCLASSIFIED,"Ammunition Storage Role","An ordnance storage role realized in a process or stasis in which some portion of ammunition is stored inside an artifact.","Ammunition Storage Role","https://foundry.ai.mil/ontology/4901-001/OrdnanceStorageRole",,,
"https://foundry.ai.mil/ontology/4901-001/AmphibiousWarfareFunction",FaRO,1.1.0,,UNCLASSIFIED,"Amphibious Warfare Function","A maneuver function realized in a military operation in which a force is launched from the sea to conduct landing force operations within the littorals.","Amphibious Warfare Function","https://foundry.ai.mil/ontology/4901-001/ManeuverFunction",,,
"https://foundry.ai.mil/ontology/4901-001/AmphibiousWarfareRole",FaRO,1.1.0,,UNCLASSIFIED,"Amphibious Warfare Role","A maneuver role realized in a military operation in which a force is launched from the sea to conduct landing force operations within the littorals.","Amphibious Warfare Role","https://foundry.ai.mil/ontology/4901-001/ManeuverRole",,,
"https://foundry.ai.mil/ontology/4901-001/AntiArmorFunction",FaRO,1.1.0,,UNCLASSIFIED,"Anti-armor Function","A fires function realized in an act of military force directed against armored military vehicles.","Anti-armor Function","https://foundry.ai.mil/ontology/4901-001/FiresFunction",,,
"https://foundry.ai.mil/ontology/4901-001/AntiSubmarineFunction",FaRO,1.1.0,,UNCLASSIFIED,"Anti-submarine Function","A fires function realized in military operations conducted with the intention of denying an adversary the effective use of submarines.","Anti-submarine Function","https://foundry.ai.mil/ontology/4901-001/FiresFunction",,,
"https://foundry.ai.mil/ontology/4901-001/AntiSubmarineRole",FaRO,1.1.0,,UNCLASSIFIED,"Anti-submarine Role","A fires role realized in military operations conducted with the intention of denying an adversary the effective use of submarines.","Anti-submarine Role","https://foundry.ai.mil/ontology/4901-001/FiresRole",,,
"https://foundry.ai.mil/ontology/4901-001/AntiSurfaceFunction",FaRO,1.1.0,,UNCLASSIFIED,"Anti-surface Function","A fires function realized in an act of military force directed against surface combatant watercraft.","Anti-surface Function","https://foundry.ai.mil/ontology/4901-001/FiresFunction",,,
"https://foundry.ai.mil/ontology/4901-001/AntiSurfaceRole",FaRO,1.1.0,,UNCLASSIFIED,"Anti-surface Role","A fires role realized in an act of military force directed against surface combatant watercraft.","Anti-surface Role","https://foundry.ai.mil/ontology/4901-001/FiresRole",,,
"https://foundry.ai.mil/ontology/4901-001/ArmoredFunction",FaRO,1.1.0,,UNCLASSIFIED,"Armored Function","A fires function that is relevant to an armed force whereby the bearer is primarily designed or engaged in an Armored related process or activity.","Armored Function","https://foundry.ai.mil/ontology/4901-001/FiresFunction",,,
"https://foundry.ai.mil/ontology/4901-001/ArmoredInfantryFunction",FaRO,1.1.0,,UNCLASSIFIED,"Armored Infantry Function","A fires function that is relevant to an armed force whereby the bearer is primarily designed or engaged in an Armored Infantry related process or activity.","Armored Infantry Function","https://foundry.ai.mil/ontology/4901-001/FiresFunction",,,
"https://foundry.ai.mil/ontology/4901-001/ArmoredInfantryRole",FaRO,1.1.0,,UNCLASSIFIED,"Armored Infantry Role","A fires role that is relevant to an armed force whereby the bearer is primarily designed or engaged in an Armored Infantry related process or activity. ","Armored Infantry Role","https://foundry.ai.mil/ontology/4901-001/FiresRole",,,
"https://foundry.ai.mil/ontology/4901-001/ArmoredRole",FaRO,1.1.0,,UNCLASSIFIED,"Armored Role","A fires role that is relevant to an armed force whereby the bearer is primarily designed or engaged in an Armored related process or activity. ","Armored Role","https://foundry.ai.mil/ontology/4901-001/FiresRole",,,
"https://foundry.ai.mil/ontology/4901-001/ArtilleryFunction",FaRO,1.1.0,,UNCLASSIFIED,"Artillery Function","A fires function that is relevant to an armed force whereby the bearer is primarily designed or engaged in an artillery related process or activity.","Artillery Function","https://foundry.ai.mil/ontology/4901-001/FiresFunction",,,
"https://foundry.ai.mil/ontology/4901-001/ArtilleryRole",FaRO,1.1.0,,UNCLASSIFIED,"Artillery Role","A fires role that is relevant to an armed force whereby the bearer is primarily designed or engaged in an Artillery related process or activity. ","Artillery Role","https://foundry.ai.mil/ontology/4901-001/FiresRole",,,
"https://foundry.ai.mil/ontology/4901-001/AviationFunction",FaRO,1.1.0,,UNCLASSIFIED,"Aviation Function","A Maneuver Function  which involves the flying or operating of an aircraft.","Aviation Function","https://foundry.ai.mil/ontology/4901-001/ManeuverFunction",,,
"https://foundry.ai.mil/ontology/4901-001/BomberFunction",FaRO,1.1.0,,UNCLASSIFIED,"Bomber Function","A fires function of an aircraft whereby the bearer is primarily designed to deliver air to ground munitions.","Bomber Function","https://foundry.ai.mil/ontology/4901-001/FiresFunction",,,
"https://foundry.ai.mil/ontology/4901-001/BomberRole",FaRO,1.1.0,,UNCLASSIFIED,"Bomber Role","A fires role of an aircraft whereby the bearer can participate, or is participating in, delivery of air to ground munitions.","Bomber Role","https://foundry.ai.mil/ontology/4901-001/FiresRole",,,
"https://foundry.ai.mil/ontology/4901-001/CargoTransportFunction",FaRO,1.1.0,,UNCLASSIFIED,"Cargo Transport Function","A Transportation Function which involves the transport of cargo.","Cargo Transport Function","https://foundry.ai.mil/ontology/4901-001/TransportationFunction",,,
"https://foundry.ai.mil/ontology/4901-001/CargoTransportRole",FaRO,1.1.0,,UNCLASSIFIED,"Cargo Transport Role","A Transportation Role that is relevant to an armed force whereby the bearer is primarily designed or engaged in a Cargo Transport related process or activity.","Cargo Transport Role","https://foundry.ai.mil/ontology/4901-001/TransportationRole",,,
"https://foundry.ai.mil/ontology/4901-001/ChemicalBiologicalRadiologicalDefenseFunction",FaRO,1.1.0,,UNCLASSIFIED,"Chemical Biological Radiological Defense Function","A protection function realized in acts undertaken to minimize or negate the vulnerabilities to, and/or effects of, a chemical, biological, or radiological hazard or incident.","Chemical Biological Radiological Defense Function","https://foundry.ai.mil/ontology/4901-001/ProtectionFunction, https://foundry.ai.mil/ontology/4901-001/ChemicalBiologicalRadiologicalWarfareFunction ",,,
"https://foundry.ai.mil/ontology/4901-001/ChemicalBiologicalRadiologicalDefenseRole",FaRO,1.1.0,,UNCLASSIFIED,"Chemical Biological Radiological Defense Role","A Chemical Biological Radiological Warfare Role realized in acts undertaken to minimize or negate the vulnerabilities to, and/or effects of, a chemical, biological, or radiological hazard or incident.","Chemical Biological Radiological Defense Role","https://foundry.ai.mil/ontology/4901-001/ChemicalBiologicalRadiologicalWarfareRole",,,
"https://foundry.ai.mil/ontology/4901-001/ChemicalBiologicalRadiologicalWarfareFunction",FaRO,1.1.0,,UNCLASSIFIED,"Chemical Biological Radiological Warfare Function","A defense related function that is realized in act of developing, using, or defending against/mitigating chemical, biological, or radiological agents or threats.","Chemical Biological Radiological Warfare Function","https://foundry.ai.mil/ontology/4901-001/DefenseRelatedFunction",,,
"https://foundry.ai.mil/ontology/4901-001/ChemicalBiologicalRadiologicalWarfareRole",FaRO,1.1.0,,UNCLASSIFIED,"Chemical Biological Radiological Warfare Role","A defense related role that is realized in act of developing, using, or defending against/mitigating chemical, biological, or radiological agents or threats.","Chemical Biological Radiological Warfare Role","https://foundry.ai.mil/ontology/4901-001/DefenseRelatedRole",,,
"https://foundry.ai.mil/ontology/4901-001/CivilDefenseFunction",FaRO,1.1.0,,UNCLASSIFIED,"Civil Defense Function","A protection function realized in activities that seek to protect non-combatant citizens of a state from the effects of war.","Civil Defense Function","https://foundry.ai.mil/ontology/4901-001/ProtectionFunction",,,
"https://foundry.ai.mil/ontology/4901-001/CivilDefenseRole",FaRO,1.1.0,,UNCLASSIFIED,"Civil Defense Role","A protection role realized in activities that seek to protect non-combatant citizens of a state from the effects of war.","Civil Defense Role","https://foundry.ai.mil/ontology/4901-001/ProtectionRole",,,
"https://foundry.ai.mil/ontology/4901-001/CoastalDefenseFunction",FaRO,1.1.0,,UNCLASSIFIED,"Coastal Defense Function","A protection function realized in activities undertaken to provide protection against military attack at or near a shoreline.","Coastal Defense Function","https://foundry.ai.mil/ontology/4901-001/ProtectionFunction",,,
"https://foundry.ai.mil/ontology/4901-001/CoastalDefenseRole",FaRO,1.1.0,,UNCLASSIFIED,"Coastal Defense Role","A protection role realized in activities undertaken to provide protection against military attack at or near a shoreline.","Coastal Defense Role","https://foundry.ai.mil/ontology/4901-001/ProtectionRole",,,
"https://foundry.ai.mil/ontology/4901-001/CombatEngineerFunction",FaRO,1.1.0,,UNCLASSIFIED,"Combat Engineer Function","A fires function that is relevant to an armed force whereby the bearer is primarily designed or engaged in a Combat Engineer related process or activity. ","Combat Engineer Function","https://foundry.ai.mil/ontology/4901-001/FiresFunction",,,
"https://foundry.ai.mil/ontology/4901-001/CombatEngineerRole",FaRO,1.1.0,,UNCLASSIFIED,"Combat Engineer Role","A fires role that is relevant to an armed force whereby the bearer is primarily designed or engaged in an Combat Engineer related process or activity.","Combat Engineer Role","https://foundry.ai.mil/ontology/4901-001/FiresRole",,,
"https://foundry.ai.mil/ontology/4901-001/CommandFunction",FaRO,1.1.0,,UNCLASSIFIED,"Command Function","A defense related function whereby the bearer exercises lawfully granted authority, by virtue of rank or assignment over subordinates in the armed forces, for the purpose of bringing about a particular action.","Command Function","https://foundry.ai.mil/ontology/4901-001/DefenseRelatedFunction",,,
"https://foundry.ai.mil/ontology/4901-001/CommandRole",FaRO,1.1.0,,UNCLASSIFIED,"Command Role","A defense related role whereby the bearer exercises lawfully granted authority, by virtue of rank or assignment over subordinates in the armed forces, for the purpose of bringing about a particular action.","Command Role","https://foundry.ai.mil/ontology/4901-001/DefenseRelatedRole",,,
"https://foundry.ai.mil/ontology/4901-001/CommunicationsFunction",FaRO,1.1.0,,UNCLASSIFIED,"Communications Function","A control function that is relevant to an armed force whereby the bearer is primarily designed or engaged in a Communications related process or activity.","Communications Function","https://foundry.ai.mil/ontology/4901-001/ControlFunction",,,
"https://foundry.ai.mil/ontology/4901-001/CommunicationsIntelligenceFunction",FaRO,1.1.0,,UNCLASSIFIED,"Communications Intelligence Function","A signals intelligence function realized in the collection or processing of communications intelligence.","Communications Intelligence Function","https://foundry.ai.mil/ontology/4901-001/SignalsIntelligenceFunction",,,
"https://foundry.ai.mil/ontology/4901-001/CommunicationsIntelligenceRole",FaRO,1.1.0,,UNCLASSIFIED,"Communications Intelligence Role","A signals intelligence role realized in the collection or processing of communications intelligence.","Communications Intelligence Role","https://foundry.ai.mil/ontology/4901-001/SignalsIntelligenceRole",,,
"https://foundry.ai.mil/ontology/4901-001/CommunicationsRole",FaRO,1.1.0,,UNCLASSIFIED,"Communications Role","A control role that is relevant to an armed force whereby the bearer is primarily designed or engaged in a Communications related process or activity.","Communications Role","https://foundry.ai.mil/ontology/4901-001/ControlRole",,,
"https://foundry.ai.mil/ontology/4901-001/ConstructionFunction",FaRO,1.1.0,,UNCLASSIFIED,"Construction Function","A defense-related function realized in an act of construction.","Construction Function","http://purl.obolibrary.org/obo/BFO_0000034",,,
"https://foundry.ai.mil/ontology/4901-001/ConstructionRole",FaRO,1.1.0,,UNCLASSIFIED,"Construction Role","A defense-related role realized in an act of construction.","Construction Role","http://purl.obolibrary.org/obo/BFO_0000023",,,
"https://foundry.ai.mil/ontology/4901-001/ControlFunction",FaRO,1.1.0,,UNCLASSIFIED,"Control Function","A defense related function whereby the bearer manages and directs forces and functions, consistent with a commander's command authority, in the accomplishment of the mission.","Control Function","https://foundry.ai.mil/ontology/4901-001/DefenseRelatedFunction",,,
"https://foundry.ai.mil/ontology/4901-001/ControlRole",FaRO,1.1.0,,UNCLASSIFIED,"Control Role","A defense related role whereby the bearer manages and directs forces and functions, consistent with a commander's command authority, in the accomplishment of the mission.","Control Role","https://foundry.ai.mil/ontology/4901-001/DefenseRelatedRole",,,
"https://foundry.ai.mil/ontology/4901-001/DefenseIntelligenceRelevantFunction",FaRO,1.1.0,,UNCLASSIFIED,"Defense Intelligence Relevant Runction",,"Defense Intelligence Relevant Runction","http://purl.obolibrary.org/obo/BFO_0000034",,,
"https://foundry.ai.mil/ontology/4901-001/DefenseRelatedFunction",FaRO,1.1.0,,UNCLASSIFIED,"Defense Related Function","A function that is relevant to the Department of Defense and codified in Joint Doctrine, as a Category Code, or other authoritative DoD source.","Defense-Related Function","http://purl.obolibrary.org/obo/BFO_0000034",,,
"https://foundry.ai.mil/ontology/4901-001/DefenseRelatedRole",FaRO,1.1.0,,UNCLASSIFIED,"Defense Related Role","A role that is relevant to the Department of Defense and codified in Joint Doctrine, as a Category Code, or other authoritative DoD source.","Defense-Related Role","http://purl.obolibrary.org/obo/BFO_0000023",,,
"https://foundry.ai.mil/ontology/4901-001/EarlyWarningFunction",FaRO,1.1.0,,UNCLASSIFIED,"Early Warning Function","A protection function realized in activities that seek to provide early notification of the launch or approach of unknown weapons or weapons carriers.","Early Warning Function","https://foundry.ai.mil/ontology/4901-001/ProtectionFunction",,,
"https://foundry.ai.mil/ontology/4901-001/EarlyWarningRole",FaRO,1.1.0,,UNCLASSIFIED,"Early Warning Role","A protection role realized in activities that seek to provide early notification of the launch or approach of unknown weapons or weapons carriers.","Early Warning Role","https://foundry.ai.mil/ontology/4901-001/ProtectionRole",,,
"https://foundry.ai.mil/ontology/4901-001/ElectronicAttackFunction",FaRO,1.1.0,,UNCLASSIFIED,"Electronic Attack Function","A fires function realized in an electronic attack.","Electronic Attack Function","https://foundry.ai.mil/ontology/4901-001/ElectronicWarfareFunction, https://foundry.ai.mil/ontology/4901-001/FiresFunction ",,,
"https://foundry.ai.mil/ontology/4901-001/ElectronicAttackRole",FaRO,1.1.0,,UNCLASSIFIED,"Electronic Attack Role","An electronic warfare role realized in an electronic attack.","Electronic Attack Role","https://foundry.ai.mil/ontology/4901-001/ElectronicWarfareRole",,,
"https://foundry.ai.mil/ontology/4901-001/ElectronicIntelligenceFunction",FaRO,1.1.0,,UNCLASSIFIED,"Electronic Intelligence Function","A signals intelligence function realized in the collection or processing of electronic  intelligence.","Electronic Intelligence Function","https://foundry.ai.mil/ontology/4901-001/SignalsIntelligenceFunction",,,
"https://foundry.ai.mil/ontology/4901-001/ElectronicIntelligenceRole",FaRO,1.1.0,,UNCLASSIFIED,"Electronic Intelligence Role","A signals intelligence role realized in the collection or processing of electronic  intelligence.","Electronic Intelligence Role","https://foundry.ai.mil/ontology/4901-001/SignalsIntelligenceRole",,,
"https://foundry.ai.mil/ontology/4901-001/ElectronicWarfareFunction",FaRO,1.1.0,,UNCLASSIFIED,"Electronic Warfare Function","A defense related function realized in military acts in which electromagnetic or directed energy is used to control the electromagnetic spectrum or attack an adversary.","Electronic Warfare Function","https://foundry.ai.mil/ontology/4901-001/DefenseRelatedFunction",,,
"https://foundry.ai.mil/ontology/4901-001/ElectronicWarfareRole",FaRO,1.1.0,,UNCLASSIFIED,"Electronic Warfare Role","A defense related role realized in military acts in which electromagnetic or directed energy is used to control the electromagnetic spectrum or attack an adversary.","Electronic Warfare Role","https://foundry.ai.mil/ontology/4901-001/DefenseRelatedRole",,,
"https://foundry.ai.mil/ontology/4901-001/FighterFunction",FaRO,1.1.0,,UNCLASSIFIED,"Fighter Function","A fires function of an aircraft whereby the bearer is primarily designed for air to air combat.","Fighter Function","https://foundry.ai.mil/ontology/4901-001/FiresFunction",,,
"https://foundry.ai.mil/ontology/4901-001/FiresFunction",FaRO,1.1.0,,UNCLASSIFIED,"Fires Function","A defense related function whereby the bearer uses available weapons and other systems to create a specific effect on a target.","Fires Function","https://foundry.ai.mil/ontology/4901-001/DefenseRelatedFunction",,,
"https://foundry.ai.mil/ontology/4901-001/FiresRole",FaRO,1.1.0,,UNCLASSIFIED,"Fires Role","A defense related role that inheres in a Military Organization by virtue of the use available weapons and other systems to create a specific effect on a Material Object or Object Aggregate that is in a Target Role. .","Fires Role","https://foundry.ai.mil/ontology/4901-001/DefenseRelatedRole",,,
"https://foundry.ai.mil/ontology/4901-001/ForeignInstrumentationSignalIntelligenceFunction",FaRO,1.1.0,,UNCLASSIFIED,"Foreign Instrumentation Signals Intelligence Function","A signals intelligence function realized in the collection or processing of foreign electromagnetic emissions associated with the testing and operational deployment of non-US aerospace, surface, and subsurface systems.","Foreign Instrumentation Signals Intelligence","https://foundry.ai.mil/ontology/4901-001/SignalsIntelligenceFunction",,,
"https://foundry.ai.mil/ontology/4901-001/ForeignInstrumentationSignalIntelligenceRole",FaRO,1.1.0,,UNCLASSIFIED,"Foreign Instrumentation Signals Intelligence Role","A signals intelligence role realized in the collection or processing of foreign electromagnetic emissions associated with the testing and operational deployment of non-US aerospace, surface, and subsurface systems.","Foreign Instrumentation Signals Intelligence","https://foundry.ai.mil/ontology/4901-001/SignalsIntelligenceRole",,,
"https://foundry.ai.mil/ontology/4901-001/GroundAttackFunction",FaRO,1.1.0,,UNCLASSIFIED,"Ground Attack Function","A fires function realized in events in which military aircraft carry out precision airstrikes against ground targets.","Ground Attack Function","https://foundry.ai.mil/ontology/4901-001/FiresFunction",,,
"https://foundry.ai.mil/ontology/4901-001/GroundAttackRole",FaRO,1.1.0,,UNCLASSIFIED,"Ground Attack Role","A fires role realized in events in which military aircraft carry out precision airstrikes against ground targets.","Ground Attack Role","https://foundry.ai.mil/ontology/4901-001/FiresRole",,,
"https://foundry.ai.mil/ontology/4901-001/HeadquartersFunction",FaRO,1.1.0,,UNCLASSIFIED,"Headquarters Function","A command function that is relevant to an armed force whereby the bearer is primarily designed or engaged in a Headquarters related process or activity.","Headquarters Function","https://foundry.ai.mil/ontology/4901-001/CommandFunction",,,
"https://foundry.ai.mil/ontology/4901-001/HeadquartersRole",FaRO,1.1.0,,UNCLASSIFIED,"Headquarters Role","A command role that is relevant to an armed force whereby the bearer is primarily designed or engaged in a Headquarters related process or activity. ","Headquarters Role","https://foundry.ai.mil/ontology/4901-001/CommandRole",,,
"https://foundry.ai.mil/ontology/4901-001/HospitalFunction",FaRO,1.1.0,,UNCLASSIFIED,"Hospital Function","A Medical Service Function realized in ...","Hospital Function","https://foundry.ai.mil/ontology/4901-001/MedicalServiceFunction",,,
"https://foundry.ai.mil/ontology/4901-001/HospitalRole",FaRO,1.1.0,,UNCLASSIFIED,"Hospital Role","A Medical Service Role realized in ...","Hospital Role","https://foundry.ai.mil/ontology/4901-001/MedicalServiceRole",,,
"https://foundry.ai.mil/ontology/4901-001/InfantryFunction",FaRO,1.1.0,,UNCLASSIFIED,"Infantry Function","A fires function that is relevant to an armed force whereby the bearer is primarily designed or engaged in an Infantry related process or activity.","Infantry Function","https://foundry.ai.mil/ontology/4901-001/FiresFunction",,,
"https://foundry.ai.mil/ontology/4901-001/InformationFunction",FaRO,1.1.0,,UNCLASSIFIED,"Information Function","A defense related function whereby the bearer manages, applies, and integrates information with other joint functions to change or maintain perceptions, attitudes, and other elements that drive desired behaviors and to support human and automated decision making.","Information Function","https://foundry.ai.mil/ontology/4901-001/DefenseRelatedFunction",,,
"https://foundry.ai.mil/ontology/4901-001/InformationRole",FaRO,1.1.0,,UNCLASSIFIED,"Information Role","A defense related role whereby the bearer manages, applies, and integrates information with other roles to change or maintain perceptions, attitudes, and other elements that drive desired behaviors and to support human and automated decision making.","Information Role","https://foundry.ai.mil/ontology/4901-001/DefenseRelatedRole",,,
"https://foundry.ai.mil/ontology/4901-001/IntelligenceFunction",FaRO,1.1.0,,UNCLASSIFIED,"Intelligence Function","A defense related function whereby the bearer collects, processes, integrates, evaluates, analyzes, and interprets available information concerning foreign nations, hostile or potentially hostile forces or elements, or areas of actual or potential operations.","Intelligence Function","https://foundry.ai.mil/ontology/4901-001/DefenseRelatedFunction",,,
"https://foundry.ai.mil/ontology/4901-001/IntelligenceRole",FaRO,1.1.0,,UNCLASSIFIED,"Intelligence Role","A defense related role whereby the bearer collects, processes, integrates, evaluates, analyzes, and interprets available information concerning foreign nations, hostile or potentially hostile forces or elements, or areas of actual or potential operations.","Intelligence Role","https://foundry.ai.mil/ontology/4901-001/DefenseRelatedRole",,,
"https://foundry.ai.mil/ontology/4901-001/InternalSecurityFunction",FaRO,1.1.0,,UNCLASSIFIED,"Internal Security Function","A protection function realized in activities intended to preserve or increase the degree of law and order prevailing within a nation.","Internal Security Function","https://foundry.ai.mil/ontology/4901-001/ProtectionFunction",,,
"https://foundry.ai.mil/ontology/4901-001/InternalSecurityRole",FaRO,1.1.0,,UNCLASSIFIED,"Internal Security Role","A protection role realized in activities intended to preserve or increase the degree of law and order prevailing within a nation.","Internal Security Role","https://foundry.ai.mil/ontology/4901-001/ProtectionRole",,,
"https://foundry.ai.mil/ontology/4901-001/MaintenanceFunction",FaRO,1.1.0,,UNCLASSIFIED,"Maintenance Function","A sustainment function realized in an act of maintenance.","Maintenance Function","http://purl.obolibrary.org/obo/BFO_0000034",,,
"https://foundry.ai.mil/ontology/4901-001/MaintenanceRole",FaRO,1.1.0,,UNCLASSIFIED,"Maintenance Role","A sustainment role realized in an act of maintenance.","Maintenance Role","http://purl.obolibrary.org/obo/BFO_0000023",,,
"https://foundry.ai.mil/ontology/4901-001/ManeuverFunction",FaRO,1.1.0,,UNCLASSIFIED,"Maneuver Function","A defense related function whereby the bearer employs forces in combination with fires and information to gain a position of advantage in respect to the enemy or moves or deploys forces into an operating area.","Maneuver Function","https://foundry.ai.mil/ontology/4901-001/DefenseRelatedFunction",,,
"https://foundry.ai.mil/ontology/4901-001/ManeuverRole",FaRO,1.1.0,,UNCLASSIFIED,"Maneuver Role","A defense related role whereby the bearer employs forces in combination with fires and information to gain a position of advantage in respect to the enemy or moves or deploys forces into an operating area.","Maneuver Role","https://foundry.ai.mil/ontology/4901-001/DefenseRelatedRole",,,
"https://foundry.ai.mil/ontology/4901-001/MaritimeReconnaissanceFunction",FaRO,1.1.0,,UNCLASSIFIED,"Maritime Reconnaissance Function","A reconnaissance function realized in an act of reconnaissance aimed at obtaining information about seaborne targets.","Maritime Reconnaissance Function","https://foundry.ai.mil/ontology/4901-001/ReconnaissanceFunction",,,
"https://foundry.ai.mil/ontology/4901-001/MaritimeReconnaissanceRole",FaRO,1.1.0,,UNCLASSIFIED,"Maritime Reconnaissance Role","A reconnaissance role realized in an act of reconnaissance aimed at obtaining information about seaborne targets.","Maritime Reconnaissance Role","https://foundry.ai.mil/ontology/4901-001/ReconnaissanceRole",,,
"https://foundry.ai.mil/ontology/4901-001/MaterialStorageFunction",FaRO,1.1.0,,UNCLASSIFIED,"Material Storage Function","A defense-related function realized in a process or stasis in which some portion of material is stored inside some artifact.","Material Storage Function","http://purl.obolibrary.org/obo/BFO_0000034",,,
"https://foundry.ai.mil/ontology/4901-001/MaterialStorageRole",FaRO,1.1.0,,UNCLASSIFIED,"Material Storage Role","A defense-related role realized in a process or stasis in which some portion of material is stored inside some artifact.","Material Storage Role","http://purl.obolibrary.org/obo/BFO_0000023",,,
"https://foundry.ai.mil/ontology/4901-001/MaterialSupplyFunction",FaRO,1.1.0,,UNCLASSIFIED,"Material Supply Function","A sustainment function realized in acts that involve the procurement, distribution, maintenance while in storage, and salvage of items for armed forces.","Material Supply Function","http://purl.obolibrary.org/obo/BFO_0000034",,,
"https://foundry.ai.mil/ontology/4901-001/MaterialSupplyRole",FaRO,1.1.0,,UNCLASSIFIED,"Material Supply Role","A sustainment role realized in acts that involve the procurement, distribution, maintenance while in storage, and salvage of items for armed forces.","Material Supply Role","http://purl.obolibrary.org/obo/BFO_0000023",,,
"https://foundry.ai.mil/ontology/4901-001/MedicalEvacuationFunction",FaRO,1.1.0,,UNCLASSIFIED,"Medical Evacuation Function","A Medical Service Function realized in an act of medical evacuation.","Medical Evacuation Function","https://foundry.ai.mil/ontology/4901-001/MedicalServiceFunction",,,
"https://foundry.ai.mil/ontology/4901-001/MedicalEvacuationRole",FaRO,1.1.0,,UNCLASSIFIED,"Medical Evacuation Role","A Medical Service Role realized in an act of medical evacuation.","Medical Evacuation Role","https://foundry.ai.mil/ontology/4901-001/MedicalServiceRole",,,
"https://foundry.ai.mil/ontology/4901-001/MedicalServiceFunction",FaRO,1.1.0,,UNCLASSIFIED,"Medical Service Function","A sustainment function realized in an act of or supporting the diagnosis or treatment of illness or injury.","Medical Service Function","http://purl.obolibrary.org/obo/BFO_0000034",,,
"https://foundry.ai.mil/ontology/4901-001/MedicalServiceRole",FaRO,1.1.0,,UNCLASSIFIED,"Medical Service Role","A sustainment role realized in an act of or supporting the diagnosis or treatment of illness or injury.","Medical Service Role","http://purl.obolibrary.org/obo/BFO_0000023",,,
"https://foundry.ai.mil/ontology/4901-001/MilitaryAirliftFunction",FaRO,1.1.0,,UNCLASSIFIED,"Military Airlift Function","A transportation function realized in an air movement in which personnel and/or material are transported and delivered in support of strategic, operational, and/or tactical objectives.","Military Airlift Function","https://foundry.ai.mil/ontology/4901-001/TransportationFunction, https://foundry.ai.mil/ontology/4901-001/DefenseRelatedFunction ",,,
"https://foundry.ai.mil/ontology/4901-001/MilitaryAirliftRole",FaRO,1.1.0,,UNCLASSIFIED,"Military Airlift Role","A transportation role realized in an air movement in which personnel and/or material are transported and delivered in support of strategic, operational, and/or tactical objectives.","Military Airlift Role","https://foundry.ai.mil/ontology/4901-001/TransportationRole",,,
"https://foundry.ai.mil/ontology/4901-001/MilitaryOperationRelatedFunction",FaRO,1.1.0,,UNCLASSIFIED,"Military Operation Related Function",,"Military Operation Related Function","https://foundry.ai.mil/ontology/4901-001/DefenseIntelligenceRelevantFunction",,,
"https://foundry.ai.mil/ontology/4901-001/MissileLaunchFunction",FaRO,1.1.0,,UNCLASSIFIED,"Missile Launch Function","A fires function realized in a missile launch event.","Missile Launch Function","https://foundry.ai.mil/ontology/4901-001/FiresFunction",,,
"https://foundry.ai.mil/ontology/4901-001/MissileLaunchRole",FaRO,1.1.0,,UNCLASSIFIED,"Missile Launch Role","A fires role realized in a missile launch event.","Missile Launch Role","https://foundry.ai.mil/ontology/4901-001/FiresRole",,,
"https://foundry.ai.mil/ontology/4901-001/MissileMaintenanceFunction",FaRO,1.1.0,,UNCLASSIFIED,"Missile Maintenance Function","An ordnance maintenance function realized in an act of maintenance performed upon a precision-guided missile.","Missile Maintenance Function","https://foundry.ai.mil/ontology/4901-001/OrdnanceMaintenanceFunction",,,
"https://foundry.ai.mil/ontology/4901-001/MissileMaintenanceRole",FaRO,1.1.0,,UNCLASSIFIED,"Missile Maintenance Role","An ordnance maintenance role realized in an act of maintenance performed upon a precision-guided missile.","Missile Maintenance Role","https://foundry.ai.mil/ontology/4901-001/OrdnanceMaintenanceRole",,,
"https://foundry.ai.mil/ontology/4901-001/MovementFunction",FaRO,1.1.0,,UNCLASSIFIED,"Movement Function","A defense related function whereby the bearer moves or deploys forces into an operating area. ","Movement Function","https://foundry.ai.mil/ontology/4901-001/DefenseRelatedFunction",,,
"https://foundry.ai.mil/ontology/4901-001/MovementRole",FaRO,1.1.0,,UNCLASSIFIED,"Movement Role","A defense related role whereby the bearer moves or deploys forces into an operating area. ","Movement Role","https://foundry.ai.mil/ontology/4901-001/DefenseRelatedRole",,,
"https://foundry.ai.mil/ontology/4901-001/OrdnanceMaintenanceFunction",FaRO,1.1.0,,UNCLASSIFIED,"Ordnance Maintenance Function","A maintenance function realized in an act of maintenance performed upon a weapon or portion of ammunition.","Ordnance Maintance Function","https://foundry.ai.mil/ontology/4901-001/MaintenanceFunction, https://foundry.ai.mil/ontology/4901-001/SustainmentFunction ",,,
"https://foundry.ai.mil/ontology/4901-001/OrdnanceMaintenanceRole",FaRO,1.1.0,,UNCLASSIFIED,"Ordnance Maintenance Role","A maintenance role realized in an act of maintenance performed upon a weapon or portion of ammunition.","Ordnance Maintance Role","https://foundry.ai.mil/ontology/4901-001/MaintenanceRole",,,
"https://foundry.ai.mil/ontology/4901-001/OrdnanceStorageFunction",FaRO,1.1.0,,UNCLASSIFIED,"Ordnance Storage Function","A material storage function realized in a process or stasis in which some portion of ordnance is stored inside an artifact.","Ordnance Storage Function","https://foundry.ai.mil/ontology/4901-001/SustainmentFunction, https://foundry.ai.mil/ontology/4901-001/MaterialStorageFunction ",,,
"https://foundry.ai.mil/ontology/4901-001/OrdnanceStorageRole",FaRO,1.1.0,,UNCLASSIFIED,"Ordnance Storage Role","A material storage role realized in a process or stasis in which some portion of ordnance is stored inside an artifact.","Ordnance Storage Role","https://foundry.ai.mil/ontology/4901-001/MaterialStorageRole",,,
"https://foundry.ai.mil/ontology/4901-001/OrdnanceSupplyFunction",FaRO,1.1.0,,UNCLASSIFIED,"Ordnance Supply Function","A material supply function realized in acts that involve the procurement, distribution, maintanace while in storage, and salvage of weapons or ammunition.","Ordnance Supply Function","https://foundry.ai.mil/ontology/4901-001/MaterialSupplyFunction, https://foundry.ai.mil/ontology/4901-001/DefenseRelatedFunction ",,,
"https://foundry.ai.mil/ontology/4901-001/OrdnanceSupplyRole",FaRO,1.1.0,,UNCLASSIFIED,"Ordnance Supply Role","A material supply role realized in acts that involve the procurement, distribution, maintanace while in storage, and salvage of weapons or ammunition.","Ordnance Supply Role","https://foundry.ai.mil/ontology/4901-001/MaterialSupplyRole",,,
"https://foundry.ai.mil/ontology/4901-001/PetroleumOilsLubricantsStorageFunction",FaRO,1.1.0,,UNCLASSIFIED,"Petroleum Oils Lubricants Storage Function","A material storage function realized in a process or stasis in which some petroleum product or portion of petroleum is stored inside an artifact.","Petroleum Oils Lubricants Storage Function","https://foundry.ai.mil/ontology/4901-001/MaterialStorageFunction",,,
"https://foundry.ai.mil/ontology/4901-001/PetroleumOilsLubricantsStorageRole",FaRO,1.1.0,,UNCLASSIFIED,"Petroleum Oils Lubricants Storage Role","A material storage role realized in a process or stasis in which some petroleum product or portion of petroleum is stored inside an artifact.","Petroleum Oils Lubricants Storage Role","https://foundry.ai.mil/ontology/4901-001/MaterialStorageRole",,,
"https://foundry.ai.mil/ontology/4901-001/PetroleumOilsLubricantsSupplyFunction",FaRO,1.1.0,,UNCLASSIFIED,"Petroleum Oils Lubricants Supply Function","A material supply function realized in acts that involve the procurement, distribution, maintanace while in storage, and salvage of petroeum or petroleum products used by armed forces.","Petroleum Oils Lubricants Supply Function","https://foundry.ai.mil/ontology/4901-001/MaterialSupplyFunction",,,
"https://foundry.ai.mil/ontology/4901-001/PetroleumOilsLubricantsSupplyRole",FaRO,1.1.0,,UNCLASSIFIED,"Petroleum Oils Lubricants Supply Role","A material supply role realized in acts that involve the procurement, distribution, maintanace while in storage, and salvage of petroeum or petroleum products used by armed forces.","Petroleum Oils Lubricants Supply Role","https://foundry.ai.mil/ontology/4901-001/MaterialSupplyRole",,,
"https://foundry.ai.mil/ontology/4901-001/PetroleumOilsLubricantsTransportationFunction",FaRO,1.1.0,,UNCLASSIFIED,"Petroleum Oils Lubricants Transportation Function","A cargo transport function realized in an act of cargo transportation in which the cargo is a portion of petroleum or some petroleum product.","Petroleum Oils Lubricants Transportation Function","https://foundry.ai.mil/ontology/4901-001/CargoTransportFunction",,,
"https://foundry.ai.mil/ontology/4901-001/PetroleumOilsLubricantsTransportationRole",FaRO,1.1.0,,UNCLASSIFIED,"Petroleum Oils Lubricants Transportation Role","A transportation role realized in an act of cargo transportation in which the cargo is a portion of petroleum or some petroleum product.","Petroleum Oils Lubricants Transportation Role","https://foundry.ai.mil/ontology/4901-001/TransportationRole",,,
"https://foundry.ai.mil/ontology/4901-001/PoliceFunction",FaRO,1.1.0,,UNCLASSIFIED,"Police Function","A protection function realized in acts by a civil or military force to maintain order and enforce laws.","Police Function","https://foundry.ai.mil/ontology/4901-001/ProtectionFunction",,,
"https://foundry.ai.mil/ontology/4901-001/PoliceRole",FaRO,1.1.0,,UNCLASSIFIED,"Police Role","A protection role realized in acts by a civil or military force to maintain order and enforce laws.","Police Role","https://foundry.ai.mil/ontology/4901-001/ProtectionRole",,,
"https://foundry.ai.mil/ontology/4901-001/ProtectionFunction",FaRO,1.1.0,,UNCLASSIFIED,"Protection Function","A defense related function whereby the bearer preserves a force's fighting potential.","Protection Function","https://foundry.ai.mil/ontology/4901-001/DefenseRelatedFunction",,,
"https://foundry.ai.mil/ontology/4901-001/ProtectionRole",FaRO,1.1.0,,UNCLASSIFIED,"Protection Role","A defense related role whereby the bearer preserves a force's fighting potential.","Protection Role","https://foundry.ai.mil/ontology/4901-001/DefenseRelatedRole",,,
"https://foundry.ai.mil/ontology/4901-001/ReconnaissanceFunction",FaRO,1.1.0,,UNCLASSIFIED,"Reconnaissance Function","A intelligence function that is relevant to an armed force whereby the bearer is primarily designed or engaged in a Reconnaissance related process or activity.","Reconnaissance Function","https://foundry.ai.mil/ontology/4901-001/IntelligenceFunction",,,
"https://foundry.ai.mil/ontology/4901-001/ReconnaissanceRole",FaRO,1.1.0,,UNCLASSIFIED,"Reconnaissance Role","A intelligence role that is relevant to an armed force whereby the bearer is primarily designed or engaged in a Reconnaissance related process or activity. ","Reconnaissance Role","https://foundry.ai.mil/ontology/4901-001/IntelligenceRole",,,
"https://foundry.ai.mil/ontology/4901-001/RepairFunction",FaRO,1.1.0,,UNCLASSIFIED,"Repair Function","A maintenance function realized in an act of repair.","Repair Function","https://foundry.ai.mil/ontology/4901-001/MaintenanceFunction",,,
"https://foundry.ai.mil/ontology/4901-001/RepairRole",FaRO,1.1.0,,UNCLASSIFIED,"Repair Role","A maintenance role realized in an act of repair.","Repair Role","https://foundry.ai.mil/ontology/4901-001/MaintenanceRole",,,
"https://foundry.ai.mil/ontology/4901-001/RocketArtilleryFunction",FaRO,1.1.0,,UNCLASSIFIED,"Rocket Artillery Function","A fires function that is relevant to an armed force whereby the bearer is primarily designed or engaged in an Rocket Artillery related process or activity.","Rocket Artillery Function","https://foundry.ai.mil/ontology/4901-001/FiresFunction",,,
"https://foundry.ai.mil/ontology/4901-001/RocketArtilleryRole",FaRO,1.1.0,,UNCLASSIFIED,"Rocket Artillery Role","A fires role that is relevant to an armed force whereby the bearer is primarily designed or engaged in an Rocket Artillery related process or activity. ","Rocket Artillery Role","https://foundry.ai.mil/ontology/4901-001/FiresRole",,,
"https://foundry.ai.mil/ontology/4901-001/SearchandRescueFunction",FaRO,1.1.0,,UNCLASSIFIED,"Search and Rescue Function","A protection function which is realized in an act of search and rescue.","Search and Rescue Function","https://foundry.ai.mil/ontology/4901-001/ProtectionFunction",,,
"https://foundry.ai.mil/ontology/4901-001/SearchandRescueRole",FaRO,1.1.0,,UNCLASSIFIED,"Search and Rescue Role","A protection role which is realized in an act of search and rescue.","Search and Rescue Role","https://foundry.ai.mil/ontology/4901-001/ProtectionRole",,,
"https://foundry.ai.mil/ontology/4901-001/SignalsIntelligenceFunction",FaRO,1.1.0,,UNCLASSIFIED,"Signals Intelligence Function","An intelligence function realized in the collection or processing of signals intelligence.","Signals Intelligence Function","https://foundry.ai.mil/ontology/4901-001/IntelligenceFunction",,,
"https://foundry.ai.mil/ontology/4901-001/SignalsIntelligenceRole",FaRO,1.1.0,,UNCLASSIFIED,"Signals Intelligence Role","An intelligence role realized in the collection or processing of signals intelligence.","Signals Intelligence Role","https://foundry.ai.mil/ontology/4901-001/IntelligenceRole",,,
"https://foundry.ai.mil/ontology/4901-001/SpaceLaunchFunction",FaRO,1.1.0,,UNCLASSIFIED,"Space Launch Function","A defense-related function realized space launch events.","Space Launch Function","http://purl.obolibrary.org/obo/BFO_0000034",,,
"https://foundry.ai.mil/ontology/4901-001/SpaceTrackingFunction",FaRO,1.1.0,,UNCLASSIFIED,"Space Tracking Function","An intelligence function realized in precise and continuous position-finding of objects in space.","Space Tracking Function","https://foundry.ai.mil/ontology/4901-001/IntelligenceFunction",,,
"https://foundry.ai.mil/ontology/4901-001/SpaceTrackingRole",FaRO,1.1.0,,UNCLASSIFIED,"Space Tracking Role","An intelligence role realized in precise and continuous position-finding of objects in space.","Space Tracking Role","https://foundry.ai.mil/ontology/4901-001/IntelligenceRole",,,
"https://foundry.ai.mil/ontology/4901-001/SurfaceToAirMissileFunction",FaRO,1.1.0,,UNCLASSIFIED,"Surface To Air Missile Function","An air defense function that is realized in military activities which involve the use of surface-to-air missiles for air defense.","Surface To Air Missile Function","https://foundry.ai.mil/ontology/4901-001/AirDefenseFunction",,,
"https://foundry.ai.mil/ontology/4901-001/SurfaceToAirMissileRole",FaRO,1.1.0,,UNCLASSIFIED,"Surface To Air Missile Role","An air defense role that is realized in military activities which involve the use of surface-to-air missiles for air defense.","Surface To Air Missile Role","https://foundry.ai.mil/ontology/4901-001/AirDefenseRole",,,
"https://foundry.ai.mil/ontology/4901-001/SurveillanceFunction",FaRO,1.1.0,,UNCLASSIFIED,"Surveillance Function","An intelligence function realized in an act of surveillance.","Surveillance Function","https://foundry.ai.mil/ontology/4901-001/IntelligenceFunction",,,
"https://foundry.ai.mil/ontology/4901-001/SurveillanceRole",FaRO,1.1.0,,UNCLASSIFIED,"Surveillance Role","An intelligence role realized in an act of surveillance.","Surveillance Role","https://foundry.ai.mil/ontology/4901-001/IntelligenceRole",,,
"https://foundry.ai.mil/ontology/4901-001/SustainmentFunction",FaRO,1.1.0,,UNCLASSIFIED,"Sustainment Function","A defense related function whereby the bearer provides logistic services required for operations.","Sustainment Function","https://foundry.ai.mil/ontology/4901-001/DefenseRelatedFunction",,,
"https://foundry.ai.mil/ontology/4901-001/SustainmentRole",FaRO,1.1.0,,UNCLASSIFIED,"Sustainment Role","A defense related role whereby the bearer provides logistic services required for operations.","Sustainment Role","https://foundry.ai.mil/ontology/4901-001/DefenseRelatedRole",,,
"https://foundry.ai.mil/ontology/4901-001/TransportationFunction",FaRO,1.1.0,,UNCLASSIFIED,"Transportation Function",,"Transportation Function","http://purl.obolibrary.org/obo/BFO_0000034",,,
"https://foundry.ai.mil/ontology/4901-001/TransportationRole",FaRO,1.1.0,,UNCLASSIFIED,"Transportation Role",,"Transportation Role","http://purl.obolibrary.org/obo/BFO_0000023",,,
"https://foundry.ai.mil/ontology/4901-001/TroposcatterCommunicationFunction",FaRO,1.1.0,,UNCLASSIFIED,"Troposcatter Communication Function","A communications function realized in acts of radio communication in which microwave radio signals are reflected off the Earth’s troposphere.","Troposcatter Communication Function","https://foundry.ai.mil/ontology/4901-001/CommunicationsFunction",,,
"https://foundry.ai.mil/ontology/4901-001/VIPTransportationFunction",FaRO,1.1.0,,UNCLASSIFIED,"VIP Transportation Function","A transportation function realized in an act of transporting high-ranking or high-value personnel.","VIP Transportation Function","https://foundry.ai.mil/ontology/4901-001/TransportationFunction",,,
"https://foundry.ai.mil/ontology/4901-001/VIPTransportationRole",FaRO,1.1.0,,UNCLASSIFIED,"VIP Transportation Role","A transportation role realized in an act of transporting high-ranking or high-value personnel.","VIP Transportation Role","https://foundry.ai.mil/ontology/4901-001/TransportationRole",,,
"https://foundry.ai.mil/ontology/4901-001/VehicleMaintenanceFunction",FaRO,1.1.0,,UNCLASSIFIED,"Vehicle Maintance Function","A maintenance function realized in an act of maintenance performed upon a vehicle.","Vehicle Maintance Function","https://foundry.ai.mil/ontology/4901-001/MaintenanceFunction",,,
"https://foundry.ai.mil/ontology/4901-001/VehicleMaintenanceRole",FaRO,1.1.0,,UNCLASSIFIED,"Vehicle Maintance Role","A maintenance role realized in an act of maintenance performed upon a vehicle.","Vehicle Maintance Role","https://foundry.ai.mil/ontology/4901-001/MaintenanceRole",,,
"https://foundry.ai.mil/ontology/4901-001/ActOfAerialReconnaissance",MAO,1.0.0,,UNCLASSIFIED,"Act of Aerial Reconnaissance","An act of reconnaissance performed from or by an airborne vehicle.","Act of Aerial Reconnaissance","http://www.ontologyrepository.com/CommonCoreOntologies/ActOfReconnaissance",,,
"https://foundry.ai.mil/ontology/4901-001/ActOfMaritimeReconnaissance",MAO,1.0.0,,UNCLASSIFIED,"Act of Maritime Reconnaissance","An act of reconnaissance aimed at obtaining information about seaborne targets.","Act of Maritime Reconnaissance","http://www.ontologyrepository.com/CommonCoreOntologies/ActOfReconnaissance",,,
"https://foundry.ai.mil/ontology/4901-001/AirMovement",MAO,1.0.0,,UNCLASSIFIED,"Air Movement","An act of location change in which units, personnel, supplies, and/or equipment are transported by air.","Air Movement","http://www.ontologyrepository.com/CommonCoreOntologies/ActOfLocationChange",,,
"https://foundry.ai.mil/ontology/4901-001/Campaign",MAO,1.0.0,,UNCLASSIFIED,"Campaign","An Act of Military Force consisting of a series of related operations aimed at achieving strategic and operational objectives within a given time and space. ","Campaign","http://www.ontologyrepository.com/CommonCoreOntologies/ActOfMilitaryForce",,,
"https://foundry.ai.mil/ontology/4901-001/CounterairExercise",MAO,1.0.0,,UNCLASSIFIED,"Counterair Exercise","A military exercise that simulates operations to attain and maintain a desired degree of control of the air and protection by neutralizing or destroying adversary aircraft and missiles, both before and after launch.","Counterair Exercise","https://foundry.ai.mil/ontology/4901-001/MilitaryExercise",,,
"https://foundry.ai.mil/ontology/4901-001/CounterairOperation",MAO,1.0.0,,UNCLASSIFIED,"Counterair Operation","A military operation to attain and maintain a desired degree of control of the air and protection by neutralizing or destroying adversary aircraft and missiles, both before and after launch.","Counterair Operation","https://foundry.ai.mil/ontology/4901-001/MilitaryOperation",,,
"https://foundry.ai.mil/ontology/4901-001/CounterdrugExercise",MAO,1.0.0,,UNCLASSIFIED,"Counterdrug Exercise","A military exercise to simulate operations conducted to support law enforcement agencies to detect, monitor, and counter the production, trafficking, and use of illegal drugs.","Counterdrug Exercise","https://foundry.ai.mil/ontology/4901-001/MilitaryExercise",,,
"https://foundry.ai.mil/ontology/4901-001/CounterdrugOperation",MAO,1.0.0,,UNCLASSIFIED,"Counterdrug Operation","A military operation conducted to support law enforcement agencies to detect, monitor, and counter the production, trafficking, and use of illegal drugs.","Counterdrug Operation","https://foundry.ai.mil/ontology/4901-001/MilitaryOperation",,,
"https://foundry.ai.mil/ontology/4901-001/CounterinsurgencyExercise",MAO,1.0.0,,UNCLASSIFIED,"Counterinsurgency Exercise","A military exercise that simulates military operations conducted with outside organizations to simultaneously defeat and contain insurgency and address its root causes.","Counterinsurgency Exercise","https://foundry.ai.mil/ontology/4901-001/MilitaryExercise",,,
"https://foundry.ai.mil/ontology/4901-001/CounterinsurgencyOperation",MAO,1.0.0,,UNCLASSIFIED,"Counterinsurgency Operation","A military operation conducted with outside organizations to simultaneously defeat and contain insurgency and address its root causes.","Counterinsurgency Operation","https://foundry.ai.mil/ontology/4901-001/MilitaryOperation",,,
"https://foundry.ai.mil/ontology/4901-001/CounterspaceExercise",MAO,1.0.0,,UNCLASSIFIED,"Counterspace Exercise","A military exercise to simulate operations to ensure freedom of action in space.","Counterspace Exercise","https://foundry.ai.mil/ontology/4901-001/MilitaryExercise",,,
"https://foundry.ai.mil/ontology/4901-001/CounterspaceOperation",MAO,1.0.0,,UNCLASSIFIED,"Counterspace Operation","A military operation to ensure freedom of action in space.","Counterspace Operation","https://foundry.ai.mil/ontology/4901-001/MilitaryOperation",,,
"https://foundry.ai.mil/ontology/4901-001/CounterterrorismExercise",MAO,1.0.0,,UNCLASSIFIED,"Counterterrorism Exercise","A military exercise that simulates military operations taken to neutralize terrorists and their organizations and networks in order to render them incapable of using violence to instill fear and coerce governments or societies to achieve their goals.","Counterterrorism Exercise","https://foundry.ai.mil/ontology/4901-001/MilitaryExercise",,,
"https://foundry.ai.mil/ontology/4901-001/CounterterrorismOperation",MAO,1.0.0,,UNCLASSIFIED,"Counterterrorism Operation","A Military operation taken to neutralize terrorists and their organizations and networks in order to render them incapable of using violence to instill fear and coerce governments or societies to achieve their goals.","Counterterrorism Operation","https://foundry.ai.mil/ontology/4901-001/MilitaryOperation",,,
"https://foundry.ai.mil/ontology/4901-001/CyberspaceExercise",MAO,1.0.0,,UNCLASSIFIED,"Cyberspace Exercise","A military exercise to simulate military operations that employ cyberspace capabilities where the primary purpose is to achieve objectives in or through cyberspace.","Cyberspace Exercise","https://foundry.ai.mil/ontology/4901-001/MilitaryExercise",,,
"https://foundry.ai.mil/ontology/4901-001/CyberspaceOperation",MAO,1.0.0,,UNCLASSIFIED,"Cyberspace Operation","A military operation that employs cyberspace capabilities where the primary purpose is to achieve objectives in or through cyberspace.","Cyberspace Operation","https://foundry.ai.mil/ontology/4901-001/MilitaryOperation",,,
"https://foundry.ai.mil/ontology/4901-001/HomelandDefenseExercise",MAO,1.0.0,,UNCLASSIFIED,"Homeland Defense Exercise","A military exercise to simulate operations to protect sovereignty, territory, domestic population, and critical infrastructure against external threats and aggression or other threats.","Homeland Defense Exercise","https://foundry.ai.mil/ontology/4901-001/MilitaryExercise",,,
"https://foundry.ai.mil/ontology/4901-001/HomelandDefenseOperation",MAO,1.0.0,,UNCLASSIFIED,"Homeland Defense Operation","A military operation to protect sovereignty, territory, domestic population, and critical infrastructure against external threats and aggression or other threats.","Homeland Defense Operation","https://foundry.ai.mil/ontology/4901-001/MilitaryOperation",,,
"https://foundry.ai.mil/ontology/4901-001/HumanitarianExercise",MAO,1.0.0,,UNCLASSIFIED,"Humanitarian Exercise","A military exercise that simulates military operations conducted to directly relieve or reduce human suffering, disease, hunger, or privation.","Humanitarian Exercise","https://foundry.ai.mil/ontology/4901-001/MilitaryExercise",,,
"https://foundry.ai.mil/ontology/4901-001/HumanitarianOperation",MAO,1.0.0,,UNCLASSIFIED,"Humanitarian Operation","A Military operation conducted to directly relieve or reduce human suffering, disease, hunger, or privation.","Humanitarian Operation","https://foundry.ai.mil/ontology/4901-001/MilitaryOperation",,,
"https://foundry.ai.mil/ontology/4901-001/InformationExercise",MAO,1.0.0,,UNCLASSIFIED,"Information Exercise","A Military exercise that simulates the employment of information-related capabilities in concert with other lines of operation to influence, disrupt, corrupt, or usurp the decision-making of adversaries and potential adversaries while protecting our own.","Information Exercise","https://foundry.ai.mil/ontology/4901-001/MilitaryExercise",,,
"https://foundry.ai.mil/ontology/4901-001/InformationOperation",MAO,1.0.0,,UNCLASSIFIED,"Information Operation","A military operation that employs information-related capabilities in concert with other lines of operation to influence, disrupt, corrupt, or usurp the decision-making of adversaries and potential adversaries while protecting our own.","Information Operation","https://foundry.ai.mil/ontology/4901-001/MilitaryOperation",,,
"https://foundry.ai.mil/ontology/4901-001/IntelligenceExercise",MAO,1.0.0,,UNCLASSIFIED,"Intelligence Exercise","A military exercise that simulates operations characterized by broad activities conducted by intelligence staffs and organizations for the purpose of providing commanders and national-level decision makers with relevant and timely intelligence.","Intelligence Exercise","https://foundry.ai.mil/ontology/4901-001/MilitaryExercise",,,
"https://foundry.ai.mil/ontology/4901-001/IntelligenceOperation",MAO,1.0.0,,UNCLASSIFIED,"Intelligence Operation","A military operation characterized by broad activities conducted by intelligence staffs and organizations for the purpose of providing commanders and national-level decision makers with relevant and timely intelligence.","Intelligence Operation","https://foundry.ai.mil/ontology/4901-001/MilitaryOperation",,,
"https://foundry.ai.mil/ontology/4901-001/MedicalEvacuation",MAO,1.0.0,,UNCLASSIFIED,"Medical Evacuation","An act of location change in which a person who is wounded, injured, or ill is moved to or between medical treatment facilities while being provided en route medical care.","Medical Evacuation","http://www.ontologyrepository.com/CommonCoreOntologies/ActOfLocationChange",,,
"https://foundry.ai.mil/ontology/4901-001/MilitaryEngagementExercise",MAO,1.0.0,,UNCLASSIFIED,"Military Engagement Exercise","A military exercise to practice routine contact and interaction between individuals or elements of a countries armed forces and those of another nations armed forces, or foreign and domestic civilian authorities or agencies to build trust and confidence, share information, coordinate mutual activities, and maintain influence.","Military Engagement Exercise","https://foundry.ai.mil/ontology/4901-001/MilitaryExercise",,,
"https://foundry.ai.mil/ontology/4901-001/MilitaryEngagementOperation",MAO,1.0.0,,UNCLASSIFIED,"Military Engagement Operation","A Military Operation where routine operational contact and interaction between individuals or elements of a countries armed forces and those of another nations armed forces, or foreign and domestic civilian authorities or agencies to build trust and confidence, share information, coordinate mutual activities, and maintain influence.","Military Engagement Operation","https://foundry.ai.mil/ontology/4901-001/MilitaryOperation",,,
"https://foundry.ai.mil/ontology/4901-001/MilitaryExercise",MAO,1.0.0,,UNCLASSIFIED,"Military Exercise","An Act of Training conducted by a Military Unit that simulates wartime operations involving planning, preparation, and execution that is carried out for the purpose of training and evaluation.","Military Exercise","http://www.ontologyrepository.com/CommonCoreOntologies/ActOfTraining",,,
"https://foundry.ai.mil/ontology/4901-001/MilitaryManeuver",MAO,1.0.0,,UNCLASSIFIED,"Military Maneuver","An Act of Military Force in which a unit employs forces within an operational area, through movement in combination with fires and information, to achieve a position of advantage in respect to the enemy.","Military Maneuver","http://www.ontologyrepository.com/CommonCoreOntologies/ActOfMilitaryForce",,,
"https://foundry.ai.mil/ontology/4901-001/MilitaryOperation",MAO,1.0.0,,UNCLASSIFIED,"Military Operation","An Act of Military Force that has a sequence of tactical actions with a common purpose or unifying theme.","Military Operation","http://www.ontologyrepository.com/CommonCoreOntologies/ActOfMilitaryForce",,,
"https://foundry.ai.mil/ontology/4901-001/MilitaryStrike",MAO,1.0.0,,UNCLASSIFIED,"Military Strike","An Act of Military Force that involves an attack to damage or destroy an objective or capability.","Military Strike","http://www.ontologyrepository.com/CommonCoreOntologies/ActOfMilitaryForce",,,
"https://foundry.ai.mil/ontology/4901-001/MissileLaunch",MAO,1.0.0,,UNCLASSIFIED,"Missile Launch","An act of departure that initiates the flight of a precision-guided missile.","Missile Launch","https://foundry.ai.mil/ontology/4901-001/LaunchEvent",,,
"https://foundry.ai.mil/ontology/4901-001/NamedMilitaryOperation",MAO,1.0.0,,UNCLASSIFIED,"Named Military Operation","A Military Operation carried out at the strategic or operational levels and given an identifying title or name.","Named Military Operation","https://foundry.ai.mil/ontology/4901-001/MilitaryOperation",,,
"https://foundry.ai.mil/ontology/4901-001/NoncombatantEvacuationExercise",MAO,1.0.0,,UNCLASSIFIED,"Noncombatant Evacuation Exercise","A military exercise to simulate operations whereby noncombatant evacuees are evacuated from a threatened area abroad, which includes areas facing actual or potential danger from natural or manmade disaster, civil unrest, imminent or actual terrorist activities, hostilities, and similar circumstances.","Noncombatant Evacuation Exercise","https://foundry.ai.mil/ontology/4901-001/MilitaryExercise",,,
"https://foundry.ai.mil/ontology/4901-001/NoncombatantEvacuationOperation",MAO,1.0.0,,UNCLASSIFIED,"Noncombatant Evacuation Operation","A military operation whereby noncombatant evacuees are evacuated from a threatened area abroad, which includes areas facing actual or potential danger from natural or manmade disaster, civil unrest, imminent or actual terrorist activities, hostilities, and similar circumstances.","Noncombatant Evacuation Operation","https://foundry.ai.mil/ontology/4901-001/MilitaryOperation",,,
"https://foundry.ai.mil/ontology/4901-001/PeaceExercise",MAO,1.0.0,,UNCLASSIFIED,"Peace Exercise","A Military Exercise where all the instruments of national power with military missions to contain conflict, redress the peace, and shape the environment to support reconciliation and rebuilding and facilitate the transition to legitimate governance.","Peace Exercise","https://foundry.ai.mil/ontology/4901-001/MilitaryExercise",,,
"https://foundry.ai.mil/ontology/4901-001/PeaceOperation",MAO,1.0.0,,UNCLASSIFIED,"Peace Operation","A Military Operation involving all the instruments of national power with military missions to contain conflict, redress the peace, and shape the environment to support reconciliation and rebuilding and facilitate the transition to legitimate governance.","Peace Operation","https://foundry.ai.mil/ontology/4901-001/MilitaryOperation",,,
"https://foundry.ai.mil/ontology/4901-001/SecurityCooperationExercise",MAO,1.0.0,,UNCLASSIFIED,"Security Cooperation Exercise","A military exercise that simulates interactions with foreign security establishments to build security relationships that promote specific United States security interests, develop allied and partner nation military and security capabilities for self-defense and multinational operations.","Security Cooperation Exercise","https://foundry.ai.mil/ontology/4901-001/MilitaryExercise",,,
"https://foundry.ai.mil/ontology/4901-001/SecurityCooperationOperation",MAO,1.0.0,,UNCLASSIFIED,"Security Cooperation Operation","A military operation with foreign security establishments to build security relationships that promote security interests, develop allied and partner nation military and security capabilities for self-defense and multinational operations.","Security Cooperation Operation","https://foundry.ai.mil/ontology/4901-001/MilitaryOperation",,,
"https://foundry.ai.mil/ontology/4901-001/SpaceLaunch",MAO,1.0.0,,UNCLASSIFIED,"Space Launch","An act of departure that initiates a larger transportation event from the surface of the Earth to outer space.","Space Launch","https://foundry.ai.mil/ontology/4901-001/LaunchEvent",,,
"https://foundry.ai.mil/ontology/4901-001/StabilityExercise",MAO,1.0.0,,UNCLASSIFIED,"Stability Exercise","A Military Exercise that is conducted outside the United States in coordination with other instruments of national power to maintain or reestablish a safe and secure environment and provide essential governmental services, emergency infrastructure reconstruction, and humanitarian relief.","Stability Exercise","https://foundry.ai.mil/ontology/4901-001/MilitaryExercise",,,
"https://foundry.ai.mil/ontology/4901-001/StabilityOperation",MAO,1.0.0,,UNCLASSIFIED,"Stability Operation","A Military Operation conducted in coordination with other instruments of national power to maintain or reestablish a safe and secure environment and provide essential governmental services, emergency infrastructure reconstruction, and humanitarian relief.","Stability Operation","https://foundry.ai.mil/ontology/4901-001/MilitaryOperation",,,
"https://foundry.ai.mil/ontology/4901-001/Agency",MFCO,1.1.0,,UNCLASSIFIED,"Agency","An Organization Echelon of a government body assigned to perform specific functions, often supporting military operations and national security.","Agency","https://foundry.ai.mil/ontology/4901-001/OrganizationEchelon",,,
"https://foundry.ai.mil/ontology/4901-001/AirArmy",MFCO,1.1.0,,UNCLASSIFIED,"Air Army","A military or paramilitary echelon that is a large operational-level formation usually within the Russian Air Force. ","Air Army","https://foundry.ai.mil/ontology/4901-001/MilitaryEchelon",,,
"https://foundry.ai.mil/ontology/4901-001/AirForce",MFCO,1.1.0,,UNCLASSIFIED,"Air Force","An Armed Force that primarily conducts military operations in the air domain.","Air Force","https://foundry.ai.mil/ontology/4901-001/ArmedForce",,,
"https://foundry.ai.mil/ontology/4901-001/AircraftSquadron",MFCO,1.1.0,,UNCLASSIFIED,"Aircraft Squadron","A military or paramilitary echelon where the bearer uses aircraft, most often associated with a Air or Naval Force. An Air Force squadron usally consist of two or more flights. Generally the lowest level of command with a headquarters element, usually identified by number and function, normally commanded by a Major or a Lieutenant Colonel, depending on the country. ","Aircraft Squadron","https://foundry.ai.mil/ontology/4901-001/MilitaryEchelon",,,
"https://foundry.ai.mil/ontology/4901-001/ArmedForce",MFCO,1.1.0,,UNCLASSIFIED,"Armed Force (Defense Intelligence)","A Military Organization that is armed, organized, and trained to conduct military operations.","Armed Force","https://foundry.ai.mil/ontology/4901-001/MilitaryOrganization",,,
"https://foundry.ai.mil/ontology/4901-001/Army",MFCO,1.1.0,,UNCLASSIFIED,"Army","A military or paramilitary echelon that is a tactical and administrative military unit usually consisting of a headquarters, one or more corps, and attached non-divisional troops and agencies.","Army","https://foundry.ai.mil/ontology/4901-001/MilitaryEchelon",,,
"https://foundry.ai.mil/ontology/4901-001/ArmyGroup",MFCO,1.1.0,,UNCLASSIFIED,"Army Group","A military or paramilitary echelon usually consist of three or more field armies, with about 1 million to 3 million soldiers, usually commanded by a General, depending on the country. ","Army Group","https://foundry.ai.mil/ontology/4901-001/MilitaryEchelon",,,
"https://foundry.ai.mil/ontology/4901-001/ArmyRegion",MFCO,1.1.0,,UNCLASSIFIED,"Army Region","A military or paramilitary echelon most often associated with a Ground Force, usually consists of four or five field armies. Normally commanded by a General, depending on the country.","Army Region","https://foundry.ai.mil/ontology/4901-001/MilitaryEchelon",,,
"https://foundry.ai.mil/ontology/4901-001/Battalion",MFCO,1.1.0,,UNCLASSIFIED,"Battalion","A military or paramilitary echelon most often associated with Ground or Marine Forces, usually consisting of three to six companies and normally commanded by a Lieutenant Colonel, depending on the country.","Battalion","https://foundry.ai.mil/ontology/4901-001/MilitaryEchelon",,,
"https://foundry.ai.mil/ontology/4901-001/Battery",MFCO,1.1.0,,UNCLASSIFIED,"Battery (Military Echelon)","A military or paramilitary echelon most often associated with a Ground or Marine Force artillery unit, usually consisting of six gun crews, together with the artillerymen, equipment, etc., required to operate them. Normally commanded by a Captain or Major depending on the military branch or country.","Battery","https://foundry.ai.mil/ontology/4901-001/MilitaryEchelon",,,
"https://foundry.ai.mil/ontology/4901-001/BorderGuardForce",MFCO,1.1.0,,UNCLASSIFIED,"Border Guard Force","An Armed Force that is a distinct border guard force separate from an army.","Border Guard Force","https://foundry.ai.mil/ontology/4901-001/ArmedForce",,,
"https://foundry.ai.mil/ontology/4901-001/Brigade",MFCO,1.1.0,,UNCLASSIFIED,"Brigade","A military or paramilitary echelon most often associated with a Ground or Marine Force, usually consisting of three to six battlions, normally commanded by a Colonel, depending on the country.","Brigade","https://foundry.ai.mil/ontology/4901-001/MilitaryEchelon",,,
"https://foundry.ai.mil/ontology/4901-001/Center",MFCO,1.1.0,,UNCLASSIFIED,"Center (Military Echelon)","A military or paramilitary echelon that operates a station that is part of a nation's missile defense network.","Center","https://foundry.ai.mil/ontology/4901-001/MilitaryEchelon",,,
"https://foundry.ai.mil/ontology/4901-001/CoastGuardForce",MFCO,1.1.0,,UNCLASSIFIED,"Coast Guard Force","An Armed Force employed in guarding a coast or responsible for the safety, order, and operation of maritime traffic in neighboring waters.","Coast Guard Force","https://foundry.ai.mil/ontology/4901-001/ArmedForce",,,
"https://foundry.ai.mil/ontology/4901-001/Company",MFCO,1.1.0,,UNCLASSIFIED,"Company (Military Echelon)","A military or paramilitary echelon most often associated with a Ground or Marine Force, usually consists of three or four platoons and is generally commanded by a captain or a Major, depending on the military branch, speciality unit and country. ","Company","https://foundry.ai.mil/ontology/4901-001/MilitaryEchelon",,,
"https://foundry.ai.mil/ontology/4901-001/Corps",MFCO,1.1.0,,UNCLASSIFIED,"Corps (Military Echelon)","A military or paramilitary echelon most often associated with a Ground or Marine Force, usually consists of two to five divisions. Normally commanded by a lieutenant general depending on the country.","Corps","https://foundry.ai.mil/ontology/4901-001/MilitaryEchelon",,,
"https://foundry.ai.mil/ontology/4901-001/Crew",MFCO,1.1.0,,UNCLASSIFIED,"Crew (Military Echelon)","A military or paramilitary echelon most often associated with a Ground or Marine Force, usually consists of two to four military members. Normally commanded by Junior Noncommissioned Officer. ","Crew","https://foundry.ai.mil/ontology/4901-001/MilitaryEchelon",,,
"https://foundry.ai.mil/ontology/4901-001/CyberForce",MFCO,1.1.0,,UNCLASSIFIED,"Cyber Force","An Armed Force that conducts military operations in the Cyberspace domain.","Cyber Force","https://foundry.ai.mil/ontology/4901-001/ArmedForce",,,
"https://foundry.ai.mil/ontology/4901-001/Department",MFCO,1.1.0,,UNCLASSIFIED,"Department (Military Echelon)","A military or paramilitary echelon that usually refers to the sub-divisions of a ship crew.","Department","https://foundry.ai.mil/ontology/4901-001/MilitaryEchelon",,,
"https://foundry.ai.mil/ontology/4901-001/Detachment",MFCO,1.1.0,,UNCLASSIFIED,"Detachment","A military or paramilitary echelon most often associated with a Ground or Marine Force, usually consists of three or four platoons and is generally commanded by a Captain, depending on the military branch, speciality unit and country. ","Detachment","https://foundry.ai.mil/ontology/4901-001/MilitaryEchelon",,,
"https://foundry.ai.mil/ontology/4901-001/Directorate",MFCO,1.1.0,,UNCLASSIFIED,"Directorate (Military Echelon)","A military or paramilitary echelon that is a subdivision of a district roughly equivalent in size and composition to a corps. ","Directorate","https://foundry.ai.mil/ontology/4901-001/MilitaryEchelon",,,
"https://foundry.ai.mil/ontology/4901-001/Division",MFCO,1.1.0,,UNCLASSIFIED,"Division (Military Echelon)","A military or paramilitary echelon most often associated with a Ground or Marine Force, usually consists of three or four brigades or regiments. Normally commanded by a Major General, depending on the country. ","Division","https://foundry.ai.mil/ontology/4901-001/MilitaryEchelon",,,
"https://foundry.ai.mil/ontology/4901-001/ActOfSurveillance",MAO,1.0.0,,UNCLASSIFIED,"act of surveillance","An act of intelligence gathering by means of systematic observation of aerospace, cyberspace, surface, or subsurface areas, places, persons, or things, by visual, aural, electronic, photographic, or other means.",,"http://www.ontologyrepository.com/CommonCoreOntologies/ActOfIntelligenceGathering",,,
"https://foundry.ai.mil/ontology/4901-001/FieldArmy",MFCO,1.1.0,,UNCLASSIFIED,"Field Army","A military or paramilitary echelon most often associated with a Ground Force, usually consists of two or more corps. Normally commanded by a General or Lieutenant General, depending on the country. ","Field Army","https://foundry.ai.mil/ontology/4901-001/MilitaryEchelon",,,
"https://foundry.ai.mil/ontology/4901-001/Flight",MFCO,1.1.0,,UNCLASSIFIED,"Flight (Military Echelon)","A military or paramilitary echelon composed of between two and six (but most often four) aircraft and their aircrews and ground staff.","Flight","https://foundry.ai.mil/ontology/4901-001/MilitaryEchelon",,,
"https://foundry.ai.mil/ontology/4901-001/Flotilla",MFCO,1.1.0,,UNCLASSIFIED,"Flotilla","A military or paramilitary echelon most often associated with a Naval Force, usually consisting of two or more squadrons of small warships. Normally commanded by a Rear Admiral, a Commodore or a Captain depending on the importance of the command or country. ","Flotilla","https://foundry.ai.mil/ontology/4901-001/MilitaryEchelon",,,
"https://foundry.ai.mil/ontology/4901-001/Front",MFCO,1.1.0,,UNCLASSIFIED,"Front (Military Echelon)","A military or paramilitary echelon most often associated with a Ground Force, usually it is roughly equivalent to an Army Group varying in size but generally contains three to five armies depending on the country.","Front","https://foundry.ai.mil/ontology/4901-001/MilitaryEchelon",,,
"https://foundry.ai.mil/ontology/4901-001/GroundForce",MFCO,1.1.0,,UNCLASSIFIED,"Ground Force","An Armed Force trained for war especially on the land domain.","Ground Force","https://foundry.ai.mil/ontology/4901-001/ArmedForce",,,
"https://foundry.ai.mil/ontology/4901-001/Group",MFCO,1.1.0,,UNCLASSIFIED,"Group (Military Echelon)","A military or paramilitary echelon most often associated with a Air Force or Ground Force, that usually consists of two or more Air Force squadrons or Ground Force Battlions, normally commanded by a Colonel, depending on the country.","Group","https://foundry.ai.mil/ontology/4901-001/MilitaryEchelon",,,
"https://foundry.ai.mil/ontology/4901-001/InsurgentForce",MFCO,1.1.0,,UNCLASSIFIED,"Insurgent Force","An Armed Force that is an organized movement aimed at the overthrow of a constituted government through the use of subversion and armed conflict.","Insurgent Force","https://foundry.ai.mil/ontology/4901-001/ArmedForce",,,
"https://foundry.ai.mil/ontology/4901-001/InternalSecurityForce",MFCO,1.1.0,,UNCLASSIFIED,"Internal Security Force","An Armed Force that is a distinct internal force separate from law enforcement. ","Internal Security Force","https://foundry.ai.mil/ontology/4901-001/ArmedForce",,,
"https://foundry.ai.mil/ontology/4901-001/JointForce",MFCO,1.1.0,,UNCLASSIFIED,"Joint Force","An Armed Force comprised of military personnel and units from more than one Armed Force.","Joint Force","https://foundry.ai.mil/ontology/4901-001/ArmedForce",,,
"https://foundry.ai.mil/ontology/4901-001/MajorCommand",MFCO,1.1.0,,UNCLASSIFIED,"Major Command","A military or paramilitary echelon that is a major subdivision of an Air Force.","Major Command","https://foundry.ai.mil/ontology/4901-001/MilitaryEchelon",,,
"https://foundry.ai.mil/ontology/4901-001/MarineForce",MFCO,1.1.0,,UNCLASSIFIED,"Marine Force","An Armed Force that primarily conducts amphibious military operations on land and at sea.","Marine Force","https://foundry.ai.mil/ontology/4901-001/ArmedForce",,,
"https://foundry.ai.mil/ontology/4901-001/MerchantMarine",MFCO,1.1.0,,UNCLASSIFIED,"Merchant Marine","A military support organization that serves as an merchant shipping auxilary to a country's Military Organization.
","Merchant Marine","https://foundry.ai.mil/ontology/4901-001/MilitarySupportOrganization",,,
"https://foundry.ai.mil/ontology/4901-001/MilitaryDistrict",MFCO,1.1.0,,UNCLASSIFIED,"Military District","A military or paramilitary echelon formed for the control and administration of a territorial subdivision of military forces. ","Military District","https://foundry.ai.mil/ontology/4901-001/MilitaryEchelon",,,
"https://foundry.ai.mil/ontology/4901-001/MilitaryEchelon",MFCO,1.1.0,,UNCLASSIFIED,"Military Echelon","An Organization Echelon describing operational level and general size of a military organization.","Military Echelon","https://foundry.ai.mil/ontology/4901-001/OrganizationEchelon",,,
"https://foundry.ai.mil/ontology/4901-001/ElectronicAttack",MAO,1.0.0,,UNCLASSIFIED,"Electronic Attack","An act of military force in which electromagnetic energy, directed energy, or antiradiation weapons are used to attack personnel, facilities, or equipment with the intent of degrading, neutralizing, or destroying enemy combat capability",,"http://www.ontologyrepository.com/CommonCoreOntologies/ActOfMilitaryForce",,,
"https://foundry.ai.mil/ontology/4901-001/MilitaryMemberGrade",MFCO,1.1.0,,UNCLASSIFIED,"Military Member Grade","An Ordinal Measurement Information Content Entity that depicts the hierarchical arrangement of military personnel, according to grade, authority, and responsibility. ","Military Member Grade","http://www.ontologyrepository.com/CommonCoreOntologies/OrdinalMeasurementInformationContentEntity",,,
"https://foundry.ai.mil/ontology/4901-001/MilitaryMemberRank",MFCO,1.1.0,,UNCLASSIFIED,"Military Member Rank","An Ordinal Measurement Information Content Entity that denotes a level of authority and responsibility associated with a particular position or grade within the Armed Forces.","Military Member Rank","http://www.ontologyrepository.com/CommonCoreOntologies/OrdinalMeasurementInformationContentEntity",,,
"https://foundry.ai.mil/ontology/4901-001/MilitaryOrganization",MFCO,1.1.0,,UNCLASSIFIED,"Military Organization","An Organization that is functionally organized to provide command and control, planning, support, or combat capabilities.","Military Organization","http://www.ontologyrepository.com/CommonCoreOntologies/Organization",,,
"https://foundry.ai.mil/ontology/4901-001/MilitaryStaff",MFCO,1.1.0,,UNCLASSIFIED,"Military Staff","A Military Organization consisting of those personnel assigned to assist a commander in planning, coordinating, and supervising the execution of military operations or functions.","Military Staff","https://foundry.ai.mil/ontology/4901-001/MilitaryOrganization",,,
"https://foundry.ai.mil/ontology/4901-001/MilitaryStaffFunction",MFCO,1.1.0,,UNCLASSIFIED,"Military Staff Function","A function whereby those personnel assigned to a staff, assist a commander in planning, coordinating, and supervising the execution of military operations or functions of a unit to which it is assigned and its subordinate unit.","Military Staff Function","http://purl.obolibrary.org/obo/BFO_0000034",,,
"https://foundry.ai.mil/ontology/4901-001/MilitaryStaffRole",MFCO,1.1.0,,UNCLASSIFIED,"Military Staff Role","A role whereby those personnel assigned to a staff, assist a commander in planning, coordinating, and supervising the execution of military operations or functions of a unit to which it is assigned and its subordinate unit.","Military Staff Role","http://purl.obolibrary.org/obo/BFO_0000023",,,
"https://foundry.ai.mil/ontology/4901-001/MilitarySupportOrganization",MFCO,1.1.0,,UNCLASSIFIED,"Military Support Organization","A Military Organization that assists, protects, or supplies other forces for the conduct of military operations.","Military Support Organization","https://foundry.ai.mil/ontology/4901-001/MilitaryOrganization",,,
"https://foundry.ai.mil/ontology/4901-001/MultiNationalCoalitionForce",MFCO,1.1.0,,UNCLASSIFIED,"Multi National Coalition Force","An Armed Force that is comprised military personnel and units from Armed Forces from more than one nation.","Multi National Coalition Force","https://foundry.ai.mil/ontology/4901-001/ArmedForce",,,
"https://foundry.ai.mil/ontology/4901-001/LaunchEvent",MAO,1.0.0,,UNCLASSIFIED,"Launch Event","An act of departure which initiates the movement of a projectile or self-propelled craft through the air or water.",,"http://www.ontologyrepository.com/CommonCoreOntologies/ActOfDeparture",,,
"https://foundry.ai.mil/ontology/4901-001/NATOForce",MFCO,1.1.0,,UNCLASSIFIED,"NATO Force","A Multi National Coalition Force under the command and control of NATO.","NATO Force","https://foundry.ai.mil/ontology/4901-001/MultiNationalCoalitionForce",,,
"https://foundry.ai.mil/ontology/4901-001/NationalDepartment",MFCO,1.1.0,,UNCLASSIFIED,"National Department","A Military Echelon that is a major subdivision of the executive branch of the US Government.","National Department","https://foundry.ai.mil/ontology/4901-001/MilitaryEchelon",,,
"https://foundry.ai.mil/ontology/4901-001/NavalFleet",MFCO,1.1.0,,UNCLASSIFIED,"Naval Fleet","A military or paramilitary echelon most often associated with a Naval Force, usally the largest formation of warships. Normally commande by an Admiral.","Naval Fleet","https://foundry.ai.mil/ontology/4901-001/MilitaryEchelon",,,
"https://foundry.ai.mil/ontology/4901-001/NavalForce",MFCO,1.1.0,,UNCLASSIFIED,"Naval Force","An Armed Force that primarily conducts military operations in the maritime domain.","Naval Force","https://foundry.ai.mil/ontology/4901-001/ArmedForce",,,
"https://foundry.ai.mil/ontology/4901-001/NumberedAirForce",MFCO,1.1.0,,UNCLASSIFIED,"Numbered Air Force","A military or paramilitary echelon where air wings, squadrons and groups can all be assigned, which usually has a geographical assignment.  A numbered air force is usually commanded by a Major General or Lieutenant General, depending on the country.","Numbered Air Force","https://foundry.ai.mil/ontology/4901-001/MilitaryEchelon",,,
"https://foundry.ai.mil/ontology/4901-001/OrganizationEchelon",MFCO,1.1.0,,UNCLASSIFIED,"Organization Echelon","A quality describing the operational level and general size of an organization.","Organization Echelon","http://purl.obolibrary.org/obo/BFO_0000019",,,
"https://foundry.ai.mil/ontology/4901-001/ParamilitaryForce",MFCO,1.1.0,,UNCLASSIFIED,"Paramilitary Force (Defense Intelligence)","A Military Organization that is a group of armed individuals who are organized, trained, equipped, and conduct military-style operations, but who are not part of a regular armed forces establishment and whos activity is distinct from the lawful exercise of a state's police powers.","Paramilitary Force","https://foundry.ai.mil/ontology/4901-001/MilitaryOrganization",,,
"https://foundry.ai.mil/ontology/4901-001/Platoon",MFCO,1.1.0,,UNCLASSIFIED,"Platoon","A military or paramilitary echelon most often associated with a Ground or Air Force, usually consists of a few squads and up to a few dozen soldiers. Normally commanded by a Lieutenant, often with a Noncommissioned Officer as second in command, depending on the country. ","Platoon","https://foundry.ai.mil/ontology/4901-001/MilitaryEchelon",,,
"https://foundry.ai.mil/ontology/4901-001/Regiment",MFCO,1.1.0,,UNCLASSIFIED,"Regiment","A military or paramilitary echelon most often associated with a Ground or Marine Force, usually consisting of three to six battlions, normally commanded by a Colonel, depending on the country.","Regiment","https://foundry.ai.mil/ontology/4901-001/MilitaryEchelon",,,
"https://foundry.ai.mil/ontology/4901-001/RocketForce",MFCO,1.1.0,,UNCLASSIFIED,"Rocket Force","An Armed Force that conducts military operations involving rockets and missiles.","Rocket Force","https://foundry.ai.mil/ontology/4901-001/ArmedForce",,,
"https://foundry.ai.mil/ontology/4901-001/Section",MFCO,1.1.0,,UNCLASSIFIED,"Section (Military Echelon)","A military or paramilitary echelon usually consists of two or more military members. Normally commanded by a Junior to Senior Noncommissioned Officer depending the number of service member, military branch or country.","Section","https://foundry.ai.mil/ontology/4901-001/MilitaryEchelon",,,
"https://foundry.ai.mil/ontology/4901-001/Service",MFCO,1.1.0,,UNCLASSIFIED,"Service (Military Echelon)","A military or paramilitary echelon that characterizes a specific echelon within a military organization, representing one of the branches of an armed force.","Service","https://foundry.ai.mil/ontology/4901-001/MilitaryEchelon",,,
"https://foundry.ai.mil/ontology/4901-001/ShipsCompany",MFCO,1.1.0,,UNCLASSIFIED,"Ships Company","A naval force most often associated with a Naval Force that is created and organized to operate and maintain a specific Naval Vessel, usually commanded by a Naval Captain.","Ships Company","https://foundry.ai.mil/ontology/4901-001/NavalForce",,,
"https://foundry.ai.mil/ontology/4901-001/SpaceForce",MFCO,1.1.0,,UNCLASSIFIED,"Space Force","An Armed Force that conducts military operations in outer space.","Space Force","https://foundry.ai.mil/ontology/4901-001/ArmedForce",,,
"https://foundry.ai.mil/ontology/4901-001/Squad",MFCO,1.1.0,,UNCLASSIFIED,"Squad","A military or paramilitary echelon most often associated with a Ground or Marine Force, usually two to three teams are assigned to a squad, normally commanded by a mid level Noncommissioned Officer depending on the military branch and country. ","Squad","https://foundry.ai.mil/ontology/4901-001/MilitaryEchelon",,,
"https://foundry.ai.mil/ontology/4901-001/TaskForce",MFCO,1.1.0,,UNCLASSIFIED,"Task Force","A military or paramilitary echelon that formed to accomplish a specific mission or task. ","Task Force","https://foundry.ai.mil/ontology/4901-001/MilitaryEchelon",,,
"https://foundry.ai.mil/ontology/4901-001/Team",MFCO,1.1.0,,UNCLASSIFIED,"Team (Military Echelon)","A military or paramilitary echelon most often associated with a Ground or Marine Force, usually includes three service members and a team leader, usually a Junior Noncommissioned Officer depending on military branch or country. ","Team","https://foundry.ai.mil/ontology/4901-001/MilitaryEchelon",,,
"https://foundry.ai.mil/ontology/4901-001/Troop",MFCO,1.1.0,,UNCLASSIFIED,"Troop","A military or paramilitary echelon most often associated with a Ground or Marine Force, usually is the equivalent echelon to a section or platoon. Normally commanded by a Lieutenant or a Senior Noncommissioned officer depending on the military branch and country. ","Troop","https://foundry.ai.mil/ontology/4901-001/MilitaryEchelon",,,
"https://foundry.ai.mil/ontology/4901-001/WatercraftSquadron",MFCO,1.1.0,,UNCLASSIFIED,"Watercraft Squadron","A military or paramilitary echelon whose bearer uses watercraft, most often associated with a Naval Force. A Naval Force squadron is a significant group of warships which is normally considered too small to be designated a fleet. A squadron is typically a part of a fleet. Between different navies there are no clear defining parameters to distinguish a squadron from a fleet, nor the size and strength of a naval squadron varies greatly according to the country and time period. Since the size of a naval squadron varies, the rank associated with command of a squadron also varies.","Watercraft Squadron","https://foundry.ai.mil/ontology/4901-001/MilitaryEchelon",,,
"https://foundry.ai.mil/ontology/4901-001/Wing",MFCO,1.1.0,,UNCLASSIFIED,"Wing (Military Echelon)","A military or paramilitary echelon most often associated with a Air Force, usually comprised of two or more groups, usually commanded by a Colonel or Brigadier General, depending on the country.","Wing","https://foundry.ai.mil/ontology/4901-001/MilitaryEchelon",,,
"https://foundry.ai.mil/ontology/4901-001/CandidateTargetList",TIPO,1.0.0,,UNCLASSIFIED,"Candidate Target List","A Target List of entities submitted by component commanders, appropriate agencies, or the joint force commander’s staff for further development and inclusion on the joint target list, restricted target list, or the no-strike list.","Candidate Target List","https://foundry.ai.mil/ontology/4901-001/TargetList",,,
"https://foundry.ai.mil/ontology/4901-001/CriticalElementRelationalQuality",TIPO,1.0.0,,UNCLASSIFIED,"Critical Element Relational Quality","A relational quality whereby some element of a target, which if effectively engaged, will serve to support the achievement of an operational objective and/or mission task.","Critical Element Relational Quality","http://purl.obolibrary.org/obo/BFO_0000145",,,
"https://foundry.ai.mil/ontology/4901-001/FunctionalDamageAssessment",TIPO,1.0.0,,UNCLASSIFIED,"Functional Damage Assessment","An Ordinal Measurement Information Content Entity that provides an estimate of the effect of military force in degrading or destroying the functional or operational capability of the target to perform its intended mission and of the level of success in achieving operational objectives established against the target.","Functional Damage Assessment","http://www.ontologyrepository.com/CommonCoreOntologies/OrdinalMeasurementInformationContentEntity",,,
"https://foundry.ai.mil/ontology/4901-001/GlobaIntegratedTargetList",TIPO,1.0.0,,UNCLASSIFIED,"Global Integrated Target List","A Target List containing a list of targets nominated by CCMDs to support GCP and Global Integrated Framework objectives, whose   purpose in to increase visibility of targets proposed for execution that must be prioritized and synchronized globally and may be executed and/or engaged outside the supported commander’s AOR.","Global Integrated Target List","http://www.ontologyrepository.com/CommonCoreOntologies/ActionPermission;https://foundry.ai.mil/ontology/4901-001/TargetList",,,
"https://foundry.ai.mil/ontology/4901-001/JointIntegratedPrioritizedTargetList",TIPO,1.0.0,,UNCLASSIFIED,"Joint Integrated Prioritized Target List","A Target List consisting of a prioritized list of targets approved and maintained by the joint force commander.","Joint Integrated Prioritized Target List","http://www.ontologyrepository.com/CommonCoreOntologies/ActionPermission;https://foundry.ai.mil/ontology/4901-001/TargetList",,,
"https://foundry.ai.mil/ontology/4901-001/JointTargetList",TIPO,1.0.0,,UNCLASSIFIED,"Joint Target List","A Target List consisting of a consolidated list of selected targets, upon which there are no restrictions placed and considered to have military significance in the joint force commander’s operational area.","Joint Target List","http://www.ontologyrepository.com/CommonCoreOntologies/ActionPermission;https://foundry.ai.mil/ontology/4901-001/TargetList",,,
"https://foundry.ai.mil/ontology/4901-001/PhysicalDamageAssessment",TIPO,1.0.0,,UNCLASSIFIED,"Physical Damage Assessment","An Ordinal Measurement Information Content Entity where the estimate of the quantitative extent of physical damage to a target resulting from the application of military force.","Physical Damage Assessment","http://www.ontologyrepository.com/CommonCoreOntologies/OrdinalMeasurementInformationContentEntity",,,
"https://foundry.ai.mil/ontology/4901-001/RestrictedTargetList",TIPO,1.0.0,,UNCLASSIFIED,"Restricted Target List","A Target List containing a list of restricted targets nominated by elements of the joint force and approved by the joint force commander or directed by higher authorities.","Restricted Target List","http://www.ontologyrepository.com/CommonCoreOntologies/ActionPermission;https://foundry.ai.mil/ontology/4901-001/TargetList",,,
"https://foundry.ai.mil/ontology/4901-001/StrikeRestriction",TIPO,1.0.0,,UNCLASSIFIED,"Strike Restriction","A process prohibition that expresses a restriction on target engagement that was specified during the target validation process.","Strike Restriction","http://www.ontologyrepository.com/CommonCoreOntologies/ActionProhibition",,,
"https://foundry.ai.mil/ontology/4901-001/TargetDesignator",TIPO,1.0.0,,UNCLASSIFIED,"Target Designator","A Designative information content entity assigning an entity with the role of a target. ","Target Designator","http://www.ontologyrepository.com/CommonCoreOntologies/DesignativeInformationContentEntity",,,
"https://foundry.ai.mil/ontology/4901-001/TargetFolder",TIPO,1.0.0,,UNCLASSIFIED,"Target Folder","An information bearing artifact that carries information about target intelligence and related materials prepared for planning and executing actions against a specific target.","Target Folder","http://www.ontologyrepository.com/CommonCoreOntologies/InformationBearingArtifact",,,
"https://foundry.ai.mil/ontology/4901-001/TargetLegalAssessment",TIPO,1.0.0,,UNCLASSIFIED,"Target Legal Assessment","A process regulation that consists of an assessment of whether an object meets the legal criteria requirements to be a target.","Target Legal Review","http://www.ontologyrepository.com/CommonCoreOntologies/ActionRegulation",,,
"https://foundry.ai.mil/ontology/4901-001/TargetLegalAssessmentEntry",TIPO,1.0.0,,UNCLASSIFIED,"Target Legal Assessment Entry","A target folder entry that records a Target Legal Assessment.","Target Legal Review Entry","https://foundry.ai.mil/ontology/4901-001/TargetFolderEntry",,,
"https://foundry.ai.mil/ontology/4901-001/TargetList",TIPO,1.0.0,,UNCLASSIFIED,"Target List","A Directive Information Content Entity containing a consolidated list of selected targets considered to have military significance in the combatant commanders area of responsibility.","Target List","http://www.ontologyrepository.com/CommonCoreOntologies/DirectiveInformationContentEntity",,,
"https://foundry.ai.mil/ontology/4901-001/TargetNominationList",TIPO,1.0.0,,UNCLASSIFIED,"Target Nomination List","A Target List consisting of a prioritized list of targets drawn from the joint target list and nominated by component commanders, appropriate agencies, or the joint force commander’s staff for inclusion on the joint integrated prioritized target list.","Target Nomination List","https://foundry.ai.mil/ontology/4901-001/TargetList",,,
"https://foundry.ai.mil/ontology/4901-001/TargetNumber",TIPO,1.0.0,,UNCLASSIFIED,"Target Number","A Code Identifier which designates an entity for consideration for engagement or other action.","Target Number","http://www.ontologyrepository.com/CommonCoreOntologies/CodeIdentifier",,,
"https://foundry.ai.mil/ontology/4901-001/TargetRole",TIPO,1.0.0,,UNCLASSIFIED,"Target Role","A Role that inheres in an Agent by virtue of that Agent as having been identified by some appropriate authority for possible engagement or other action.","Target Role","http://purl.obolibrary.org/obo/BFO_0000023",,,
"https://foundry.ai.mil/ontology/4901-001/TargetValidation",TIPO,1.0.0,,UNCLASSIFIED,"Target Validation","An action permission that affirms that a target specification meets the objectives and criteria outlined in the commander’s guidance and complies with the law of war and rules of engagement.","Strike Restriction","http://www.ontologyrepository.com/CommonCoreOntologies/ActionPermission",,,
"https://foundry.ai.mil/ontology/4901-001/TargetVettingAssessment",TIPO,1.0.0,,UNCLASSIFIED,"Target Vetting Assessment","A descriptive information content entity that supports the assessment of accuracy of intelligence by a defense-related agency.","Target Vetting","http://www.ontologyrepository.com/CommonCoreOntologies/DescriptiveInformationContentEntity",,,
"https://foundry.ai.mil/ontology/4901-001/TargetVettingAssessmentEntry",TIPO,1.0.0,,UNCLASSIFIED,"target vetting assessment entry","A target folder entry that assesses the accuracy of the supporting intelligence for targeting.","target vetting entry","https://foundry.ai.mil/ontology/4901-001/TargetFolderEntry",,,
"http://purl.obolibrary.org/obo/BFO_0000001",BFO,1.7.0,,UNCLASSIFIED,"entity","(Elucidation) An entity is anything that exists or has existed or will exist","entity","http://www.w3.org/2002/07/owl#Thing",,,
"http://purl.obolibrary.org/obo/BFO_0000002",BFO,1.7.0,,UNCLASSIFIED,"continuant","(Elucidation) A continuant is an entity that persists, endures, or continues to exist through time while maintaining its identity","continuant","http://purl.obolibrary.org/obo/BFO_0000001",,,
"http://purl.obolibrary.org/obo/BFO_0000003",BFO,1.7.0,,UNCLASSIFIED,"occurrent","(Elucidation) An occurrent is an entity that unfolds itself in time or it is the start or end of such an entity or it is a temporal or spatiotemporal region","occurrent","http://purl.obolibrary.org/obo/BFO_0000001",,,
"http://purl.obolibrary.org/obo/BFO_0000004",BFO,1.7.0,,UNCLASSIFIED,"independent continuant","b is an independent continuant =Def b is a continuant which is such that there is no c such that b s-depends on c and no c such that b g-depends on c","independent continuant","http://purl.obolibrary.org/obo/BFO_0000002",,,
"http://purl.obolibrary.org/obo/BFO_0000006",BFO,1.7.0,,UNCLASSIFIED,"spatial region","(Elucidation) A spatial region is a continuant entity that is a continuant part of the spatial projection of a portion of spacetime at a given time","spatial region","http://purl.obolibrary.org/obo/BFO_0000141",,,
"http://purl.obolibrary.org/obo/BFO_0000008",BFO,1.7.0,,UNCLASSIFIED,"temporal region","(Elucidation) A temporal region is an occurrent over which processes can unfold","temporal region","http://purl.obolibrary.org/obo/BFO_0000003",,,
"http://purl.obolibrary.org/obo/BFO_0000009",BFO,1.7.0,,UNCLASSIFIED,"two-dimensional spatial region","(Elucidation) A two-dimensional spatial region is a spatial region that is a whole consisting of a surface together with zero or more surfaces and/or spatial regions of lower dimension as parts","two-dimensional spatial region","http://purl.obolibrary.org/obo/BFO_0000006",,,
"http://purl.obolibrary.org/obo/BFO_0000011",BFO,1.7.0,,UNCLASSIFIED,"spatiotemporal region","(Elucidation) A spatiotemporal region is an occurrent that is an occurrent part of spacetime","spatiotemporal region","http://purl.obolibrary.org/obo/BFO_0000003",,,
"http://purl.obolibrary.org/obo/BFO_0000015",BFO,1.7.0,,UNCLASSIFIED,"process","(Elucidation) p is a process means p is an occurrent that has some temporal proper part and for some time t, p has some material entity as participant at t","process","http://purl.obolibrary.org/obo/BFO_0000003",,,
"http://purl.obolibrary.org/obo/BFO_0000016",BFO,1.7.0,,UNCLASSIFIED,"disposition","(Elucidation) b is a disposition means: b is a realizable entity & b is such that if it ceases to exist, then its bearer is physically changed, & b's realization occurs when and because this bearer is in some special physical circumstances, & this realization occurs in virtue of the bearer's physical make-up","disposition","http://purl.obolibrary.org/obo/BFO_0000017",,,
"http://purl.obolibrary.org/obo/BFO_0000017",BFO,1.7.0,,UNCLASSIFIED,"realizable entity","(Elucidation) b is a realizable entity means: b is a specifically dependent continuant that inheres in some independent continuant which is not a spatial region and is of a type some instances of which are realized in processes of a correlated type","realizable entity","http://purl.obolibrary.org/obo/BFO_0000020",,,
"http://purl.obolibrary.org/obo/BFO_0000018",BFO,1.7.0,,UNCLASSIFIED,"zero-dimensional spatial region","(Elucidation) A zero-dimensional spatial region is one or a collection of more than one spatially disjoint points in space","zero-dimensional spatial region","http://purl.obolibrary.org/obo/BFO_0000006",,,
"http://purl.obolibrary.org/obo/BFO_0000019",BFO,1.7.0,,UNCLASSIFIED,"quality","(Elucidation) a quality is a specifically dependent continuant that, in contrast to roles and dispositions, does not require any further process in order to be realized","quality","http://purl.obolibrary.org/obo/BFO_0000020",,,
"http://purl.obolibrary.org/obo/BFO_0000020",BFO,1.7.0,,UNCLASSIFIED,"specifically dependent continuant","b is a specifically dependent continuant =Def b is a continuant & there is some independent continuant c which is not a spatial region & which is such that b s-depends on c","specifically dependent continuant","http://purl.obolibrary.org/obo/BFO_0000002",,,
"http://purl.obolibrary.org/obo/BFO_0000023",BFO,1.7.0,,UNCLASSIFIED,"role","(Elucidation) b is a role means: b is a realizable entity & b exists because there is some single bearer that is in some special physical, social, or institutional set of circumstances in which this bearer does not have to be & b is not such that, if it ceases to exist, then the physical make-up of the bearer is thereby changed","role","http://purl.obolibrary.org/obo/BFO_0000017",,,
"http://purl.obolibrary.org/obo/BFO_0000024",BFO,1.7.0,,UNCLASSIFIED,"fiat object part","(Elucidation) a fiat object part b is a material entity which is such that for all times t, if b exists at t then there is some object c such that b is a proper continuant part of c at t and b is demarcated from the remainder of c by one or more fiat surfaces","fiat object part","http://purl.obolibrary.org/obo/BFO_0000040",,,
"http://purl.obolibrary.org/obo/BFO_0000026",BFO,1.7.0,,UNCLASSIFIED,"one-dimensional spatial region","(Elucidation) A one-dimensional spatial region is a whole consisting of a line together with zero or more lines and/or points as parts","one-dimensional spatial region","http://purl.obolibrary.org/obo/BFO_0000006",,,
"http://purl.obolibrary.org/obo/BFO_0000027",BFO,1.7.0,,UNCLASSIFIED,"object aggregate","(Elucidation) an object aggregate is a material entity consisting exactly of a plurality (≥1) of objects as member parts which together form a unit","object aggregate","http://purl.obolibrary.org/obo/BFO_0000040",,,
"http://purl.obolibrary.org/obo/BFO_0000028",BFO,1.7.0,,UNCLASSIFIED,"three-dimensional spatial region","(Elucidation) A three-dimensional spatial region is a whole consisting of a spatial volume together with zero or more spatial volumes and/or spatial regions of lower dimension as parts","three-dimensional spatial region","http://purl.obolibrary.org/obo/BFO_0000006",,,
"http://purl.obolibrary.org/obo/BFO_0000029",BFO,1.7.0,,UNCLASSIFIED,"site","(Elucidation) b is a site means: b is a three-dimensional immaterial entity whose boundaries either (1) (partially or wholly) coincide with the boundaries of one or more material entities or (2) have locations determined in relation to some material entity","site","http://purl.obolibrary.org/obo/BFO_0000141",,,
"http://purl.obolibrary.org/obo/BFO_0000030",BFO,1.7.0,,UNCLASSIFIED,"object","(Elucidation) an object is a material entity which manifests causal unity & is of a type instances of which are maximal relative to the sort of causal unity manifested","object","http://purl.obolibrary.org/obo/BFO_0000040",,,
"http://purl.obolibrary.org/obo/BFO_0000031",BFO,1.7.0,,UNCLASSIFIED,"generically dependent continuant","(Elucidation) a generically dependent continuant is an entity that exists in virtue of the fact that there is at least one of what may be multiple copies; it is the content or the pattern that the multiple copies share","generically dependent continuant","http://purl.obolibrary.org/obo/BFO_0000002",,,
"http://purl.obolibrary.org/obo/BFO_0000034",BFO,1.7.0,,UNCLASSIFIED,"function","(Elucidation) A function is a disposition that exists in virtue of the bearer's physical make-up and this physical make-up is something the bearer possesses because it came into being either through evolution (in the case of natural biological entities) or through intentional design (in the case of artefacts), in order to realize processes of a certain sort","function","http://purl.obolibrary.org/obo/BFO_0000016",,,
"http://purl.obolibrary.org/obo/BFO_0000035",BFO,1.7.0,,UNCLASSIFIED,"process boundary","p is a process boundary =Def p is a temporal part of a process & p has no proper temporal parts","process boundary","http://purl.obolibrary.org/obo/BFO_0000003",,,
"http://purl.obolibrary.org/obo/BFO_0000038",BFO,1.7.0,,UNCLASSIFIED,"one-dimensional temporal region","(Elucidation) A one-dimensional temporal region is a temporal region is a whole that has a temporal interval and zero or more temporal intervals and temporal instants as parts","one-dimensional temporal region","http://purl.obolibrary.org/obo/BFO_0000008",,,
"http://purl.obolibrary.org/obo/BFO_0000040",BFO,1.7.0,,UNCLASSIFIED,"material entity","(Elucidation) A material entity is an independent continuant that at all times at which it exists has some portion of matter as continuant part","material entity","http://purl.obolibrary.org/obo/BFO_0000004",,,
"http://purl.obolibrary.org/obo/BFO_0000140",BFO,1.7.0,,UNCLASSIFIED,"continuant fiat boundary","(Elucidation) b is a continuant fiat boundary means: b is an immaterial entity that is of zero, one or two dimensions, which is such that there is no time t when b has a spatial region as continuant part at t, and whose location is determined in relation to some material entity","continuant fiat boundary","http://purl.obolibrary.org/obo/BFO_0000141",,,
"http://purl.obolibrary.org/obo/BFO_0000141",BFO,1.7.0,,UNCLASSIFIED,"immaterial entity","a is an immaterial entity =Def a is an independent continuant which is such that there is no time t when it has a material entity as continuant part at t","immaterial entity","http://purl.obolibrary.org/obo/BFO_0000004",,,
"http://purl.obolibrary.org/obo/BFO_0000142",BFO,1.7.0,,UNCLASSIFIED,"fiat line","(Elucidation) a fiat line is a one-dimensional continuant fiat boundary that is continuous","fiat line","http://purl.obolibrary.org/obo/BFO_0000140",,,
"http://purl.obolibrary.org/obo/BFO_0000145",BFO,1.7.0,,UNCLASSIFIED,"relational quality","b is a relational quality =Def b is a quality and there exists c and d such that b and c are not identical, & b s-depends on c & b s-depends on d","relational quality","http://purl.obolibrary.org/obo/BFO_0000019",,,
"http://purl.obolibrary.org/obo/BFO_0000146",BFO,1.7.0,,UNCLASSIFIED,"fiat surface","(Elucidation) a fiat surface is a two-dimensional continuant fiat boundary that is self-connected","fiat surface","http://purl.obolibrary.org/obo/BFO_0000140",,,
"http://purl.obolibrary.org/obo/BFO_0000147",BFO,1.7.0,,UNCLASSIFIED,"fiat point","(Elucidation) a fiat point is a zero-dimensional continuant fiat boundary that consists of a single point","fiat point","http://purl.obolibrary.org/obo/BFO_0000140",,,
"http://purl.obolibrary.org/obo/BFO_0000148",BFO,1.7.0,,UNCLASSIFIED,"zero-dimensional temporal region","(Elucidation) A zero-dimensional temporal region is a temporal region that is a whole consisting of one or more separated temporal instants as parts","zero-dimensional temporal region","http://purl.obolibrary.org/obo/BFO_0000008",,,
"http://purl.obolibrary.org/obo/BFO_0000182",BFO,1.7.0,,UNCLASSIFIED,"history","(Elucidation) A history is a process that is the sum of the totality of processes taking place in the spatiotemporal region occupied by the material part of a material entity","history","http://purl.obolibrary.org/obo/BFO_0000015",,,
"http://purl.obolibrary.org/obo/BFO_0000202",BFO,1.7.0,,UNCLASSIFIED,"temporal interval","(Elucidation) a temporal interval is a one-dimensional temporal region that is continuous, thus without gaps or breaks","temporal interval","http://purl.obolibrary.org/obo/BFO_0000038",,,
"http://purl.obolibrary.org/obo/BFO_0000203",BFO,1.7.0,,UNCLASSIFIED,"temporal instant","(Elucidation) a temporal instant is a zero-dimensional temporal region that has no proper temporal part","temporal instant","http://purl.obolibrary.org/obo/BFO_0000148",,,
"http://www.ontologyrepository.com/CommonCoreOntologies/DelimitingDomain",CCO-S,1.7.0,,UNCLASSIFIED,"Delimiting Domain",,"Delimiting Domain","http://www.ontologyrepository.com/CommonCoreOntologies/GeospatialRegion",,,
"http://www.ontologyrepository.com/CommonCoreOntologies/DisruptingDisposition",CCO-S,1.7.0,,UNCLASSIFIED,"Disrupting Disposition",,"Threat","http://purl.obolibrary.org/obo/BFO_0000034",,,
"http://www.ontologyrepository.com/CommonCoreOntologies/GeopoliticalEntity",CCO-S,1.7.0,,UNCLASSIFIED,"Government Domain",,"Geopolitical Entity","http://www.ontologyrepository.com/CommonCoreOntologies/DelimitingDomain",,,
"https://foundry.ai.mil/ontology/meks/c-0000001007",MEO-S,1.7.0,,UNCLASSIFIED,"Acoustic Sensor","A sensor that is designed to detect pressure waves made by the propagation of a sound vibration(s) in gases, liquids, or solids.","Acoustic Sensor","http://www.ontologyrepository.com/CommonCoreOntologies/Sensor",,,
"https://foundry.ai.mil/ontology/meks/c-0000001049",MEO-S,1.7.0,,UNCLASSIFIED,"Air Vehicle","A vehicle capable of atmospheric flight due to interaction with the air, such as buoyancy or lift.","Air Vehicle","http://www.ontologyrepository.com/CommonCoreOntologies/Vehicle",,,
"https://foundry.ai.mil/ontology/meks/c-0000001132",MEO-S,1.7.0,,UNCLASSIFIED,"Anti-tank Weapon","A weapon that has an anti-tank function.","Anti-tank Weapon","http://www.ontologyrepository.com/CommonCoreOntologies/Weapon",,,
"https://foundry.ai.mil/ontology/meks/c-0000001157",MEO-S,1.7.0,,UNCLASSIFIED,"Armored Ground Vehicle","A standardized armored ground vehicle that consists of an integrated engine, transmission, driveshaft, suspension, and tracks, which are enclosed in an armored hull to which is mounted alternative mission-specific systems (for example: anti-tank weapon, ammunition resupply equipment, field artillery, engineering equipment).","Armored Vehicle","http://www.ontologyrepository.com/CommonCoreOntologies/GroundVehicle",,,
"https://foundry.ai.mil/ontology/meks/c-0000001278",MEO-S,1.7.0,,UNCLASSIFIED,"Command Control and Communication System","A system that that is capable of command, control, and communications.","C3 System","https://foundry.ai.mil/ontology/meks/c-0000002666",,,
"https://foundry.ai.mil/ontology/meks/c-0000001370",MEO-S,1.7.0,,UNCLASSIFIED,"Command and Control System","A command and control system that is an assembly of equipment, methods and procedures and, if necessary, personnel, that enables commanders and their staffs to exercise command and control.","C2 System","https://foundry.ai.mil/ontology/meks/c-0000001278",,,
"https://foundry.ai.mil/ontology/meks/c-0000001493",MEO-S,1.7.0,,UNCLASSIFIED,"Depth Charge Launcher","A weapon that is used as a computer-controlled mortar that can fire depth chargers away from a ship.","Depth Charge Launcher","http://www.ontologyrepository.com/CommonCoreOntologies/Weapon",,,
"https://foundry.ai.mil/ontology/meks/c-0000001566",MEO-S,1.7.0,,UNCLASSIFIED,"Electronic Warfare Support Equipment","Electronic warfare equipment that is used to search for, intercept, identify, and locate or localize sources of intentional and unintentional radiated electromagnetic energy for the purpose of immediate threat recognition, targeting, planning and conduct of future operations.","Electronic Warfare Support Equipment","https://foundry.ai.mil/ontology/meks/c-0000001574",,,
"https://foundry.ai.mil/ontology/meks/c-0000001574",MEO-S,1.7.0,,UNCLASSIFIED,"Electronic Warfare Equipment","A material artifact that is equipment used in electronic warfare.","Electronic Warfare Equipment","http://www.ontologyrepository.com/CommonCoreOntologies/Artifact",,,
"https://foundry.ai.mil/ontology/meks/c-0000001580",MEO-S,1.7.0,,UNCLASSIFIED,"Electro-Optical Equipment","Electronic devices which operate by the propagation and interaction of light with various tailored materials.","Electro-Optical Equipment","https://foundry.ai.mil/ontology/meks/c-0000002215",,,
"https://foundry.ai.mil/ontology/meks/c-0000001602",MEO-S,1.7.0,,UNCLASSIFIED,"Engineering Equipment","A material artifact specially designed to execute construction tasks, involving earthwork operations or other large construction tasks.","Engineering Equipment","http://www.ontologyrepository.com/CommonCoreOntologies/Artifact",,,
"https://foundry.ai.mil/ontology/meks/c-0000001663",MEO-S,1.7.0,,UNCLASSIFIED,"Fixed Wing Aircraft","An air vehicle that uses wings that generate lift caused by the aircraft's forward airspeed and the shape of the wings.","Fixed Wing Aircraft","https://foundry.ai.mil/ontology/meks/c-0000001049",,,
"https://foundry.ai.mil/ontology/meks/c-0000001750",MEO-S,1.7.0,,UNCLASSIFIED,"Grenade Launcher","A projectile-firing light weapon that launches a specially-designed bomb (for example: fragmentation grenade) with longer range and greater accuracy of impact than can be achieved if the bomb were thrown by hand.","Grenade Launcher","http://www.ontologyrepository.com/CommonCoreOntologies/Weapon",,,
"https://foundry.ai.mil/ontology/meks/c-0000001770",MEO-S,1.7.0,,UNCLASSIFIED,"Artillery Piece","A weapon that has an artillery function.","Artillery Piece","http://www.ontologyrepository.com/CommonCoreOntologies/Weapon",,,
"https://foundry.ai.mil/ontology/meks/c-0000002024",MEO-S,1.7.0,,UNCLASSIFIED,"Microwave Equipment","A radio communication instrument that uses specialized equipment to transmit and receive radio frequency over long distances without the use of wires or cables.","Microwave Equipment","http://www.ontologyrepository.com/CommonCoreOntologies/RadioCommunicationInstrument",,,
"https://foundry.ai.mil/ontology/meks/c-0000002090",MEO-S,1.7.0,,UNCLASSIFIED,"Missile Launcher Vehicle","A missile ground vehicle that is used to launch missiles.","Missile Launcher Vehicle","http://www.ontologyrepository.com/CommonCoreOntologies/GroundVehicle",,,
"https://foundry.ai.mil/ontology/meks/c-0000002108",MEO-S,1.7.0,,UNCLASSIFIED,"Missile System","A system that uses rocket propulsion to deliver explosive warheads to targets.","Missile System","https://foundry.ai.mil/ontology/meks/c-0000002666",,,
"https://foundry.ai.mil/ontology/meks/c-0000002129",MEO-S,1.7.0,,UNCLASSIFIED,"Mobile Station","A mobile station that is intended to be mobilized by part of a vehicle to provide that station's capability at a location.","Mobile Station","https://foundry.ai.mil/ontology/meks/c-0000009903",,,
"https://foundry.ai.mil/ontology/meks/c-0000002156",MEO-S,1.7.0,,UNCLASSIFIED,"Naval Gun","A tube-launched projectile-firing weapon that is mounted on a warship.","Naval Gun","https://foundry.ai.mil/ontology/meks/c-0000001770",,,
"https://foundry.ai.mil/ontology/meks/c-0000002160",MEO-S,1.7.0,,UNCLASSIFIED,"Naval Surface Vessel","A surface vessel that is used by a naval force in a body of water.","Naval Vessel","https://foundry.ai.mil/ontology/meks/c-0000009953",,,
"https://foundry.ai.mil/ontology/4901-001/ContinuantAggregate",SO,1.0.0,,UNCLASSIFIED,"Continuant Aggregate","A Continuant consisting exactly of a plurality (>1) of Continuants as component parts which together form a unit.",,"http://purl.obolibrary.org/obo/BFO_0000002",,,
"https://foundry.ai.mil/ontology/4901-001/EngineeredSystem",SO,1.0.0,,UNCLASSIFIED,"Engineered System","A System that has some of its component parts, and some of the interactions between its component parts, prescribed by some Directive Information Content Entity so that the component parts realize some realizable entity to contribute to achieving some Objective.",,"https://foundry.ai.mil/ontology/4901-001/System",,,
"https://foundry.ai.mil/ontology/4901-001/FiatMaterialPart",SO,1.0.0,,UNCLASSIFIED,"Fiat Material Part","A fiat material part b is a material entity & such that if b exists then it is continuant part of some material entity c & demarcated from the remainder of c by one or more fiat surfaces.",,"http://purl.obolibrary.org/obo/BFO_0000040",,,
"https://foundry.ai.mil/ontology/4901-001/LogicalInterface",SO,1.0.0,,UNCLASSIFIED,"Logical Interface","A Material Interface that has continuant parts at least two Material Fiat Surfaces that (i) are each a continuant part of some System Element; (ii) flow interface with one another by exchanging some information carrier.",,"https://foundry.ai.mil/ontology/4901-001/MaterialInterface",,,
"https://foundry.ai.mil/ontology/4901-001/MaterialFiatSurface",SO,1.0.0,,UNCLASSIFIED,"Material Fiat Surface","A Material Fiat Part that is co-located with some Fiat Surface.",,"https://foundry.ai.mil/ontology/4901-001/FiatMaterialPart",,,
"https://foundry.ai.mil/ontology/4901-001/MaterialInterface",SO,1.0.0,,UNCLASSIFIED,"Material Interface","A Fiat Material Part that has continuant parts at least two Material Fiat Surfaces that (i) are each a continuant part of some System Element; (ii) interface with one another.",,"https://foundry.ai.mil/ontology/4901-001/FiatMaterialPart",,,
"https://foundry.ai.mil/ontology/4901-001/PhysicalInterface",SO,1.0.0,,UNCLASSIFIED,"Physical Interface","A Material Interface that has continuant parts at least two Material Fiat Surfaces that (i) are each a continuant part of some System Element; (ii) physically interface with one another.",,"https://foundry.ai.mil/ontology/4901-001/MaterialInterface",,,
"https://foundry.ai.mil/ontology/4901-001/System",SO,1.0.0,,UNCLASSIFIED,"System","A Continuant Aggregate such that each component part interacts with at least one other component part.",,"https://foundry.ai.mil/ontology/4901-001/ContinuantAggregate",,,
"https://foundry.ai.mil/ontology/4901-001/SystemComponent",SO,1.0.0,,UNCLASSIFIED,"System Component","A component part of some System.",,"http://purl.obolibrary.org/obo/BFO_0000002",,,
"https://foundry.ai.mil/ontology/4901-001/SystemElement",SO,1.0.0,,UNCLASSIFIED,"System Element","An element of some System.",,"https://foundry.ai.mil/ontology/4901-001/SystemComponent",,,
"http://www.ontologyrepository.com/CommonCoreOntologies/TargetFolderGraphic",TIPO,1.0.0,,UNCLASSIFIED,"Target folder graphic","An image that depicts a certain type of information relevant to the target development process by means of a graphical format specified in guidance.",,"http://www.ontologyrepository.com/CommonCoreOntologies/Image",,,
"https://foundry.ai.mil/ontology/4901-001/AimpointSpecification",TIPO,1.0.0,,UNCLASSIFIED,"Aimpoint Specification","A directive information content entity that associates a point with a target and is assigned for a specific weapon impact.",,"http://www.ontologyrepository.com/CommonCoreOntologies/DirectiveInformationContentEntity",,,
"https://foundry.ai.mil/ontology/4901-001/BattleDamageAssessment",TIPO,1.0.0,,UNCLASSIFIED,"battle damage assessment","An estimate information content entity that provides an assessment of the damage resulting from the application of lethal or nonlethal military force.",,"http://www.ontologyrepository.com/CommonCoreOntologies/EstimateInformationContentEntity",,,
"https://foundry.ai.mil/ontology/meks/c-0000002215",MEO-S,1.7.0,,UNCLASSIFIED,"Optical Equipment","An artifact that is equipment that deals with the genesis and propagation of light, the changes that it undergoes and produces, and other phenomena closely associated with it.","Optical Equipment","http://www.ontologyrepository.com/CommonCoreOntologies/Artifact",,,
"https://foundry.ai.mil/ontology/4901-001/CollateralDamageAssessment",TIPO,1.0.0,,UNCLASSIFIED,"collateral damage assessment","An estimate information content entity that provides an assessment of collateral damage resulting from the application of lethal or nonlethal military force during a target engagement.",,"http://www.ontologyrepository.com/CommonCoreOntologies/EstimateInformationContentEntity",,,
"https://foundry.ai.mil/ontology/4901-001/CollateralDamageEstimate",TIPO,1.0.0,,UNCLASSIFIED,"collateral damage estimate","An estimate information content entity that describes the potential for collateral damage that would result from a target engagement.",,"http://www.ontologyrepository.com/CommonCoreOntologies/EstimateInformationContentEntity",,,
"https://foundry.ai.mil/ontology/4901-001/CollateralDamageEstimateEntry",TIPO,1.0.0,,UNCLASSIFIED,"collateral damage estimate entry","A target folder entry that records a Collateral Damage Estimate.",,"https://foundry.ai.mil/ontology/4901-001/TargetFolderEntry",,,
"https://foundry.ai.mil/ontology/4901-001/CollateralDamageEstimateGraphic",TIPO,1.0.0,,UNCLASSIFIED,"Collateral Damage Estimate graphic","A Target Folder Graphic that visually depicts the output of a collateral damage estimate and assists engagement authorities in weighing risk against military necessity and assessing proportionality within the framework of the JPP.",,"http://www.ontologyrepository.com/CommonCoreOntologies/TargetFolderGraphic",,,
"https://foundry.ai.mil/ontology/4901-001/CombatAssessment",TIPO,1.0.0,,UNCLASSIFIED,"combat assessment","A descriptive information content entity that consists of an asssessment of the overall effectiveness of force employment during a military operation.",,"http://www.ontologyrepository.com/CommonCoreOntologies/DescriptiveInformationContentEntity",,,
"https://foundry.ai.mil/ontology/meks/c-0000002355",MEO-S,1.7.0,,UNCLASSIFIED,"Radar","A sensor that uses radio waves to detect and determine the range, altitude, direction, and/or speed of both moving and fixed objects (for example: aircraft, ships, motor vehicles, weather formations, and terrain).","Radar","http://www.ontologyrepository.com/CommonCoreOntologies/Sensor",,,
"https://foundry.ai.mil/ontology/4901-001/CriticalTargetElementGraphic",TIPO,1.0.0,,UNCLASSIFIED,"Critical target element graphic","A Target Folder Graphic depiction that identifies a feature or part of a target that enables it to perform a function and, if effectively engaged, should achieve the commander's objective or create a significant effect on the target.",,"http://www.ontologyrepository.com/CommonCoreOntologies/TargetFolderGraphic",,,
"https://foundry.ai.mil/ontology/4901-001/FacilityOutlineGraphic",TIPO,1.0.0,,UNCLASSIFIED,"Facility outline graphic","A Target Folder Graphic depiction that provides the authoritative outline for a facility of interest for the targeting community.",,"http://www.ontologyrepository.com/CommonCoreOntologies/TargetFolderGraphic",,,
"https://foundry.ai.mil/ontology/meks/c-0000002369",MEO-S,1.7.0,,UNCLASSIFIED,"Radio Communication System","A radio communication instrument that is used to carry information across space with radio waves.","Radio Communication System","http://www.ontologyrepository.com/CommonCoreOntologies/RadioCommunicationInstrument",,,
"https://foundry.ai.mil/ontology/meks/c-0000002464",MEO-S,1.7.0,,UNCLASSIFIED,"Rotary Wing Aircraft","An air vehicle whose lift is derived from the aerodynamic forces acting on one or more powered rotors turning about substantially vertical axes.","Rotary Wing Aircraft","https://foundry.ai.mil/ontology/meks/c-0000001049",,,
"https://foundry.ai.mil/ontology/4901-001/JointDesiredPointOfImpact",TIPO,1.0.0,,UNCLASSIFIED,"joint desired point of impact","An aimpoint specification that associates a three-dimensional mensurated coordinate with a target to achieve an explicit weaponeering objective.",,"https://foundry.ai.mil/ontology/4901-001/AimpointSpecification",,,
"https://foundry.ai.mil/ontology/4901-001/JointDesiredPointOfImpactGraphic",TIPO,1.0.0,,UNCLASSIFIED,"Joint Desired Point Of Impact graphic","A Target Folder Graphic that couples mensurated data with detailed visual intelligence to support the employment of precision weapons.",,"http://www.ontologyrepository.com/CommonCoreOntologies/TargetFolderGraphic",,,
"https://foundry.ai.mil/ontology/meks/c-0000002474",MEO-S,1.7.0,,UNCLASSIFIED,"RPV Ground Control Station","A mobile station that allows operators to communicate with and control a drone.","RPV Ground Control Station","https://foundry.ai.mil/ontology/meks/c-0000002129",,,
"https://foundry.ai.mil/ontology/meks/c-0000002488",MEO-S,1.7.0,,UNCLASSIFIED,"Surface-to-Air Missile System","A missile system consisting of surface-to-air missile(s), launcher(s), sensor(s), and integrated electronic equipment for target acquisition, aiming, or fire control, or a combination of such purposes.","Surface-to-Air Missile System","https://foundry.ai.mil/ontology/meks/c-0000002108",,,
"https://foundry.ai.mil/ontology/4901-001/MunitionsEffectivenessAssessment",TIPO,1.0.0,,UNCLASSIFIED,"munitions effectiveness assessment","An estimate information content entity that compares the actual effectiveness of the weapons systems and/or munitions employed in a target engagement to their anticipated effectiveness calculated during the capability analysis phase of the joint targeting cycle.",,"http://www.ontologyrepository.com/CommonCoreOntologies/EstimateInformationContentEntity",,,
"https://foundry.ai.mil/ontology/4901-001/NoStrikeList",TIPO,1.0.0,,UNCLASSIFIED,"No Strike List","A process prohibition containing a list of objects or entities characterized as protected from the effects of military operations under international law and/or rules of engagement.",,"http://www.ontologyrepository.com/CommonCoreOntologies/ActionProhibition",,,
"https://foundry.ai.mil/ontology/meks/c-0000002563",MEO-S,1.7.0,,UNCLASSIFIED,"Small Arms","A weapon that is a firearm or gun that can expel or launch a shot, bullet, or projectile by action of explosive.","Small Arms","http://www.ontologyrepository.com/CommonCoreOntologies/Weapon",,,
"https://foundry.ai.mil/ontology/4901-001/ReattackRecommendation",TIPO,1.0.0,,UNCLASSIFIED,"Reattack Recommendation","A process regulation, derived from the results of BDA and munitions effectiveness assessment, that provides the commander systematic advice on re-attack of targets.",,"http://www.ontologyrepository.com/CommonCoreOntologies/ActionRegulation",,,
"https://foundry.ai.mil/ontology/meks/c-0000002728",MEO-S,1.7.0,,UNCLASSIFIED,"Thermal Imaging System","A Electro-Optical Equipment that has a Thermal Imaging Artifact Function.","Thermal Imaging System","https://foundry.ai.mil/ontology/meks/c-0000001580",,,
"https://foundry.ai.mil/ontology/meks/c-0000002761",MEO-S,1.7.0,,UNCLASSIFIED,"Trailer Vehicle","A non-self-powered ground vehicle that is designed to carry cargo and to be towed by another vehicle.","Trailer","http://org.semanticweb.owlapi/error#Error9https://foundry.ai.mil/ontology/meks/c-0000010576",,,
"https://foundry.ai.mil/ontology/4901-001/StrikeRestrictionEntry",TIPO,1.0.0,,UNCLASSIFIED,"strike restriction entry","A target folder entry that records a Strike Restriction.",,"https://foundry.ai.mil/ontology/4901-001/TargetFolderEntry",,,
"https://foundry.ai.mil/ontology/meks/c-0000002833",MEO-S,1.7.0,,UNCLASSIFIED,"Unmanned Aerial Vehicle","A powered, air vehicle that does not carry a human operator, uses aerodynamic forces to provide vehicle lift, can fly autonomously or be piloted remotely, can be expendable or recoverable, and can carry a lethal or non-lethal payload. NOTE: ballistic or semi ballistic vehicles, cruise missiles, and artillery projectiles are not considered unmanned aerial vehicles.","Unmanned Aerial Vehicle","https://foundry.ai.mil/ontology/meks/c-0000001049",,,
"https://foundry.ai.mil/ontology/meks/c-0000002835",MEO-S,1.7.0,,UNCLASSIFIED,"Unmanned Ground Vehicle","A ground vehicle without a human driver aboard that is guided through its tasks either remotely or autonomously (that is, by an internal computer program).","Unmanned Vehicle","http://www.ontologyrepository.com/CommonCoreOntologies/GroundVehicle",,,
"https://foundry.ai.mil/ontology/4901-001/TargetFolderEntry",TIPO,1.0.0,,UNCLASSIFIED,"target folder entry",,,"http://www.ontologyrepository.com/CommonCoreOntologies/InformationBearingEntity",,,
"https://foundry.ai.mil/ontology/meks/c-0000003691",MEO-S,1.7.0,,UNCLASSIFIED,"Anti-tank Function","An anti-armor function that is designed to destroy or check tanks.","Anti-tank Function","https://foundry.ai.mil/ontology/meks/c-0000003670",,,
"https://foundry.ai.mil/ontology/meks/c-0000009625",MEO-S,1.7.0,,UNCLASSIFIED,"Mobile Bridge","A bridge that has a mobile transport mode.","Mobile Bridge","http://www.ontologyrepository.com/CommonCoreOntologies/Bridge",,,
"https://foundry.ai.mil/ontology/meks/c-0000009903",MEO-S,1.7.0,,UNCLASSIFIED,"Station","A material artifact consisting of a container, module or shelter containing all equipment necessary to perform a specific function.","Station","http://www.ontologyrepository.com/CommonCoreOntologies/Artifact",,,
"https://foundry.ai.mil/ontology/meks/c-0000009939",MEO-S,1.7.0,,UNCLASSIFIED,"Lighter than Air Vehicle","An air vehicle that gains its lift through using a buoyant gas.","Lighter than Air Vehicle","https://foundry.ai.mil/ontology/meks/c-0000001049",,,
"https://foundry.ai.mil/ontology/meks/c-0000009952",MEO-S,1.7.0,,UNCLASSIFIED,"Subsurface Vessel","A watercraft that operates on the surface of the water without a crew.","Subsurface Vessel","http://www.ontologyrepository.com/CommonCoreOntologies/Watercraft",,,
"https://foundry.ai.mil/ontology/meks/c-0000009953",MEO-S,1.7.0,,UNCLASSIFIED,"Surface Vessel","A watercraft that is designed for operation on the marine surface, as distinguished from a submarine or other types of vessels.","Surface Vessel","http://www.ontologyrepository.com/CommonCoreOntologies/Watercraft",,,
"https://foundry.ai.mil/ontology/meks/c-0000010285",MEO-S,1.7.0,,UNCLASSIFIED,"Air Drop Device","A military support device that is designed to facilitate the release and/or guidance of cargo, devices, or personnel from an airborne aircraft with the purpose of delivering them to the ground in operating condition.","Air Drop System","http://www.ontologyrepository.com/CommonCoreOntologies/Artifact",,,
"https://foundry.ai.mil/ontology/4901-001/TargetValidationAuthorityRole",TIPO,1.0.0,,UNCLASSIFIED,"Target Validation Authority role","An authority role whose bearer is authorized to affirm that a candidate target meets the criteria and conditions necessary to be added to a restricted target list or joint target list.",,"http://www.ontologyrepository.com/CommonCoreOntologies/AuthorityRole",,,
"https://foundry.ai.mil/ontology/4901-001/TargetValidationEntry",TIPO,1.0.0,,UNCLASSIFIED,"target validation entry","A target folder entry that records a Target Validation.",,"https://foundry.ai.mil/ontology/4901-001/TargetFolderEntry",,,
"https://foundry.ai.mil/ontology/meks/c-0000010292",MEO-S,1.7.0,,UNCLASSIFIED,"Mine Delivery Device","A military support device that is designed to dispense landmines for tactical emplacement.","Mine Delivery System","https://foundry.ai.mil/ontology/meks/c-0000010505",,,
"https://foundry.ai.mil/ontology/meks/c-0000010419",MEO-S,1.7.0,,UNCLASSIFIED,"Medical Device","A healthcare device that is designed to be used for the treatment or prevention of a specific physical ailment.","Medical Device","https://foundry.ai.mil/ontology/meks/c-0000002699",,,
"https://foundry.ai.mil/ontology/meks/c-0000010480",MEO-S,1.7.0,,UNCLASSIFIED,"Surface-to-Surface Missile System","A system consisting of missile(s) and launcher(s) designed to launch guided missiles from the ground or the sea and strike targets on land or at sea.","Surface-to-Surface Missile System","https://foundry.ai.mil/ontology/meks/c-0000002108",,,
"https://foundry.ai.mil/ontology/meks/c-0000010501",MEO-S,1.7.0,,UNCLASSIFIED,"Non-lethal Weapon",,"Non-lethal Weapon","http://www.ontologyrepository.com/CommonCoreOntologies/Weapon",,,
"https://foundry.ai.mil/ontology/meks/c-0000010505",MEO-S,1.7.0,,UNCLASSIFIED,"Mine Operations Device","A military support device that is designed to defeat armor-piercing (AP) and/or anti-tank (AT) landmines through detection, removal, destruction, detonation, deception, or disruption.","Mine Operations Device","http://www.ontologyrepository.com/CommonCoreOntologies/Artifact",,,
"https://foundry.ai.mil/ontology/meks/c-0000010576",MEO-S,1.7.0,,UNCLASSIFIED,"Towed Ground Vehicle",,"Towed Ground Vehicle","http://www.ontologyrepository.com/CommonCoreOntologies/GroundVehicle",,,
"http://www.ontologyrepository.com/CommonCoreOntologies/AutonomousSystemNumberAddress",COE,1.0.0,,UNCLASSIFIED,"Autonomous System Number Address","A Code Identifier that designates the Autonomous System routing protocol that the Internet Protocol is using.",,"http://www.ontologyrepository.com/CommonCoreOntologies/CodeIdentifier",,,
"http://www.ontologyrepository.com/CommonCoreOntologies/BasicServiceArea",COE,1.0.0,,UNCLASSIFIED,"Basic Service Area",,,"http://purl.obolibrary.org/obo/BFO_0000029",,,
"http://www.ontologyrepository.com/CommonCoreOntologies/BasicServiceSet",COE,1.0.0,,UNCLASSIFIED,"Basic Service Set","A Computer Network that consists of Computing Devices that are wirelessly connected using a MLME-JOIN request as defined in IEEE 802.11.",,"http://www.ontologyrepository.com/CommonCoreOntologies/ComputerNetwork",,,
"http://www.ontologyrepository.com/CommonCoreOntologies/BasicServiceSetIdentifier",COE,1.0.0,,UNCLASSIFIED,"Basic Service Set Identifier","A Service Set Identifier that designates some Basic Service Set.",,"http://www.ontologyrepository.com/CommonCoreOntologies/ServiceSetIdentifier",,,
"http://www.ontologyrepository.com/CommonCoreOntologies/ComputerSystemResource",COE,1.0.0,,UNCLASSIFIED,"Computer System Resource","A Resource that is part of a Computer System and allows it to run processes and store digital information.",,"http://www.ontologyrepository.com/CommonCoreOntologies/Resource",,,
"http://www.ontologyrepository.com/CommonCoreOntologies/EmulationProcess",COE,1.0.0,,UNCLASSIFIED,"Emulation Process","A Computer Program Execution during which some Computing Device replicates the behavior of some Hardware or Software.",,"http://www.ontologyrepository.com/CommonCoreOntologies/ComputerProgramExecution",,,
"http://www.ontologyrepository.com/CommonCoreOntologies/ExtendedServiceArea",COE,1.0.0,,UNCLASSIFIED,"Extended Service Area",,,"http://purl.obolibrary.org/obo/BFO_0000029",,,
"http://www.ontologyrepository.com/CommonCoreOntologies/ExtendedServiceSet",COE,1.0.0,,UNCLASSIFIED,"Extended Service Set","A Computer Network that has one or more Infrastructure Basic Service Set as parts.",,"http://www.ontologyrepository.com/CommonCoreOntologies/ComputerNetwork",,,
"http://www.ontologyrepository.com/CommonCoreOntologies/ExtendedServiceSetIdentifier",COE,1.0.0,,UNCLASSIFIED,"Extended Service Set Identifier","A Service Set Identifier that designates an Extended Service Set.",,"http://www.ontologyrepository.com/CommonCoreOntologies/ServiceSetIdentifier",,,
"http://www.ontologyrepository.com/CommonCoreOntologies/IndependentBasicServiceSet",COE,1.0.0,,UNCLASSIFIED,"Independent Service Set","A Basic Service Set that is connected from Computing Device to Computing Device, rather than a common Wireless Network Access Point.",,"http://www.ontologyrepository.com/CommonCoreOntologies/BasicServiceSet",,,
"http://www.ontologyrepository.com/CommonCoreOntologies/InfrastructureBasicServiceSet",COE,1.0.0,,UNCLASSIFIED,"Infrastructure Basic Service Set","A Basic Service Set that is connected through a Wireless Network Access Point.",,"http://www.ontologyrepository.com/CommonCoreOntologies/BasicServiceSet",,,
"http://www.ontologyrepository.com/CommonCoreOntologies/InternetProtocolAddressVersion4",COE,1.0.0,,UNCLASSIFIED,"Internet Protocol v4 Address","An Internet Protocol Address according to the Internet Protocol Address v4 specification.",,"http://www.ontologyrepository.com/CommonCoreOntologies/InternetProtocolAddress",,,
"http://www.ontologyrepository.com/CommonCoreOntologies/InternetProtocolAddressVersion6",COE,1.0.0,,UNCLASSIFIED,"Internet Protocol v6 Address","An Internet Protocol Address according to the Internet Protocol Address v6 specification.",,"http://www.ontologyrepository.com/CommonCoreOntologies/InternetProtocolAddress",,,
"http://www.ontologyrepository.com/CommonCoreOntologies/ServiceSetIdentifier",COE,1.0.0,,UNCLASSIFIED,"Service Set Identifier","A Code Identifier that designates any Service Set.",,"http://www.ontologyrepository.com/CommonCoreOntologies/CodeIdentifier",,,
"http://www.ontologyrepository.com/CommonCoreOntologies/VirtualLocalAreaNetwork",COE,1.0.0,,UNCLASSIFIED,"Virtual Local Area Network","A Local Area Network that connects devices over the Internet.",,"http://www.ontologyrepository.com/CommonCoreOntologies/LocalAreaNetwork",,,
"http://www.ontologyrepository.com/CommonCoreOntologies/VirtualLocalAreaNetworkIdentifier",COE,1.0.0,,UNCLASSIFIED,"Virtual Local Area Network Identifier","A Code Identifier that designates a Virtual Local Area Network.",,"http://www.ontologyrepository.com/CommonCoreOntologies/CodeIdentifier",,,
"http://www.ontologyrepository.com/CommonCoreOntologies/VirtualMachineComputerProgram",COE,1.0.0,,UNCLASSIFIED,"Virtual Machine Computer Program","A Computer Program Artifact Model that directs the execution of an Emulation Process with Computer System Resources made available during a Virtualization Process.",,"http://www.ontologyrepository.com/CommonCoreOntologies/ComputerProgramArtifactModel",,,
"http://www.ontologyrepository.com/CommonCoreOntologies/VirtualizationProcess",COE,1.0.0,,UNCLASSIFIED,"Virtualization Process","A Computer Program Execution that partitions and manages some Computer System Resources.",,"http://www.ontologyrepository.com/CommonCoreOntologies/ComputerProgramExecution",,,
"http://www.ontologyrepository.com/CommonCoreOntologies/VirtualizationSoftwareModel",COE,1.0.0,,UNCLASSIFIED,"Virtualization Software Model","A Computer Program Artifact Model that directs a Virtualization Process.",,"http://www.ontologyrepository.com/CommonCoreOntologies/ComputerProgramArtifactModel",,,
"http://www.ontologyrepository.com/CommonCoreOntologies/WirelessNetworkAccessFunction",COE,1.0.0,,UNCLASSIFIED,"Wireless Network Access Function","An Information Processing Artifact function that is realized in processes wherein Computing Devices are able to connect to the same Computer Network.",,"http://www.ontologyrepository.com/CommonCoreOntologies/InformationProcessingArtifactFunction",,,
"http://www.ontologyrepository.com/CommonCoreOntologies/WirelessNetworkAccessPoint",COE,1.0.0,,UNCLASSIFIED,"Wireless Network Access Point","A Communication Instrument that bears a Wireless Network Access Point Function.",,"http://www.ontologyrepository.com/CommonCoreOntologies/CommunicationInstrument",,,
"http://www.ontologyrepository.com/CommonCoreOntologies/Act",CCO-S,1.7.0,,UNCLASSIFIED,"Act",,,"http://purl.obolibrary.org/obo/BFO_0000015",,,
"http://www.ontologyrepository.com/CommonCoreOntologies/ActOfArrival",CCO-S,1.7.0,,UNCLASSIFIED,"Act of Arrival",,,"http://www.ontologyrepository.com/CommonCoreOntologies/ActOfLocationChange",,,
"http://www.ontologyrepository.com/CommonCoreOntologies/ActOfArtifactEmployment",CCO-S,1.7.0,,UNCLASSIFIED,"Act of Artifact Employment",,,"http://www.ontologyrepository.com/CommonCoreOntologies/IntentionalAct",,,
"http://www.ontologyrepository.com/CommonCoreOntologies/ActOfArtifactModification",CCO-S,1.7.0,,UNCLASSIFIED,"Act of Artifact Modification","An Act of Artifact Processing in which an existing Artifact is acted upon in a manner that changes, adds, or removes one or more of its Qualities, Dispositions, or Functions.",,"http://www.ontologyrepository.com/CommonCoreOntologies/ActOfArtifactProcessing",,,
"http://www.ontologyrepository.com/CommonCoreOntologies/ActOfArtifactProcessing",CCO-S,1.7.0,,UNCLASSIFIED,"Act of Artifact Processing",,,"http://www.ontologyrepository.com/CommonCoreOntologies/IntentionalAct",,,
"http://www.ontologyrepository.com/CommonCoreOntologies/ActOfAssociation",CCO-S,1.7.0,,UNCLASSIFIED,"Act of Association","A Social Act wherein an Agent unites with some other Agent in a Planned Act, enterprise or business.",,"http://www.ontologyrepository.com/CommonCoreOntologies/SocialAct",,,
"http://www.ontologyrepository.com/CommonCoreOntologies/ActOfCargoTransportation",CCO-S,1.7.0,,UNCLASSIFIED,"Act of Cargo Transportation",,,"http://www.ontologyrepository.com/CommonCoreOntologies/ActOfLocationChange",,,
"http://www.ontologyrepository.com/CommonCoreOntologies/ActOfCommanding",CCO-S,1.7.0,,UNCLASSIFIED,"Act of Commanding",,,"http://www.ontologyrepository.com/CommonCoreOntologies/ActOfDirectiveCommunication",,,
"http://www.ontologyrepository.com/CommonCoreOntologies/ActOfCommunication",CCO-S,1.7.0,,UNCLASSIFIED,"Act of Communication",,,"http://www.ontologyrepository.com/CommonCoreOntologies/IntentionalAct",,,
"http://www.ontologyrepository.com/CommonCoreOntologies/ActOfConstruction",CCO-S,1.7.0,,UNCLASSIFIED,"Act of Construction",,,"http://www.ontologyrepository.com/CommonCoreOntologies/ActOfArtifactProcessing",,,
"http://www.ontologyrepository.com/CommonCoreOntologies/ActOfDeparture",CCO-S,1.7.0,,UNCLASSIFIED,"Act of Departure",,,"http://www.ontologyrepository.com/CommonCoreOntologies/ActOfLocationChange",,,
"http://www.ontologyrepository.com/CommonCoreOntologies/ActOfDirectiveCommunication",CCO-S,1.7.0,,UNCLASSIFIED,"Act of Directive Communication",,,"http://www.ontologyrepository.com/CommonCoreOntologies/ActOfCommunication",,,
"http://www.ontologyrepository.com/CommonCoreOntologies/ActOfEspionage",CCO-S,1.7.0,,UNCLASSIFIED,"Act of Espionage",,,"http://www.ontologyrepository.com/CommonCoreOntologies/ActOfIntelligenceGathering",,,
"http://www.ontologyrepository.com/CommonCoreOntologies/ActOfFacilityUse",CCO-S,1.7.0,,UNCLASSIFIED,"Act of Facility Use",,,"http://www.ontologyrepository.com/CommonCoreOntologies/ActOfArtifactEmployment",,,
"http://www.ontologyrepository.com/CommonCoreOntologies/ActOfGovernment",CCO-S,1.7.0,,UNCLASSIFIED,"Act of Government",,,"http://www.ontologyrepository.com/CommonCoreOntologies/IntentionalAct",,,
"http://www.ontologyrepository.com/CommonCoreOntologies/ActOfIntelligenceGathering",CCO-S,1.7.0,,UNCLASSIFIED,"Act of Intelligence Gathering",,,"http://www.ontologyrepository.com/CommonCoreOntologies/IntentionalAct",,,
"http://www.ontologyrepository.com/CommonCoreOntologies/ActOfLocationChange",CCO-S,1.7.0,,UNCLASSIFIED,"Act of Location Change",,,"http://www.ontologyrepository.com/CommonCoreOntologies/ActOfMotion",,,
"http://www.ontologyrepository.com/CommonCoreOntologies/ActOfMassMediaCommunication",CCO-S,1.7.0,,UNCLASSIFIED,"Act of Mass Media Communication",,,"http://www.ontologyrepository.com/CommonCoreOntologies/ActOfCommunication",,,
"http://www.ontologyrepository.com/CommonCoreOntologies/ActOfMeasuring",CCO-S,1.7.0,,UNCLASSIFIED,"Act of Measuring","A Planned Act that involves determining the extent, dimensions, quanity, or quality of an Entity relative to some standard.",,"http://www.ontologyrepository.com/CommonCoreOntologies/IntentionalAct",,,
"http://www.ontologyrepository.com/CommonCoreOntologies/ActOfMilitaryForce",CCO-S,1.7.0,,UNCLASSIFIED,"Act of Military Force",,,"http://www.ontologyrepository.com/CommonCoreOntologies/IntentionalAct",,,
"http://www.ontologyrepository.com/CommonCoreOntologies/ActOfMotion",CCO-S,1.7.0,,UNCLASSIFIED,"Act of Motion",,,"http://www.ontologyrepository.com/CommonCoreOntologies/IntentionalAct",,,
"http://www.ontologyrepository.com/CommonCoreOntologies/ActOfPersonalCommunication",CCO-S,1.7.0,,UNCLASSIFIED,"Act of Personal Communication",,,"http://www.ontologyrepository.com/CommonCoreOntologies/ActOfCommunication",,,
"http://www.ontologyrepository.com/CommonCoreOntologies/ActOfPlanning",CCO-S,1.7.0,,UNCLASSIFIED,"Act of Planning",,,"http://www.ontologyrepository.com/CommonCoreOntologies/IntentionalAct",,,
"http://www.ontologyrepository.com/CommonCoreOntologies/ActOfReconnaissance",CCO-S,1.7.0,,UNCLASSIFIED,"Act of Reconnaissance",,,"http://www.ontologyrepository.com/CommonCoreOntologies/ActOfIntelligenceGathering",,,
"http://www.ontologyrepository.com/CommonCoreOntologies/ActOfTerrorism",CCO-S,1.7.0,,UNCLASSIFIED,"Act of Terrorism",,,"http://www.ontologyrepository.com/CommonCoreOntologies/ActOfViolence",,,
"http://www.ontologyrepository.com/CommonCoreOntologies/ActOfTraining",CCO-S,1.7.0,,UNCLASSIFIED,"Act of Training",,,"http://www.ontologyrepository.com/CommonCoreOntologies/IntentionalAct",,,
"http://www.ontologyrepository.com/CommonCoreOntologies/ActOfTravel",CCO-S,1.7.0,,UNCLASSIFIED,"Act of Travel",,,"http://www.ontologyrepository.com/CommonCoreOntologies/ActOfLocationChange",,,
"http://www.ontologyrepository.com/CommonCoreOntologies/ActOfVehicleUse",CCO-S,1.7.0,,UNCLASSIFIED,"Act of Vehicle Use",,,"http://www.ontologyrepository.com/CommonCoreOntologies/ActOfArtifactEmployment",,,
"http://www.ontologyrepository.com/CommonCoreOntologies/ActOfViolence",CCO-S,1.7.0,,UNCLASSIFIED,"Act of Violence",,,"http://www.ontologyrepository.com/CommonCoreOntologies/IntentionalAct",,,
"http://www.ontologyrepository.com/CommonCoreOntologies/ActOfWeaponUse",CCO-S,1.7.0,,UNCLASSIFIED,"Act of Weapon Use",,,"http://www.ontologyrepository.com/CommonCoreOntologies/ActOfArtifactEmployment",,,
"http://www.ontologyrepository.com/CommonCoreOntologies/ActionPermission",CCO-S,1.7.0,,UNCLASSIFIED,"Action Permission","A Process Regulation that permits some Process.",,"http://www.ontologyrepository.com/CommonCoreOntologies/ActionRegulation",,,
"http://www.ontologyrepository.com/CommonCoreOntologies/ActionProhibition",CCO-S,1.7.0,,UNCLASSIFIED,"Process Prohibition","A Process Regulation that prohibits some Process.",,"http://www.ontologyrepository.com/CommonCoreOntologies/ActionRegulation",,,
"http://www.ontologyrepository.com/CommonCoreOntologies/ActionRegulation",CCO-S,1.7.0,,UNCLASSIFIED,"Process Regulation","A Directive Information Content Entity that prescribes an Process as required, prohibited, or permitted, and is the output of an Process which realizes some Authority Role.",,"http://www.ontologyrepository.com/CommonCoreOntologies/DirectiveInformationContentEntity",,,
"http://www.ontologyrepository.com/CommonCoreOntologies/ActionRequirement",CCO-S,1.7.0,,UNCLASSIFIED,"Process Requirement","A Process Regulation that requires some Process.",,"http://www.ontologyrepository.com/CommonCoreOntologies/ActionRegulation",,,
"http://www.ontologyrepository.com/CommonCoreOntologies/Agent",CCO-S,1.7.0,,UNCLASSIFIED,"Agent",,,"http://purl.obolibrary.org/obo/BFO_0000040",,,
"http://www.ontologyrepository.com/CommonCoreOntologies/AgentCapability",CCO-S,1.7.0,,UNCLASSIFIED,"Agent Capability",,,"http://purl.obolibrary.org/obo/BFO_0000017",,,
"http://www.ontologyrepository.com/CommonCoreOntologies/Aircraft",CCO-S,1.7.0,,UNCLASSIFIED,"Aircraft",,,"http://www.ontologyrepository.com/CommonCoreOntologies/Vehicle",,,
"http://www.ontologyrepository.com/CommonCoreOntologies/Algorithm",CCO-S,1.7.0,,UNCLASSIFIED,"Algorithm",,,"http://www.ontologyrepository.com/CommonCoreOntologies/DirectiveInformationContentEntity",,,
"http://www.ontologyrepository.com/CommonCoreOntologies/AllegianceRole",CCO-S,1.7.0,,UNCLASSIFIED,"Allegiance Role",,,"http://purl.obolibrary.org/obo/BFO_0000023",,,
"http://www.ontologyrepository.com/CommonCoreOntologies/AllyRole",CCO-S,1.7.0,,UNCLASSIFIED,"Ally Role",,,"http://www.ontologyrepository.com/CommonCoreOntologies/AllegianceRole",,,
"http://www.ontologyrepository.com/CommonCoreOntologies/Animal",CCO-S,1.7.0,,UNCLASSIFIED,"Animal",,,"http://www.ontologyrepository.com/CommonCoreOntologies/Organism",,,
"http://www.ontologyrepository.com/CommonCoreOntologies/Artifact",CCO-S,1.7.0,,UNCLASSIFIED,"Material Artifact",,,"http://purl.obolibrary.org/obo/BFO_0000040",,,
"http://www.ontologyrepository.com/CommonCoreOntologies/ArtifactFunction",CCO-S,1.7.0,,UNCLASSIFIED,"Artifact Function",,,"http://purl.obolibrary.org/obo/BFO_0000034",,,
"http://www.ontologyrepository.com/CommonCoreOntologies/AuthorityRole",CCO-S,1.7.0,,UNCLASSIFIED,"Authority Role","A Role that is realized by Processes which create, modify, transfer, or eliminate Process Regulations or other Authority Roles, and inheres in an Agent in virtue of collective acceptance of that Agent's ability to issue binding directives.",,"http://purl.obolibrary.org/obo/BFO_0000023",,,
"http://www.ontologyrepository.com/CommonCoreOntologies/Bridge",CCO-S,1.7.0,,UNCLASSIFIED,"Bridge","A Land Transportation Artifact that is designed to span physical obstacles without closing the way underneath to enable Persons or Ground Vehicles to pass over the obstacles.",,"http://www.ontologyrepository.com/CommonCoreOntologies/LandTransportationArtifact",,,
"http://www.ontologyrepository.com/CommonCoreOntologies/Citizen",CCO-S,1.7.0,,UNCLASSIFIED,"Citizen",,,"http://www.ontologyrepository.com/CommonCoreOntologies/Person",,,
"http://www.ontologyrepository.com/CommonCoreOntologies/CitizenRole",CCO-S,1.7.0,,UNCLASSIFIED,"Citizen Role",,,"http://purl.obolibrary.org/obo/BFO_0000023",,,
"http://www.ontologyrepository.com/CommonCoreOntologies/City",CCO-S,1.7.0,,UNCLASSIFIED,"City",,,"http://www.ontologyrepository.com/CommonCoreOntologies/LocalAdministrativeRegion",,,
"http://www.ontologyrepository.com/CommonCoreOntologies/CivilianRole",CCO-S,1.7.0,,UNCLASSIFIED,"Civilian Role",,,"http://purl.obolibrary.org/obo/BFO_0000023",,,
"http://www.ontologyrepository.com/CommonCoreOntologies/CodeIdentifier",CCO-S,1.7.0,,UNCLASSIFIED,"Code Identifier",,,"http://www.ontologyrepository.com/CommonCoreOntologies/NonNameIdentifier",,,
"http://www.ontologyrepository.com/CommonCoreOntologies/CommercialOrganization",CCO-S,1.7.0,,UNCLASSIFIED,"Commercial Organization",,,"http://www.ontologyrepository.com/CommonCoreOntologies/Organization",,,
"http://www.ontologyrepository.com/CommonCoreOntologies/CommunicationArtifactFunction",CCO-S,1.7.0,,UNCLASSIFIED,"Communication Artifact Function",,,"http://www.ontologyrepository.com/CommonCoreOntologies/ArtifactFunction",,,
"http://www.ontologyrepository.com/CommonCoreOntologies/CommunicationInstrument",CCO-S,1.7.0,,UNCLASSIFIED,"Communication Instrument","A Material Artifact that is designed to facilitate communication between at least two entities.",,"http://www.ontologyrepository.com/CommonCoreOntologies/Artifact",,,
"http://www.ontologyrepository.com/CommonCoreOntologies/Continent",CCO-S,1.7.0,,UNCLASSIFIED,"Continent",,,"http://www.ontologyrepository.com/CommonCoreOntologies/GeospatialRegion",,,
"http://www.ontologyrepository.com/CommonCoreOntologies/Country",CCO-S,1.7.0,,UNCLASSIFIED,"Country",,,"http://www.ontologyrepository.com/CommonCoreOntologies/GeopoliticalEntity",,,
"http://www.ontologyrepository.com/CommonCoreOntologies/DescriptiveInformationContentEntity",CCO-S,1.7.0,,UNCLASSIFIED,"Descriptive Information Content Entity",,,"http://www.ontologyrepository.com/CommonCoreOntologies/InformationContentEntity",,,
"http://www.ontologyrepository.com/CommonCoreOntologies/DesignativeInformationContentEntity",CCO-S,1.7.0,,UNCLASSIFIED,"Designative Information Content Entity",,,"http://www.ontologyrepository.com/CommonCoreOntologies/InformationContentEntity",,,
"http://www.ontologyrepository.com/CommonCoreOntologies/DesignativeName",CCO-S,1.7.0,,UNCLASSIFIED,"Designative Name",,,"http://www.ontologyrepository.com/CommonCoreOntologies/DesignativeInformationContentEntity",,,
"http://www.ontologyrepository.com/CommonCoreOntologies/DirectiveInformationContentEntity",CCO-S,1.7.0,,UNCLASSIFIED,"Directive Information Content Entity",,,"http://www.ontologyrepository.com/CommonCoreOntologies/InformationContentEntity",,,
"http://www.ontologyrepository.com/CommonCoreOntologies/ElectricalArtifactFunction",CCO-S,1.7.0,,UNCLASSIFIED,"Electrical Artifact Function",,,"http://www.ontologyrepository.com/CommonCoreOntologies/ArtifactFunction",,,
"http://www.ontologyrepository.com/CommonCoreOntologies/ElectricalPowerProductionArtifactFunction",CCO-S,1.7.0,,UNCLASSIFIED,"Electrical Power Production Artifact Function",,,"http://www.ontologyrepository.com/CommonCoreOntologies/ElectricalArtifactFunction",,,
"http://www.ontologyrepository.com/CommonCoreOntologies/ElectromagneticCommunicationArtifactFunction",CCO-S,1.7.0,,UNCLASSIFIED,"Electromagnetic Communication Artifact Function",,,"http://www.ontologyrepository.com/CommonCoreOntologies/CommunicationArtifactFunction",,,
"http://www.ontologyrepository.com/CommonCoreOntologies/EnemyRole",CCO-S,1.7.0,,UNCLASSIFIED,"Enemy Role",,,"http://www.ontologyrepository.com/CommonCoreOntologies/AllegianceRole",,,
"http://www.ontologyrepository.com/CommonCoreOntologies/EstimateInformationContentEntity",CCO-S,1.7.0,,UNCLASSIFIED,"Estimate Information Content Entity",,,"http://www.ontologyrepository.com/CommonCoreOntologies/MeasurementInformationContentEntity",,,
"http://www.ontologyrepository.com/CommonCoreOntologies/FirstOrderAdministrativeRegion",CCO-S,1.7.0,,UNCLASSIFIED,"First-Order Administrative Region",,,"http://www.ontologyrepository.com/CommonCoreOntologies/GeopoliticalEntity",,,
"http://www.ontologyrepository.com/CommonCoreOntologies/GeospatialCoordinateReferenceSystem",CCO-S,1.7.0,,UNCLASSIFIED,"Geospatial Coordinate Reference System",,,"http://www.ontologyrepository.com/CommonCoreOntologies/SpatialReferenceSystem",,,
"http://www.ontologyrepository.com/CommonCoreOntologies/GeospatialLocation",CCO-S,1.7.0,,UNCLASSIFIED,"Geospatial Location",,,"http://www.ontologyrepository.com/CommonCoreOntologies/GeospatialRegion",,,
"http://www.ontologyrepository.com/CommonCoreOntologies/GeospatialRegion",CCO-S,1.7.0,,UNCLASSIFIED,"Geospatial Region",,,"http://purl.obolibrary.org/obo/BFO_0000029",,,
"http://www.ontologyrepository.com/CommonCoreOntologies/Government",CCO-S,1.7.0,,UNCLASSIFIED,"Government",,,"http://www.ontologyrepository.com/CommonCoreOntologies/Organization",,,
"http://www.ontologyrepository.com/CommonCoreOntologies/GovernmentAgency",CCO-S,1.7.0,,UNCLASSIFIED,"Government Agency",,,"http://www.ontologyrepository.com/CommonCoreOntologies/Organization",,,
"http://www.ontologyrepository.com/CommonCoreOntologies/GroundMotorVehicle",CCO-S,1.7.0,,UNCLASSIFIED,"Ground Motor Vehicle","A Ground Vehicle that is designed to receive its motive power from an Engine and is not designed to travel on rails.",,"http://www.ontologyrepository.com/CommonCoreOntologies/GroundVehicle",,,
"http://www.ontologyrepository.com/CommonCoreOntologies/GroundVehicle",CCO-S,1.7.0,,UNCLASSIFIED,"Ground Vehicle",,,"http://www.ontologyrepository.com/CommonCoreOntologies/Vehicle",,,
"http://www.ontologyrepository.com/CommonCoreOntologies/GroupOfAgents",CCO-S,1.7.0,,UNCLASSIFIED,"Group of Agents",,,"http://purl.obolibrary.org/obo/BFO_0000027",,,
"http://www.ontologyrepository.com/CommonCoreOntologies/GroupOfPersons",CCO-S,1.7.0,,UNCLASSIFIED,"Group of Persons",,,"http://www.ontologyrepository.com/CommonCoreOntologies/GroupOfAgents",,,
"http://www.ontologyrepository.com/CommonCoreOntologies/Image",CCO-S,1.7.0,,UNCLASSIFIED,"Image","An Information Bearing Artifact that is designed to carry an Information Content Entity that represents some entity owing to a visual isomorphism between the carrying artifact and the entity.",,"http://www.ontologyrepository.com/CommonCoreOntologies/InformationBearingArtifact",,,
"http://www.ontologyrepository.com/CommonCoreOntologies/InformationBearingArtifact",CCO-S,1.7.0,,UNCLASSIFIED,"Information Bearing Artifact",,,"http://www.ontologyrepository.com/CommonCoreOntologies/Artifact",,,
"http://www.ontologyrepository.com/CommonCoreOntologies/InformationBearingEntity",CCO-S,1.7.0,,UNCLASSIFIED,"Information Bearing Entity",,,"http://purl.obolibrary.org/obo/BFO_0000030",,,
"http://www.ontologyrepository.com/CommonCoreOntologies/InformationContentEntity",CCO-S,1.7.0,,UNCLASSIFIED,"Information Content Entity",,,"http://purl.obolibrary.org/obo/BFO_0000031",,,
"http://www.ontologyrepository.com/CommonCoreOntologies/InformationMediumArtifact",CCO-S,1.7.0,,UNCLASSIFIED,"Information Medium Artifact",,,"http://www.ontologyrepository.com/CommonCoreOntologies/Artifact",,,
"http://www.ontologyrepository.com/CommonCoreOntologies/InfrastructureRole",CCO-S,1.7.0,,UNCLASSIFIED,"Infrastructure Role",,,"http://purl.obolibrary.org/obo/BFO_0000023",,,
"http://www.ontologyrepository.com/CommonCoreOntologies/IntentionalAct",CCO-S,1.7.0,,UNCLASSIFIED,"Planned Act",,,"http://www.ontologyrepository.com/CommonCoreOntologies/Act",,,
"http://www.ontologyrepository.com/CommonCoreOntologies/InterpersonalRelationshipRole",CCO-S,1.7.0,,UNCLASSIFIED,"Interpersonal Relationship Role",,,"http://purl.obolibrary.org/obo/BFO_0000023",,,
"http://www.ontologyrepository.com/CommonCoreOntologies/IntervalMeasurementInformationContentEntity",CCO-S,1.7.0,,UNCLASSIFIED,"Interval Measurement Information Content Entity",,,"http://www.ontologyrepository.com/CommonCoreOntologies/MeasurementInformationContentEntity",,,
"http://www.ontologyrepository.com/CommonCoreOntologies/LandTransportationArtifact",CCO-S,1.7.0,,UNCLASSIFIED,"Land Transportation Artifact","A Transportation Artifact that is fixed in place and designed to bear a Function, the realization of which is sometimes part of a process moving Vehicles and Agents from one location to another via land.",,"http://www.ontologyrepository.com/CommonCoreOntologies/TransportationArtifact",,,
"http://www.ontologyrepository.com/CommonCoreOntologies/LocalAdministrativeRegion",CCO-S,1.7.0,,UNCLASSIFIED,"Local Administrative Region",,,"http://www.ontologyrepository.com/CommonCoreOntologies/GeopoliticalEntity",,,
"http://www.ontologyrepository.com/CommonCoreOntologies/MeasurementInformationContentEntity",CCO-S,1.7.0,,UNCLASSIFIED,"Measurement Information Content Entity",,,"http://www.ontologyrepository.com/CommonCoreOntologies/DescriptiveInformationContentEntity",,,
"http://www.ontologyrepository.com/CommonCoreOntologies/MissileLauncher",CCO-S,1.7.0,,UNCLASSIFIED,"Missile Launcher","A Projectile Launcher that is designed to launch one or more Precision-Guided Missiles.",,"http://www.ontologyrepository.com/CommonCoreOntologies/ProjectileLauncher",,,
"http://www.ontologyrepository.com/CommonCoreOntologies/NaturalProcess",CCO-S,1.7.0,,UNCLASSIFIED,"Natural Process",,,"http://purl.obolibrary.org/obo/BFO_0000015",,,
"http://www.ontologyrepository.com/CommonCoreOntologies/NavigationSystem",CCO-S,1.7.0,,UNCLASSIFIED,"Navigation System","A Material Artifact that is designed to enable an Agent or Artifact to determine the position or direction of some object, usually for the purpose of monitoring or controlling the movement of some Vehicle from one place to another.",,"http://www.ontologyrepository.com/CommonCoreOntologies/Artifact",,,
"http://www.ontologyrepository.com/CommonCoreOntologies/NeutralRole",CCO-S,1.7.0,,UNCLASSIFIED,"Neutral Role",,,"http://www.ontologyrepository.com/CommonCoreOntologies/AllegianceRole",,,
"http://www.ontologyrepository.com/CommonCoreOntologies/NominalMeasurementInformationContentEntity",CCO-S,1.7.0,,UNCLASSIFIED,"Nominal Measurement Information Content Entity",,,"http://www.ontologyrepository.com/CommonCoreOntologies/MeasurementInformationContentEntity",,,
"http://www.ontologyrepository.com/CommonCoreOntologies/NonNameIdentifier",CCO-S,1.7.0,,UNCLASSIFIED,"Non-Name Identifier",,,"http://www.ontologyrepository.com/CommonCoreOntologies/DesignativeInformationContentEntity",,,
"http://www.ontologyrepository.com/CommonCoreOntologies/ObjectTrackPoint",CCO-S,1.7.0,,UNCLASSIFIED,"Object Track Point",,,"http://purl.obolibrary.org/obo/BFO_0000018",,,
"http://www.ontologyrepository.com/CommonCoreOntologies/OccupationRole",CCO-S,1.7.0,,UNCLASSIFIED,"Occupation Role",,,"http://purl.obolibrary.org/obo/BFO_0000023",,,
"http://www.ontologyrepository.com/CommonCoreOntologies/OperatorRole",CCO-S,1.7.0,,UNCLASSIFIED,"Operator Role",,,"http://purl.obolibrary.org/obo/BFO_0000023",,,
"http://www.ontologyrepository.com/CommonCoreOntologies/OpticalCommunicationArtifactFunction",CCO-S,1.7.0,,UNCLASSIFIED,"Optical Communication Artifact Function",,,"http://www.ontologyrepository.com/CommonCoreOntologies/ElectromagneticCommunicationArtifactFunction",,,
"http://www.ontologyrepository.com/CommonCoreOntologies/OrdinalMeasurementInformationContentEntity",CCO-S,1.7.0,,UNCLASSIFIED,"Ordinal Measurement Information Content Entity",,,"http://www.ontologyrepository.com/CommonCoreOntologies/MeasurementInformationContentEntity",,,
"http://www.ontologyrepository.com/CommonCoreOntologies/Organism",CCO-S,1.7.0,,UNCLASSIFIED,"Organism",,,"http://purl.obolibrary.org/obo/BFO_0000030",,,
"http://www.ontologyrepository.com/CommonCoreOntologies/Organization",CCO-S,1.7.0,,UNCLASSIFIED,"Organization",,,"http://www.ontologyrepository.com/CommonCoreOntologies/GroupOfAgents",,,
"http://www.ontologyrepository.com/CommonCoreOntologies/OrganizationCapability",CCO-S,1.7.0,,UNCLASSIFIED,"Organization Capability",,,"http://www.ontologyrepository.com/CommonCoreOntologies/AgentCapability",,,
"http://www.ontologyrepository.com/CommonCoreOntologies/OrganizationMember",CCO-S,1.7.0,,UNCLASSIFIED,"Organization Member",,,"http://www.ontologyrepository.com/CommonCoreOntologies/Person",,,
"http://www.ontologyrepository.com/CommonCoreOntologies/OrganizationMemberRole",CCO-S,1.7.0,,UNCLASSIFIED,"Organization Member Role",,,"http://purl.obolibrary.org/obo/BFO_0000023",,,
"http://www.ontologyrepository.com/CommonCoreOntologies/Person",CCO-S,1.7.0,,UNCLASSIFIED,"Person",,,"http://www.ontologyrepository.com/CommonCoreOntologies/Animal",,,
"http://www.ontologyrepository.com/CommonCoreOntologies/PortionOfAmmunition",CCO-S,1.7.0,,UNCLASSIFIED,"Portion of Ammunition","A Weapon that is designed to inflict harm, damage, or incapacity by being projected toward its target at a significant Velocity.",,"http://www.ontologyrepository.com/CommonCoreOntologies/Weapon",,,
"http://www.ontologyrepository.com/CommonCoreOntologies/PortionOfLithosphere",CCO-S,1.7.0,,UNCLASSIFIED,"Portion of Lithosphere",,,"http://purl.obolibrary.org/obo/BFO_0000024",,,
"http://www.ontologyrepository.com/CommonCoreOntologies/PrecisionGuidedMissile",CCO-S,1.7.0,,UNCLASSIFIED,"Precision-Guided Missile","A Portion of Ammunition that is designed to be a self-propelled and precision-guided projectile that delivers some payload (explosive or other) over relatively long distances.",,"http://www.ontologyrepository.com/CommonCoreOntologies/PortionOfAmmunition",,,
"http://www.ontologyrepository.com/CommonCoreOntologies/PredictiveInformationContentEntity",CCO-S,1.7.0,,UNCLASSIFIED,"Predictive Information Content Entity","A Descriptive Information Content Entity that describes an uncertain future event.",,"http://www.ontologyrepository.com/CommonCoreOntologies/DescriptiveInformationContentEntity",,,
"http://www.ontologyrepository.com/CommonCoreOntologies/ProjectileLauncher",CCO-S,1.7.0,,UNCLASSIFIED,"Projectile Launcher","A Weapon that is designed to inflict damage or harm by means of launching a high-velocity projectile at a target.",,"http://www.ontologyrepository.com/CommonCoreOntologies/Weapon",,,
"http://www.ontologyrepository.com/CommonCoreOntologies/Province",CCO-S,1.7.0,,UNCLASSIFIED,"Province",,,"http://www.ontologyrepository.com/CommonCoreOntologies/FirstOrderAdministrativeRegion",,,
"http://www.ontologyrepository.com/CommonCoreOntologies/RadioCommunicationArtifactFunction",CCO-S,1.7.0,,UNCLASSIFIED,"Radio Communication Artifact Function",,,"http://www.ontologyrepository.com/CommonCoreOntologies/ElectromagneticCommunicationArtifactFunction",,,
"http://www.ontologyrepository.com/CommonCoreOntologies/RadioCommunicationInstrument",CCO-S,1.7.0,,UNCLASSIFIED,"Radio Communication Instrument","A Communication Instrument that is designed to enable communication between two or more entities via the use of radio waves.",,"http://www.ontologyrepository.com/CommonCoreOntologies/CommunicationInstrument",,,
"http://www.ontologyrepository.com/CommonCoreOntologies/RatioMeasurementInformationContentEntity",CCO-S,1.7.0,,UNCLASSIFIED,"Ratio Measurement Information Content Entity",,,"http://www.ontologyrepository.com/CommonCoreOntologies/MeasurementInformationContentEntity",,,
"http://www.ontologyrepository.com/CommonCoreOntologies/ReferenceSystem",CCO-S,1.7.0,,UNCLASSIFIED,"Reference System",,,"http://www.ontologyrepository.com/CommonCoreOntologies/DescriptiveInformationContentEntity",,,
"http://www.ontologyrepository.com/CommonCoreOntologies/RepresentationalInformationContentEntity",CCO-S,1.7.0,,UNCLASSIFIED,"Representational Information Content Entity",,,"http://www.ontologyrepository.com/CommonCoreOntologies/DescriptiveInformationContentEntity",,,
"http://www.ontologyrepository.com/CommonCoreOntologies/RocketLauncher",CCO-S,1.7.0,,UNCLASSIFIED,"Rocket Launcher","A Projectile Launcher that is designed to launch one or more Unguided Rockets.",,"http://www.ontologyrepository.com/CommonCoreOntologies/ProjectileLauncher",,,
"http://www.ontologyrepository.com/CommonCoreOntologies/Sensor",CCO-S,1.7.0,,UNCLASSIFIED,"Sensor","A Transducer that is designed to convert incoming energy into a output signal which reliably corresponds to changes in that energy.",,"http://www.ontologyrepository.com/CommonCoreOntologies/Transducer",,,
"http://www.ontologyrepository.com/CommonCoreOntologies/SocialAct",CCO-S,1.7.0,,UNCLASSIFIED,"Social Act",,,"http://www.ontologyrepository.com/CommonCoreOntologies/IntentionalAct",,,
"http://www.ontologyrepository.com/CommonCoreOntologies/Spacecraft",CCO-S,1.7.0,,UNCLASSIFIED,"Spacecraft",,,"http://www.ontologyrepository.com/CommonCoreOntologies/Vehicle",,,
"http://www.ontologyrepository.com/CommonCoreOntologies/SpatialReferenceSystem",CCO-S,1.7.0,,UNCLASSIFIED,"Spatial Reference System",,,"http://www.ontologyrepository.com/CommonCoreOntologies/ReferenceSystem",,,
"http://www.ontologyrepository.com/CommonCoreOntologies/Stasis",CCO-S,1.7.0,,UNCLASSIFIED,"Stasis",,,"http://purl.obolibrary.org/obo/BFO_0000015",,,
"http://www.ontologyrepository.com/CommonCoreOntologies/StasisOfMissionCapability",CCO-S,1.7.0,,UNCLASSIFIED,"Stasis of Mission Capability",,,"http://www.ontologyrepository.com/CommonCoreOntologies/StasisOfRealizableEntity",,,
"http://www.ontologyrepository.com/CommonCoreOntologies/StasisOfRealizableEntity",CCO-S,1.7.0,,UNCLASSIFIED,"Stasis of Realizable Entity",,,"http://www.ontologyrepository.com/CommonCoreOntologies/StasisOfSpecificallyDependentContinuant",,,
"http://www.ontologyrepository.com/CommonCoreOntologies/StasisOfSpecificallyDependentContinuant",CCO-S,1.7.0,,UNCLASSIFIED,"Stasis of Specifically Dependent Continuant",,,"http://www.ontologyrepository.com/CommonCoreOntologies/Stasis",,,
"http://www.ontologyrepository.com/CommonCoreOntologies/State",CCO-S,1.7.0,,UNCLASSIFIED,"Constituent State",,,"http://www.ontologyrepository.com/CommonCoreOntologies/FirstOrderAdministrativeRegion",,,
"http://www.ontologyrepository.com/CommonCoreOntologies/Torpedo",CCO-S,1.7.0,,UNCLASSIFIED,"Torpedo","A Precision-Guided Missile that is designed to be fired into a body of water, be self-propelled through the water, and carry an explosive payload.",,"http://www.ontologyrepository.com/CommonCoreOntologies/PrecisionGuidedMissile",,,
"http://www.ontologyrepository.com/CommonCoreOntologies/Transducer",CCO-S,1.7.0,,UNCLASSIFIED,"Transducer","A Material Artifact that is designed to convert one form of energy to another.",,"http://www.ontologyrepository.com/CommonCoreOntologies/Artifact",,,
"http://www.ontologyrepository.com/CommonCoreOntologies/TransportationArtifact",CCO-S,1.7.0,,UNCLASSIFIED,"Transportation Artifact","A Material Artifact that is fixed in place and designed to bear a Function, the realization of which is sometimes part of a process moving Vehicles and Agents from one location to another.",,"http://www.ontologyrepository.com/CommonCoreOntologies/Artifact",,,
"http://www.ontologyrepository.com/CommonCoreOntologies/Truck",CCO-S,1.7.0,,UNCLASSIFIED,"Truck","A Ground Motor Vehicle that is designed to be used to transport cargo.",,"http://www.ontologyrepository.com/CommonCoreOntologies/GroundMotorVehicle",,,
"http://www.ontologyrepository.com/CommonCoreOntologies/UnintentionalAct",CCO-S,1.7.0,,UNCLASSIFIED,"UnplannedlAct",,,"http://www.ontologyrepository.com/CommonCoreOntologies/Act",,,
"http://www.ontologyrepository.com/CommonCoreOntologies/Vehicle",CCO-S,1.7.0,,UNCLASSIFIED,"Vehicle",,,"http://www.ontologyrepository.com/CommonCoreOntologies/Artifact",,,
"http://www.ontologyrepository.com/CommonCoreOntologies/Village",CCO-S,1.7.0,,UNCLASSIFIED,"Village",,,"http://www.ontologyrepository.com/CommonCoreOntologies/LocalAdministrativeRegion",,,
"http://www.ontologyrepository.com/CommonCoreOntologies/Vulnerability",CCO-S,1.7.0,,UNCLASSIFIED,"Vulnerability",,,"http://www.ontologyrepository.com/CommonCoreOntologies/DisruptingDisposition",,,
"http://www.ontologyrepository.com/CommonCoreOntologies/Watercraft",CCO-S,1.7.0,,UNCLASSIFIED,"Watercraft",,,"http://www.ontologyrepository.com/CommonCoreOntologies/Vehicle",,,
"http://www.ontologyrepository.com/CommonCoreOntologies/Weapon",CCO-S,1.7.0,,UNCLASSIFIED,"Weapon",,,"http://www.ontologyrepository.com/CommonCoreOntologies/Artifact",,,
"http://www.ontologyrepository.com/CommonCoreOntologies/WiredCommunicationArtifactFunction",CCO-S,1.7.0,,UNCLASSIFIED,"Wired Communication Artifact Function",,,"http://www.ontologyrepository.com/CommonCoreOntologies/CommunicationArtifactFunction",,,